# Blender 4.4.0
# www.blender.org
mtllib hydrogen.mtl
o hydrogen
v -2.782318 2.900551 7.294506
v -2.762307 2.975233 7.294506
v -2.707636 3.029906 7.294506
v -2.632953 3.049917 7.294506
v -2.558270 3.029906 7.294506
v -2.503599 2.975233 7.294506
v -2.483588 2.900551 7.294506
v -2.503599 2.825869 7.294506
v -2.558270 2.771197 7.294506
v -2.632953 2.751187 7.294506
v -2.707636 2.771197 7.294506
v -2.762307 2.825869 7.294506
v -2.767968 2.900551 7.440205
v -2.748342 2.975233 7.436301
v -2.694721 3.029906 7.425635
v -2.621473 3.049917 7.411065
v -2.548225 3.029906 7.396495
v -2.494604 2.975233 7.385829
v -2.474977 2.900551 7.381926
v -2.494604 2.825869 7.385829
v -2.548225 2.771197 7.396495
v -2.621473 2.751187 7.411065
v -2.694721 2.771197 7.425635
v -2.748342 2.825869 7.436301
v -2.725470 2.900551 7.580304
v -2.706982 2.975233 7.572646
v -2.656472 3.029906 7.551724
v -2.587474 3.049917 7.523145
v -2.518476 3.029906 7.494565
v -2.467966 2.975233 7.473643
v -2.449478 2.900551 7.465985
v -2.467966 2.825869 7.473643
v -2.518476 2.771197 7.494565
v -2.587474 2.751187 7.523145
v -2.656472 2.771197 7.551724
v -2.706982 2.825869 7.572646
v -2.656455 2.900551 7.709421
v -2.639817 2.975233 7.698303
v -2.594359 3.029906 7.667930
v -2.532262 3.049917 7.626438
v -2.470166 3.029906 7.584947
v -2.424708 2.975233 7.554573
v -2.408070 2.900551 7.543455
v -2.424708 2.825869 7.554573
v -2.470166 2.771197 7.584947
v -2.532262 2.751187 7.626438
v -2.594359 2.771197 7.667930
v -2.639817 2.825869 7.698303
v -2.563578 2.900551 7.822593
v -2.549428 2.975233 7.808443
v -2.510769 3.029906 7.769784
v -2.457960 3.049917 7.716975
v -2.405152 3.029906 7.664166
v -2.366493 2.975233 7.625508
v -2.352343 2.900551 7.611358
v -2.366493 2.825869 7.625508
v -2.405152 2.771197 7.664166
v -2.457960 2.751187 7.716975
v -2.510769 2.771197 7.769784
v -2.549428 2.825869 7.808443
v -2.450406 2.900551 7.915470
v -2.439288 2.975233 7.898831
v -2.408915 3.029906 7.853374
v -2.367423 3.049917 7.791277
v -2.325932 3.029906 7.729181
v -2.295558 2.975233 7.683723
v -2.284440 2.900551 7.667085
v -2.295558 2.825869 7.683723
v -2.325932 2.771197 7.729181
v -2.367423 2.751187 7.791277
v -2.408915 2.771197 7.853374
v -2.439288 2.825869 7.898831
v -2.321290 2.900551 7.984484
v -2.313632 2.975233 7.965996
v -2.292710 3.029906 7.915486
v -2.264130 3.049917 7.846488
v -2.235550 3.029906 7.777491
v -2.214628 2.975233 7.726981
v -2.206970 2.900551 7.708493
v -2.214628 2.825869 7.726981
v -2.235550 2.771197 7.777491
v -2.264130 2.751187 7.846488
v -2.292710 2.771197 7.915486
v -2.313632 2.825869 7.965996
v -2.181190 2.900551 8.026983
v -2.177286 2.975233 8.007357
v -2.166620 3.029906 7.953735
v -2.152050 3.049917 7.880488
v -2.137480 3.029906 7.807240
v -2.126815 2.975233 7.753619
v -2.122910 2.900551 7.733992
v -2.126815 2.825869 7.753619
v -2.137480 2.771197 7.807240
v -2.152050 2.751187 7.880488
v -2.166620 2.771197 7.953735
v -2.177286 2.825869 8.007357
v -1.110164 2.900551 8.041333
v -1.110164 2.975233 8.021322
v -1.110164 2.771197 7.817285
v -1.110164 2.751187 7.891968
v -1.110164 2.825869 8.021322
v -1.110164 3.029906 7.966650
v -1.110164 2.771197 7.966650
v -1.110164 3.049917 7.891968
v -1.110164 3.029906 7.817285
v -1.110164 2.975233 7.762613
v -1.110164 2.900551 7.742602
v -1.110164 2.825869 7.762613
v -2.035491 2.825869 7.762613
v -2.035491 2.900551 7.742602
v -2.035491 2.975233 7.762613
v -2.035491 3.029906 7.817285
v -2.035491 3.049917 7.891968
v -2.035491 2.771197 7.966650
v -2.035491 3.029906 7.966650
v -2.035491 2.825869 8.021322
v -2.035491 2.751187 7.891968
v -2.035491 2.771197 7.817285
v -2.035491 2.975233 8.021322
v -2.035491 2.900551 8.041333
v 0.569640 2.900551 7.294506
v 0.549629 2.975233 7.294506
v 0.494957 3.029906 7.294506
v 0.420274 3.049917 7.294506
v 0.345592 3.029906 7.294506
v 0.290920 2.975233 7.294506
v 0.270909 2.900551 7.294506
v 0.290920 2.825869 7.294506
v 0.345592 2.771197 7.294506
v 0.420274 2.751187 7.294506
v 0.494957 2.771197 7.294506
v 0.549629 2.825869 7.294506
v 0.555290 2.900551 7.440205
v 0.535663 2.975233 7.436301
v 0.482042 3.029906 7.425635
v 0.408794 3.049917 7.411065
v 0.335547 3.029906 7.396495
v 0.281926 2.975233 7.385829
v 0.262299 2.900551 7.381926
v 0.281926 2.825869 7.385829
v 0.335547 2.771197 7.396495
v 0.408794 2.751187 7.411065
v 0.482042 2.771197 7.425635
v 0.535663 2.825869 7.436301
v 0.512791 2.900551 7.580304
v 0.494303 2.975233 7.572646
v 0.443793 3.029906 7.551724
v 0.374795 3.049917 7.523145
v 0.305798 3.029906 7.494565
v 0.255288 2.975233 7.473643
v 0.236800 2.900551 7.465985
v 0.255288 2.825869 7.473643
v 0.305798 2.771197 7.494565
v 0.374795 2.751187 7.523145
v 0.443793 2.771197 7.551724
v 0.494303 2.825869 7.572646
v 0.443777 2.900551 7.709421
v 0.427138 2.975233 7.698303
v 0.381680 3.029906 7.667930
v 0.319584 3.049917 7.626438
v 0.257488 3.029906 7.584947
v 0.212030 2.975233 7.554573
v 0.195391 2.900551 7.543455
v 0.212030 2.825869 7.554573
v 0.257488 2.771197 7.584947
v 0.319584 2.751187 7.626438
v 0.381680 2.771197 7.667930
v 0.427138 2.825869 7.698303
v 0.350899 2.900551 7.822593
v 0.336749 2.975233 7.808443
v 0.298091 3.029906 7.769784
v 0.245282 3.049917 7.716975
v 0.192473 3.029906 7.664166
v 0.153815 2.975233 7.625508
v 0.139665 2.900551 7.611358
v 0.153815 2.825869 7.625508
v 0.192473 2.771197 7.664166
v 0.245282 2.751187 7.716975
v 0.298091 2.771197 7.769784
v 0.336749 2.825869 7.808443
v 0.237728 2.900551 7.915470
v 0.226610 2.975233 7.898831
v 0.196236 3.029906 7.853374
v 0.154745 3.049917 7.791277
v 0.113253 3.029906 7.729181
v 0.082879 2.975233 7.683723
v 0.071762 2.900551 7.667085
v 0.082879 2.825869 7.683723
v 0.113253 2.771197 7.729181
v 0.154745 2.751187 7.791277
v 0.196236 2.771197 7.853374
v 0.226610 2.825869 7.898831
v 0.108611 2.900551 7.984484
v 0.100953 2.975233 7.965996
v 0.080031 3.029906 7.915486
v 0.051452 3.049917 7.846488
v 0.022872 3.029906 7.777491
v 0.001950 2.975233 7.726981
v -0.005708 2.900551 7.708493
v 0.001950 2.825869 7.726981
v 0.022872 2.771197 7.777491
v 0.051452 2.751187 7.846488
v 0.080031 2.771197 7.915486
v 0.100953 2.825869 7.965996
v -0.031488 2.900551 8.026983
v -0.035392 2.975233 8.007357
v -0.046058 3.029906 7.953735
v -0.060628 3.049917 7.880488
v -0.075198 3.029906 7.807240
v -0.085864 2.975233 7.753619
v -0.089768 2.900551 7.733992
v -0.085864 2.825869 7.753619
v -0.075198 2.771197 7.807240
v -0.060628 2.751187 7.880488
v -0.046058 2.771197 7.953735
v -0.035392 2.825869 8.007357
v -0.177187 2.825869 7.762613
v -0.177187 2.900551 7.742602
v -0.177187 2.975233 7.762613
v -0.177187 3.029906 7.817285
v -0.177187 3.049917 7.891968
v -0.177187 2.771197 7.966650
v -0.177187 3.029906 7.966650
v -0.177187 2.825869 8.021322
v -0.177187 2.751187 7.891968
v -0.177187 2.771197 7.817285
v -0.177187 2.975233 8.021322
v -0.177187 2.900551 8.041333
v -2.782318 2.900551 7.262634
v -2.762307 2.975233 7.262634
v -2.707636 3.029906 7.262634
v -2.632953 3.049917 7.262634
v -2.558270 3.029906 7.262634
v -2.503599 2.975233 7.262634
v -2.483588 2.900551 7.262634
v -2.503599 2.825869 7.262634
v -2.558270 2.771197 7.262634
v -2.632953 2.751187 7.262634
v -2.707636 2.771197 7.262634
v -2.762307 2.825869 7.262634
v 0.569640 2.900551 7.262634
v 0.549629 2.975233 7.262634
v 0.494957 3.029906 7.262634
v 0.420274 3.049917 7.262634
v 0.345592 3.029906 7.262634
v 0.290920 2.975233 7.262634
v 0.270909 2.900551 7.262634
v 0.290920 2.825869 7.262634
v 0.345592 2.771197 7.262634
v 0.420274 2.751187 7.262634
v 0.494957 2.771197 7.262634
v 0.549629 2.825869 7.262634
v -2.857001 2.900551 7.256704
v -2.826984 3.012573 7.256704
v -2.744977 3.094582 7.256704
v -2.632952 3.124600 7.256704
v -2.520928 3.094582 7.256704
v -2.438921 3.012573 7.256704
v -2.408904 2.900551 7.256704
v -2.438921 2.788527 7.256704
v -2.520928 2.706518 7.256704
v -2.632952 2.676504 7.256704
v -2.744977 2.706518 7.256704
v -2.826984 2.788527 7.256704
v 0.644323 2.900551 7.256704
v 0.614306 3.012573 7.256704
v 0.532299 3.094582 7.256704
v 0.420275 3.124600 7.256704
v 0.308251 3.094582 7.256704
v 0.226244 3.012573 7.256704
v 0.196227 2.900551 7.256704
v 0.226244 2.788527 7.256704
v 0.308251 2.706518 7.256704
v 0.420275 2.676504 7.256704
v 0.532299 2.706518 7.256704
v 0.614306 2.788527 7.256704
v -2.857001 2.900549 7.076694
v -2.826984 3.012573 7.076694
v -2.744977 3.094582 7.076694
v -2.632952 3.124600 7.076694
v -2.520928 3.094582 7.076694
v -2.438921 3.012573 7.076694
v -2.408904 2.900549 7.076694
v -2.438921 2.788527 7.076694
v -2.520928 2.706518 7.076694
v -2.632952 2.676504 7.076694
v -2.744977 2.706518 7.076694
v -2.826984 2.788527 7.076694
v 0.644323 2.900549 7.076694
v 0.614306 3.012573 7.076694
v 0.532299 3.094582 7.076694
v 0.420275 3.124600 7.076694
v 0.308251 3.094582 7.076694
v 0.226244 3.012573 7.076694
v 0.196227 2.900549 7.076694
v 0.226244 2.788527 7.076694
v 0.308251 2.706518 7.076694
v 0.420275 2.676504 7.076694
v 0.532299 2.706518 7.076694
v 0.614306 2.788527 7.076694
v -2.635898 2.509563 7.072219
v -2.635898 2.188532 6.857713
v -2.635898 1.974026 6.536682
v -2.635898 1.898701 6.158000
v -1.831501 2.083849 0.000003
v -1.498310 2.888245 0.000003
v -2.903666 2.620476 7.072219
v -3.130670 2.393473 6.857713
v -3.282349 2.241794 6.536682
v -3.335611 2.188532 6.158000
v -1.831501 3.692642 -0.000000
v -2.635898 4.025836 -0.000000
v -3.440295 3.692645 -0.000000
v -3.014580 2.888245 7.072219
v -3.335611 2.888245 6.857713
v -3.550117 2.888245 6.536682
v -3.625442 2.888245 6.158000
v -3.773486 2.888245 0.000003
v -3.440295 2.083848 0.000003
v -2.635898 1.750656 0.000003
v -2.903666 3.156014 7.072219
v -3.130670 3.383017 6.857713
v -3.282349 3.534695 6.536682
v -3.335611 3.587958 6.158000
v -2.635898 1.750656 0.235435
v -3.440295 2.083848 0.235435
v -3.773486 2.888245 0.235435
v -2.635898 3.266928 7.072219
v -2.635898 3.587958 6.857714
v -2.635898 3.802464 6.536682
v -2.635898 3.877789 6.158000
v -3.440295 3.692642 0.235435
v -2.635898 4.025833 0.235435
v -1.831501 3.692642 0.235435
v -2.635898 2.888245 7.147544
v -2.368129 3.156014 7.072219
v -2.141126 3.383017 6.857713
v -1.989447 3.534695 6.536682
v -1.936185 3.587958 6.158000
v -1.498310 2.888245 0.235435
v -1.831501 2.083849 0.235435
v -1.936185 2.188532 0.235435
v -2.257216 2.888245 7.072219
v -1.936185 2.888245 6.857713
v -1.721679 2.888245 6.536682
v -1.646354 2.888245 6.158000
v -1.646354 2.888245 0.235435
v -1.936185 3.587957 0.235435
v -2.635898 3.877789 0.235435
v -3.335611 3.587957 0.235435
v -2.368129 2.620476 7.072219
v -2.141126 2.393473 6.857713
v -1.989447 2.241795 6.536682
v -1.936185 2.188532 6.158000
v -3.625442 2.888245 0.235435
v -3.335611 2.188532 0.235435
v -2.635898 1.898701 0.235435
v 0.423435 2.509563 7.072219
v 0.423435 2.188532 6.857713
v 0.423435 1.974026 6.536682
v 0.423435 1.898701 6.158000
v 1.227831 2.083849 0.000003
v 1.561023 2.888245 0.000003
v 0.155666 2.620476 7.072219
v -0.071337 2.393473 6.857713
v -0.223016 2.241794 6.536682
v -0.276278 2.188532 6.158000
v 1.227831 3.692642 0.000003
v 0.423435 4.025833 -0.000000
v -0.380962 3.692642 -0.000000
v 0.044753 2.888245 7.072219
v -0.276278 2.888245 6.857713
v -0.490785 2.888245 6.536682
v -0.566109 2.888245 6.158000
v -0.714154 2.888245 0.000003
v -0.380962 2.083848 0.000003
v 0.423435 1.750656 0.000003
v 0.155666 3.156014 7.072219
v -0.071337 3.383017 6.857713
v -0.223016 3.534695 6.536682
v -0.276278 3.587958 6.158000
v 0.423435 1.750656 0.235435
v -0.380962 2.083848 0.235435
v -0.714154 2.888245 0.235435
v 0.423435 3.266928 7.072219
v 0.423435 3.587958 6.857714
v 0.423435 3.802464 6.536682
v 0.423435 3.877789 6.158000
v -0.380962 3.692642 0.235435
v 0.423435 4.025833 0.235435
v 1.227831 3.692642 0.235435
v 0.423435 2.888245 7.147544
v 0.691203 3.156014 7.072219
v 0.918206 3.383017 6.857713
v 1.069885 3.534695 6.536682
v 1.123147 3.587958 6.158000
v 1.561023 2.888245 0.235435
v 1.227831 2.083849 0.235435
v 1.123147 2.188532 0.235435
v 0.802117 2.888245 7.072219
v 1.123147 2.888245 6.857713
v 1.337654 2.888245 6.536682
v 1.412978 2.888245 6.158000
v 1.412978 2.888245 0.235435
v 1.123147 3.587957 0.235435
v 0.423435 3.877789 0.235435
v -0.276278 3.587957 0.235435
v 0.691203 2.620476 7.072219
v 0.918206 2.393473 6.857713
v 1.069885 2.241795 6.536682
v 1.123147 2.188532 6.158000
v -0.566109 2.888245 0.235435
v -0.276278 2.188532 0.235435
v 0.423435 1.898701 0.235435
v 6.811475 2.168328 -0.165123
v 6.811475 2.168328 0.229236
v 6.811475 -1.622727 -0.165123
v 6.811475 -1.622727 0.229236
v 3.155133 2.168328 -0.165123
v 3.155133 2.168328 0.229236
v 3.155133 -1.622727 -0.165123
v 3.155133 -1.622727 0.229236
v 4.114532 -0.528184 0.118579
v 4.384192 -0.528184 1.715042
v 4.114532 -0.895371 0.118578
v 4.384192 -0.895372 1.715041
v 3.728296 -0.528184 0.118579
v 3.997955 -0.528184 1.715042
v 3.728296 -0.895371 0.118578
v 3.997955 -0.895372 1.715041
v 4.114532 1.518182 0.118579
v 4.384192 1.518182 1.715041
v 4.114532 1.150995 0.118579
v 4.384192 1.150995 1.715041
v 3.728296 1.518182 0.118579
v 3.997955 1.518182 1.715041
v 3.728296 1.150995 0.118579
v 3.997955 1.150995 1.715041
v 5.690018 -0.874463 0.118579
v 5.420358 -0.874464 1.715042
v 5.690018 -0.507276 0.118579
v 5.420358 -0.507276 1.715042
v 6.076254 -0.874463 0.118579
v 5.806595 -0.874464 1.715042
v 6.076254 -0.507276 0.118579
v 5.806595 -0.507276 1.715042
v 5.690018 1.171905 0.118579
v 5.420358 1.171905 1.715041
v 5.690018 1.539092 0.118579
v 5.420358 1.539092 1.715041
v 6.076254 1.171905 0.118579
v 5.806595 1.171905 1.715041
v 6.076254 1.539092 0.118579
v 5.806595 1.539092 1.715041
v 2.033761 1.065275 0.000896
v 1.777980 0.764014 2.932307
v 2.033761 -2.627829 0.000896
v 2.033761 -2.627828 2.932306
v -2.130894 1.065275 0.000896
v -1.875113 0.764014 2.932307
v -2.130894 -2.627829 0.000896
v -2.130894 -2.627828 2.932306
v -2.130894 1.065275 0.314975
v -2.130894 -2.627829 0.314975
v 2.033761 -2.627829 0.314975
v 2.033761 1.065275 0.314975
v 2.033761 1.065275 2.932307
v -1.875113 -2.326566 2.932306
v 1.777980 -2.326566 2.932306
v -2.130894 1.065275 2.932307
v 1.777980 -2.326567 2.694253
v -1.875113 -2.326567 2.694253
v 1.777980 0.764014 2.694253
v -1.875113 0.764014 2.694253
v 2.149396 -2.730370 0.000896
v 2.149396 1.167816 0.000896
v 2.149396 -2.730370 0.314975
v -2.246528 -2.730370 0.000896
v -2.246528 -2.730370 0.314975
v -2.246528 1.167816 0.000896
v -2.246528 1.167816 0.314975
v 2.149396 1.167816 0.314975
v -1.106492 -4.117049 0.304902
v -1.224465 -4.085439 0.304902
v -1.310829 -3.999076 0.304902
v -1.342441 -3.881103 0.304902
v -1.310829 -3.763128 0.304902
v -1.224465 -3.676765 0.304902
v -1.106492 -3.645155 0.304902
v -0.988519 -3.676765 0.304902
v -0.902155 -3.763128 0.304902
v -0.870546 -3.881103 0.304902
v -0.902155 -3.999076 0.304902
v -0.988519 -4.085439 0.304902
v -1.106492 -4.094381 0.535057
v -1.224465 -4.063377 0.528890
v -1.310829 -3.978674 0.512042
v -1.342441 -3.862967 0.489026
v -1.310829 -3.747260 0.466010
v -1.224465 -3.662558 0.449162
v -1.106492 -3.631554 0.442995
v -0.988519 -3.662558 0.449162
v -0.902155 -3.747260 0.466010
v -0.870546 -3.862967 0.489026
v -0.902155 -3.978674 0.512042
v -0.988519 -4.063377 0.528890
v -1.106492 -4.027247 0.756368
v -1.224465 -3.998043 0.744271
v -1.310829 -3.918254 0.711221
v -1.342441 -3.809260 0.666074
v -1.310829 -3.700267 0.620928
v -1.224465 -3.620479 0.587878
v -1.106492 -3.591273 0.575781
v -0.988519 -3.620478 0.587878
v -0.902155 -3.700267 0.620928
v -0.870546 -3.809260 0.666074
v -0.902155 -3.918254 0.711221
v -0.988519 -3.998043 0.744271
v -1.106492 -3.918228 0.960329
v -1.224465 -3.891945 0.942767
v -1.310829 -3.820136 0.894786
v -1.342441 -3.722045 0.829243
v -1.310829 -3.623953 0.763701
v -1.224465 -3.552145 0.715720
v -1.106492 -3.525862 0.698158
v -0.988519 -3.552145 0.715720
v -0.902155 -3.623953 0.763701
v -0.870546 -3.722045 0.829243
v -0.902155 -3.820136 0.894786
v -0.988519 -3.891945 0.942767
v -1.106492 -3.771513 1.139102
v -1.224465 -3.749160 1.116750
v -1.310829 -3.688092 1.055682
v -1.342441 -3.604672 0.972262
v -1.310829 -3.521253 0.888842
v -1.224465 -3.460184 0.827774
v -1.106492 -3.437833 0.805422
v -0.988519 -3.460184 0.827774
v -0.902155 -3.521253 0.888842
v -0.870546 -3.604672 0.972262
v -0.902155 -3.688092 1.055682
v -0.988519 -3.749160 1.116750
v -1.106492 -3.592739 1.285818
v -1.224465 -3.575177 1.259534
v -1.310829 -3.527197 1.187726
v -1.342441 -3.461654 1.089634
v -1.310829 -3.396111 0.991543
v -1.224465 -3.348130 0.919735
v -1.106492 -3.330568 0.893451
v -0.988519 -3.348130 0.919735
v -0.902155 -3.396111 0.991543
v -0.870546 -3.461654 1.089634
v -0.902155 -3.527197 1.187726
v -0.988519 -3.575177 1.259534
v -1.106492 -3.388779 1.394837
v -1.224465 -3.376681 1.365632
v -1.310829 -3.343632 1.285843
v -1.342441 -3.298485 1.176850
v -1.310829 -3.253339 1.067856
v -1.224465 -3.220289 0.988068
v -1.106492 -3.208192 0.958863
v -0.988519 -3.220289 0.988068
v -0.902155 -3.253339 1.067856
v -0.870546 -3.298485 1.176850
v -0.902155 -3.343632 1.285843
v -0.988519 -3.376681 1.365632
v -1.106492 -3.167468 1.461971
v -1.224465 -3.161301 1.430967
v -1.310829 -3.144452 1.346264
v -1.342441 -3.121437 1.230557
v -1.310829 -3.098421 1.114850
v -1.224465 -3.081573 1.030147
v -1.106492 -3.075405 0.999143
v -0.988519 -3.081573 1.030147
v -0.902155 -3.098421 1.114850
v -0.870546 -3.121437 1.230557
v -0.902155 -3.144452 1.346264
v -0.988519 -3.161301 1.430967
v -1.106492 -2.587954 1.484640
v -1.224465 -2.587954 1.453029
v -0.902155 -2.587954 1.130718
v -0.870546 -2.587954 1.248692
v -0.988519 -2.587954 1.453029
v -1.310829 -2.587954 1.366666
v -0.902155 -2.587954 1.366666
v -1.342441 -2.587954 1.248692
v -1.310829 -2.587954 1.130718
v -1.224465 -2.587954 1.044355
v -1.106492 -2.587954 1.012744
v -0.988519 -2.587954 1.044355
v -0.988519 -2.937312 1.044355
v -1.106492 -2.937312 1.012744
v -1.224465 -2.937312 1.044355
v -1.310829 -2.937312 1.130718
v -1.342441 -2.937312 1.248692
v -0.902155 -2.937312 1.366665
v -1.310829 -2.937312 1.366665
v -0.988519 -2.937312 1.453028
v -0.870546 -2.937312 1.248692
v -0.902155 -2.937312 1.130718
v -1.224465 -2.937312 1.453028
v -1.106492 -2.937312 1.484639
v -1.106492 -4.117049 0.254555
v -1.224465 -4.085439 0.254555
v -1.310829 -3.999076 0.254555
v -1.342441 -3.881103 0.254555
v -1.310829 -3.763128 0.254555
v -1.224465 -3.676765 0.254555
v -1.106492 -3.645155 0.254555
v -0.988519 -3.676765 0.254555
v -0.902155 -3.763128 0.254555
v -0.870546 -3.881103 0.254555
v -0.902155 -3.999076 0.254555
v -0.988519 -4.085439 0.254555
v -1.106492 -4.235023 0.245188
v -1.283450 -4.187606 0.245188
v -1.412996 -4.058062 0.245188
v -1.460414 -3.881102 0.245188
v -1.412996 -3.704141 0.245188
v -1.283450 -3.574596 0.245188
v -1.106492 -3.527180 0.245188
v -0.929531 -3.574596 0.245188
v -0.799985 -3.704141 0.245188
v -0.752573 -3.881102 0.245188
v -0.799985 -4.058062 0.245188
v -0.929531 -4.187606 0.245188
v -1.106489 -4.235023 -0.039169
v -1.283450 -4.187606 -0.039169
v -1.412996 -4.058062 -0.039169
v -1.460414 -3.881102 -0.039169
v -1.412996 -3.704141 -0.039169
v -1.283450 -3.574596 -0.039169
v -1.106489 -3.527180 -0.039169
v -0.929531 -3.574596 -0.039169
v -0.799985 -3.704141 -0.039169
v -0.752573 -3.881102 -0.039169
v -0.799985 -4.058062 -0.039169
v -0.929531 -4.187606 -0.039169
v -0.058062 -4.117049 0.304902
v -0.176035 -4.085439 0.304902
v -0.262399 -3.999076 0.304902
v -0.294011 -3.881103 0.304902
v -0.262399 -3.763128 0.304902
v -0.176035 -3.676765 0.304902
v -0.058062 -3.645155 0.304902
v 0.059911 -3.676765 0.304902
v 0.146275 -3.763128 0.304902
v 0.177884 -3.881103 0.304902
v 0.146275 -3.999076 0.304902
v 0.059911 -4.085439 0.304902
v -0.058062 -4.094381 0.535057
v -0.176035 -4.063377 0.528890
v -0.262399 -3.978674 0.512042
v -0.294011 -3.862967 0.489026
v -0.262399 -3.747260 0.466010
v -0.176035 -3.662558 0.449162
v -0.058062 -3.631554 0.442995
v 0.059911 -3.662558 0.449162
v 0.146275 -3.747260 0.466010
v 0.177884 -3.862967 0.489026
v 0.146275 -3.978674 0.512042
v 0.059911 -4.063377 0.528890
v -0.058062 -4.027247 0.756368
v -0.176035 -3.998043 0.744271
v -0.262399 -3.918254 0.711221
v -0.294011 -3.809260 0.666074
v -0.262399 -3.700267 0.620928
v -0.176035 -3.620479 0.587878
v -0.058062 -3.591273 0.575781
v 0.059911 -3.620478 0.587878
v 0.146275 -3.700267 0.620928
v 0.177884 -3.809260 0.666074
v 0.146275 -3.918254 0.711221
v 0.059911 -3.998043 0.744271
v -0.058062 -3.918228 0.960329
v -0.176035 -3.891945 0.942767
v -0.262399 -3.820136 0.894786
v -0.294011 -3.722045 0.829243
v -0.262399 -3.623953 0.763701
v -0.176035 -3.552145 0.715720
v -0.058062 -3.525862 0.698158
v 0.059911 -3.552145 0.715720
v 0.146275 -3.623953 0.763701
v 0.177884 -3.722045 0.829243
v 0.146275 -3.820136 0.894786
v 0.059911 -3.891945 0.942767
v -0.058062 -3.771513 1.139102
v -0.176035 -3.749160 1.116750
v -0.262399 -3.688092 1.055682
v -0.294011 -3.604672 0.972262
v -0.262399 -3.521253 0.888842
v -0.176035 -3.460184 0.827774
v -0.058062 -3.437833 0.805422
v 0.059911 -3.460184 0.827774
v 0.146275 -3.521253 0.888842
v 0.177884 -3.604672 0.972262
v 0.146275 -3.688092 1.055682
v 0.059911 -3.749160 1.116750
v -0.058062 -3.592739 1.285818
v -0.176035 -3.575177 1.259534
v -0.262399 -3.527197 1.187726
v -0.294011 -3.461654 1.089634
v -0.262399 -3.396111 0.991543
v -0.176035 -3.348130 0.919735
v -0.058062 -3.330568 0.893451
v 0.059911 -3.348130 0.919735
v 0.146275 -3.396111 0.991543
v 0.177884 -3.461654 1.089634
v 0.146275 -3.527197 1.187726
v 0.059911 -3.575177 1.259534
v -0.058062 -3.388779 1.394837
v -0.176035 -3.376681 1.365632
v -0.262399 -3.343632 1.285843
v -0.294011 -3.298485 1.176850
v -0.262399 -3.253339 1.067856
v -0.176035 -3.220289 0.988068
v -0.058062 -3.208192 0.958863
v 0.059911 -3.220289 0.988068
v 0.146275 -3.253339 1.067856
v 0.177884 -3.298485 1.176850
v 0.146275 -3.343632 1.285843
v 0.059911 -3.376681 1.365632
v -0.058062 -3.167468 1.461971
v -0.176035 -3.161301 1.430967
v -0.262399 -3.144452 1.346264
v -0.294011 -3.121437 1.230557
v -0.262399 -3.098421 1.114850
v -0.176035 -3.081573 1.030147
v -0.058062 -3.075405 0.999143
v 0.059911 -3.081573 1.030147
v 0.146275 -3.098421 1.114850
v 0.177884 -3.121437 1.230557
v 0.146275 -3.144452 1.346264
v 0.059911 -3.161301 1.430967
v -0.058062 -2.587954 1.484640
v -0.176035 -2.587954 1.453029
v 0.146275 -2.587954 1.130718
v 0.177884 -2.587954 1.248692
v 0.059911 -2.587954 1.453029
v -0.262399 -2.587954 1.366666
v 0.146275 -2.587954 1.366666
v -0.294011 -2.587954 1.248692
v -0.262399 -2.587954 1.130718
v -0.176035 -2.587954 1.044355
v -0.058062 -2.587954 1.012744
v 0.059911 -2.587954 1.044355
v 0.059911 -2.937312 1.044355
v -0.058062 -2.937312 1.012744
v -0.176035 -2.937312 1.044355
v -0.262399 -2.937312 1.130718
v -0.294011 -2.937312 1.248692
v 0.146275 -2.937312 1.366665
v -0.262399 -2.937312 1.366665
v 0.059911 -2.937312 1.453028
v 0.177884 -2.937312 1.248692
v 0.146275 -2.937312 1.130718
v -0.176035 -2.937312 1.453028
v -0.058062 -2.937312 1.484639
v -0.058062 -4.117049 0.254555
v -0.176035 -4.085439 0.254555
v -0.262399 -3.999076 0.254555
v -0.294011 -3.881103 0.254555
v -0.262399 -3.763128 0.254555
v -0.176035 -3.676765 0.254555
v -0.058062 -3.645155 0.254555
v 0.059911 -3.676765 0.254555
v 0.146275 -3.763128 0.254555
v 0.177884 -3.881103 0.254555
v 0.146275 -3.999076 0.254555
v 0.059911 -4.085439 0.254555
v -0.058062 -4.235023 0.245188
v -0.235020 -4.187606 0.245188
v -0.364566 -4.058062 0.245188
v -0.411984 -3.881102 0.245188
v -0.364566 -3.704141 0.245188
v -0.235020 -3.574596 0.245188
v -0.058062 -3.527180 0.245188
v 0.118899 -3.574596 0.245188
v 0.248445 -3.704141 0.245188
v 0.295857 -3.881102 0.245188
v 0.248445 -4.058062 0.245188
v 0.118899 -4.187606 0.245188
v -0.058059 -4.235023 -0.039169
v -0.235020 -4.187606 -0.039169
v -0.364566 -4.058062 -0.039169
v -0.411984 -3.881102 -0.039169
v -0.364566 -3.704141 -0.039169
v -0.235020 -3.574596 -0.039169
v -0.058059 -3.527180 -0.039169
v 0.118899 -3.574596 -0.039169
v 0.248445 -3.704141 -0.039169
v 0.295857 -3.881102 -0.039169
v 0.248445 -4.058062 -0.039169
v 0.118899 -4.187606 -0.039169
v 4.843026 -1.288559 4.486050
v 4.843026 -1.774291 3.759102
v 4.843026 -1.774291 2.044113
v 4.843026 -0.561611 0.831434
v 4.514877 -0.496338 4.971782
v 4.236686 -1.167951 4.486050
v 4.050804 -1.616708 3.759102
v 3.985531 -1.774291 2.901608
v 4.050804 -1.616708 2.044113
v 4.236686 -1.167951 1.317165
v 4.514877 -0.496338 0.831434
v 4.236686 -0.310457 4.971782
v 3.722655 -0.824487 4.486050
v 3.379191 -1.167951 3.759102
v 3.258583 -1.288559 2.901608
v 3.379191 -1.167951 2.044113
v 3.722655 -0.824487 1.317165
v 4.236686 -0.310457 0.831434
v 4.050804 -0.032265 4.971782
v 3.379191 -0.310456 4.486050
v 2.930434 -0.496338 3.759102
v 2.772851 -0.561611 2.901608
v 2.930434 -0.496338 2.044113
v 3.379191 -0.310456 1.317165
v 4.050804 -0.032265 0.831434
v 3.985531 0.295884 4.971782
v 3.258583 0.295884 4.486050
v 2.772851 0.295884 3.759102
v 2.602285 0.295884 2.901608
v 2.772851 0.295884 2.044114
v 3.258583 0.295884 1.317165
v 3.985531 0.295884 0.831434
v 4.050804 0.624032 4.971782
v 3.379191 0.902224 4.486050
v 2.930434 1.088105 3.759102
v 2.772852 1.153378 2.901608
v 2.930434 1.088105 2.044114
v 3.379191 0.902224 1.317165
v 4.050804 0.624033 0.831434
v 4.236686 0.902224 4.971782
v 3.722655 1.416254 4.486050
v 3.379192 1.759718 3.759102
v 3.258583 1.880327 2.901608
v 3.379192 1.759718 2.044114
v 3.722655 1.416254 1.317165
v 4.236686 0.902224 0.831433
v 4.514877 1.088105 4.971782
v 4.236686 1.759718 4.486051
v 4.050805 2.208475 3.759102
v 3.985532 2.366058 2.901608
v 4.050805 2.208475 2.044114
v 4.236686 1.759718 1.317165
v 4.514877 1.088105 0.831433
v 4.843026 0.295884 5.142348
v 4.843026 1.153378 4.971782
v 4.843026 1.880326 4.486051
v 4.843026 2.366058 3.759102
v 4.843026 2.536624 2.901608
v 4.843026 2.366058 2.044114
v 4.843026 1.880326 1.317165
v 4.843026 1.153378 0.831433
v 5.171175 1.088105 4.971782
v 5.449366 1.759718 4.486051
v 5.635248 2.208475 3.759102
v 5.700521 2.366057 2.901608
v 5.635248 2.208475 2.044114
v 5.449366 1.759718 1.317165
v 5.171175 1.088105 0.831433
v 5.449366 0.902223 4.971782
v 5.963396 1.416253 4.486050
v 6.306860 1.759717 3.759102
v 6.427469 1.880326 2.901608
v 6.306860 1.759717 2.044114
v 5.963396 1.416253 1.317165
v 5.449366 0.902223 0.831433
v 4.843026 0.295884 0.660867
v 5.635247 0.624032 4.971782
v 6.306860 0.902223 4.486050
v 6.755617 1.088104 3.759102
v 6.913200 1.153377 2.901608
v 6.755617 1.088104 2.044114
v 6.306860 0.902223 1.317165
v 5.635247 0.624032 0.831434
v 5.700520 0.295883 4.971782
v 6.427468 0.295883 4.486050
v 6.913199 0.295883 3.759102
v 7.083766 0.295883 2.901608
v 6.913199 0.295883 2.044114
v 6.427468 0.295883 1.317165
v 5.700520 0.295883 0.831434
v 5.635247 -0.032266 4.971782
v 6.306859 -0.310457 4.486050
v 6.755616 -0.496338 3.759102
v 6.913199 -0.561612 2.901608
v 6.755616 -0.496338 2.044113
v 6.306859 -0.310457 1.317165
v 5.635247 -0.032266 0.831434
v 5.449366 -0.310457 4.971782
v 5.963395 -0.824487 4.486050
v 6.306859 -1.167951 3.759102
v 6.427467 -1.288560 2.901608
v 6.306859 -1.167951 2.044113
v 5.963395 -0.824487 1.317165
v 5.449365 -0.310457 0.831434
v 5.171174 -0.496338 4.971782
v 5.449365 -1.167951 4.486050
v 5.635246 -1.616708 3.759102
v 5.700519 -1.774291 2.901608
v 5.635246 -1.616708 2.044113
v 5.449365 -1.167951 1.317165
v 5.171174 -0.496338 0.831434
v 4.843025 -0.561611 4.971782
v 4.843024 -1.944857 2.901608
v 4.843025 -1.288559 1.317165
v 5.266375 -2.344350 3.481883
v 5.266762 -2.333827 3.500332
v 5.267922 -2.323606 3.518253
v 5.269855 -2.313686 3.535646
v 5.272562 -2.304066 3.552512
v 5.276042 -2.294748 3.568849
v 5.280295 -2.285731 3.584659
v 5.285321 -2.277014 3.599941
v 5.291121 -2.268599 3.614695
v 5.297695 -2.260485 3.628922
v 5.305041 -2.252672 3.642620
v 5.313161 -2.245159 3.655791
v 5.322054 -2.237948 3.668434
v 5.331693 -2.230949 3.680706
v 5.342050 -2.224073 3.692761
v 5.353125 -2.217321 3.704600
v 5.364918 -2.210691 3.716224
v 5.377429 -2.204185 3.727631
v 5.390658 -2.197801 3.738823
v 5.404606 -2.191541 3.749799
v 5.419271 -2.185404 3.760558
v 5.434655 -2.179390 3.771102
v 5.450757 -2.173500 3.781430
v 5.467576 -2.167732 3.791542
v 5.485114 -2.162088 3.801438
v 5.642208 -2.112828 3.887805
v 5.655106 -2.108620 3.895182
v 5.667286 -2.104536 3.902343
v 5.678748 -2.100574 3.909288
v 5.689491 -2.096736 3.916018
v 5.699517 -2.093021 3.922531
v 5.708824 -2.089429 3.928828
v 5.717413 -2.085960 3.934910
v 5.725285 -2.082615 3.940776
v 5.732438 -2.079392 3.946425
v 5.738873 -2.076293 3.951859
v 5.744590 -2.073317 3.957077
v 5.749589 -2.070464 3.962080
v 5.754035 -2.067631 3.967045
v 5.758096 -2.064717 3.972156
v 5.761769 -2.061720 3.977409
v 5.765056 -2.058641 3.982807
v 5.767955 -2.055481 3.988349
v 5.770469 -2.052238 3.994035
v 5.772595 -2.048913 3.999865
v 5.774335 -2.045506 4.005838
v 5.775689 -2.042016 4.011956
v 5.776655 -2.038445 4.018218
v 5.777235 -2.034791 4.024623
v 5.777429 -2.031056 4.031172
v 5.777429 -2.015293 4.058809
v 5.777111 -2.011078 4.066199
v 5.776158 -2.006973 4.073396
v 5.774570 -2.002978 4.080401
v 5.772346 -1.999092 4.087214
v 5.769488 -1.995315 4.093836
v 5.765995 -1.991648 4.100266
v 5.761866 -1.988090 4.106503
v 5.757101 -1.984642 4.112548
v 5.751702 -1.981303 4.118402
v 5.745667 -1.978074 4.124064
v 5.738997 -1.974954 4.129534
v 5.731692 -1.971944 4.134812
v 5.723780 -1.969111 4.139778
v 5.715287 -1.966525 4.144312
v 5.706214 -1.964185 4.148415
v 5.696561 -1.962092 4.152085
v 5.686329 -1.960245 4.155324
v 5.675516 -1.958644 4.158131
v 5.664124 -1.957289 4.160506
v 5.652151 -1.956181 4.162449
v 5.639598 -1.955319 4.163960
v 5.626465 -1.954703 4.165040
v 5.612753 -1.954333 4.165688
v 5.598460 -1.954210 4.165904
v 5.586598 -1.954282 4.165778
v 5.574874 -1.954498 4.165400
v 5.563288 -1.954857 4.164770
v 5.551840 -1.955360 4.163888
v 5.540530 -1.956006 4.162755
v 5.529359 -1.956796 4.161369
v 5.518325 -1.957730 4.159732
v 5.507430 -1.958808 4.157843
v 5.496672 -1.960029 4.155702
v 5.486053 -1.961394 4.153309
v 5.475572 -1.962903 4.150664
v 5.465229 -1.964555 4.147767
v 5.454885 -1.966371 4.144582
v 5.444404 -1.968373 4.141073
v 5.433785 -1.970559 4.137241
v 5.423028 -1.972929 4.133084
v 5.412132 -1.975484 4.128604
v 5.401098 -1.978225 4.123800
v 5.389926 -1.981149 4.118672
v 5.378617 -1.984259 4.113220
v 5.367169 -1.987553 4.107445
v 5.355583 -1.991032 4.101345
v 5.343859 -1.994696 4.094922
v 5.331997 -1.998545 4.088174
v 5.240524 -1.934506 4.200450
v 5.268944 -1.924908 4.217279
v 5.297860 -1.916143 4.232646
v 5.327274 -1.908214 4.246548
v 5.357185 -1.901119 4.258987
v 5.387593 -1.894859 4.269963
v 5.418498 -1.889433 4.279475
v 5.449900 -1.884843 4.287524
v 5.481800 -1.881086 4.294109
v 5.514196 -1.878165 4.299232
v 5.547090 -1.876078 4.302890
v 5.580481 -1.874826 4.305085
v 5.614368 -1.874409 4.305817
v 5.633701 -1.874536 4.305595
v 5.652593 -1.874915 4.304929
v 5.671042 -1.875548 4.303820
v 5.689049 -1.876434 4.302266
v 5.706614 -1.877573 4.300269
v 5.723738 -1.878965 4.297828
v 5.740420 -1.880611 4.294943
v 5.756660 -1.882509 4.291615
v 5.772457 -1.884661 4.287842
v 5.787813 -1.887066 4.283626
v 5.802727 -1.889724 4.278965
v 5.817199 -1.892635 4.273861
v 5.831160 -1.895762 4.268380
v 5.844542 -1.899066 4.262586
v 5.857343 -1.902549 4.256480
v 5.869564 -1.906209 4.250062
v 5.881205 -1.910047 4.243333
v 5.892266 -1.914063 4.236292
v 5.902747 -1.918257 4.228939
v 5.912649 -1.922629 4.221274
v 5.921970 -1.927179 4.213297
v 5.930711 -1.931906 4.205009
v 5.938872 -1.936812 4.196408
v 5.946454 -1.941895 4.187495
v 5.953442 -1.947112 4.178349
v 5.959821 -1.952417 4.169046
v 5.965593 -1.957812 4.159588
v 5.970758 -1.963296 4.149974
v 5.975315 -1.968868 4.140203
v 5.979265 -1.974530 4.130278
v 5.982606 -1.980280 4.120195
v 5.985341 -1.986120 4.109958
v 5.987467 -1.992048 4.099564
v 5.988986 -1.998065 4.089014
v 5.989898 -2.004171 4.078308
v 5.990201 -2.010366 4.067446
v 5.990201 -2.034997 4.024263
v 5.989836 -2.041517 4.012832
v 5.988738 -2.047941 4.001568
v 5.986908 -2.054270 3.990472
v 5.984346 -2.060502 3.979544
v 5.981053 -2.066639 3.968785
v 5.977028 -2.072680 3.958193
v 5.972270 -2.078626 3.947769
v 5.966781 -2.084476 3.937513
v 5.960560 -2.090229 3.927425
v 5.953607 -2.095887 3.917505
v 5.945922 -2.101450 3.907753
v 5.937506 -2.106916 3.898168
v 5.928246 -2.112376 3.888596
v 5.918035 -2.117918 3.878880
v 5.906870 -2.123542 3.869020
v 5.894752 -2.129247 3.859016
v 5.881681 -2.135036 3.848868
v 5.867658 -2.140906 3.838576
v 5.852682 -2.146858 3.828140
v 5.836753 -2.152892 3.817560
v 5.819871 -2.159009 3.806836
v 5.802037 -2.165207 3.795968
v 5.783249 -2.171488 3.784957
v 5.763509 -2.177851 3.773801
v 5.630277 -2.219229 3.701253
v 5.616074 -2.223786 3.693264
v 5.602631 -2.228260 3.685420
v 5.589947 -2.232653 3.677719
v 5.578022 -2.236963 3.670161
v 5.566858 -2.241191 3.662749
v 5.556453 -2.245337 3.655479
v 5.546807 -2.249401 3.648354
v 5.537920 -2.253383 3.641373
v 5.529794 -2.257283 3.634536
v 5.522427 -2.261101 3.627842
v 5.515819 -2.264836 3.621293
v 5.509971 -2.268489 3.614887
v 5.504703 -2.272150 3.608470
v 5.499835 -2.275906 3.601884
v 5.495367 -2.279758 3.595131
v 5.491301 -2.283705 3.588210
v 5.487634 -2.287749 3.581120
v 5.484368 -2.291888 3.573863
v 5.481503 -2.296123 3.566438
v 5.479038 -2.300454 3.558845
v 5.476974 -2.304880 3.551084
v 5.475309 -2.309403 3.543155
v 5.474046 -2.314021 3.535058
v 5.473183 -2.318735 3.526794
v 5.992190 -2.318734 3.526794
v 5.992190 -2.401491 3.381698
v 5.266375 -2.401492 3.381699
v 4.912416 -2.243860 3.658070
v 4.661860 -2.243860 3.658071
v 4.661860 -1.939433 4.191813
v 4.103082 -1.939433 4.191814
v 4.103082 -2.243860 3.658071
v 3.852527 -2.243860 3.658071
v 3.852527 -1.554219 4.867198
v 4.103082 -1.554219 4.867198
v 4.103082 -1.838943 4.368001
v 4.661860 -1.838942 4.368001
v 4.661860 -1.554219 4.867198
v 4.912416 -1.554219 4.867198
v 5.580481 -1.633148 4.167241
v 5.614368 -1.632730 4.167973
v 5.633701 -1.632857 4.167750
v 5.652593 -1.633237 4.167085
v 5.547090 -1.634400 4.165046
v 5.671041 -1.633869 4.165975
v 5.689049 -1.634755 4.164422
v 5.514196 -1.636486 4.161387
v 5.706614 -1.635895 4.162425
v 5.723738 -1.637287 4.159984
v 5.481800 -1.639408 4.156265
v 5.740419 -1.638932 4.157099
v 5.756659 -1.640831 4.153770
v 5.449900 -1.643164 4.149680
v 5.772457 -1.642982 4.149997
v 5.787813 -1.645387 4.145781
v 5.418498 -1.647755 4.141631
v 5.802727 -1.648045 4.141121
v 5.387593 -1.653180 4.132119
v 5.817199 -1.650956 4.136017
v 5.831160 -1.654083 4.130535
v 5.357184 -1.659440 4.121143
v 5.844541 -1.657387 4.124742
v 5.857342 -1.660870 4.118636
v 5.327274 -1.666535 4.108704
v 5.869564 -1.664530 4.112218
v 5.881205 -1.668368 4.105489
v 5.297860 -1.674465 4.094801
v 5.892266 -1.672385 4.098448
v 5.902747 -1.676578 4.091094
v 5.268943 -1.683229 4.079435
v 5.912648 -1.680950 4.083429
v 5.921969 -1.685500 4.075453
v 5.240524 -1.692828 4.062606
v 5.930711 -1.690228 4.067164
v 5.938872 -1.695133 4.058563
v 5.331996 -1.756866 3.950330
v 5.343859 -1.753017 3.957077
v 5.355583 -1.749354 3.963500
v 5.367169 -1.745875 3.969600
v 5.378617 -1.742580 3.975376
v 5.389926 -1.739471 3.980828
v 5.401098 -1.736546 3.985956
v 5.412132 -1.733806 3.990760
v 5.423027 -1.731251 3.995240
v 5.433784 -1.728880 3.999396
v 5.444404 -1.726694 4.003229
v 5.454885 -1.724693 4.006738
v 5.465228 -1.722876 4.009922
v 5.475572 -1.721224 4.012819
v 5.486053 -1.719715 4.015464
v 5.496672 -1.718351 4.017857
v 5.507430 -1.717129 4.019999
v 5.518325 -1.716052 4.021888
v 5.529358 -1.715118 4.023525
v 5.540530 -1.714328 4.024910
v 5.551840 -1.713681 4.026044
v 5.563288 -1.713178 4.026926
v 5.946454 -1.700216 4.049651
v 5.574874 -1.712819 4.027555
v 5.953441 -1.705433 4.040504
v 5.586598 -1.712603 4.027933
v 5.598460 -1.712532 4.028059
v 5.959821 -1.710739 4.031202
v 5.612753 -1.712655 4.027843
v 5.965593 -1.716134 4.021744
v 5.626465 -1.713024 4.027195
v 5.639598 -1.713640 4.026116
v 5.652151 -1.714502 4.024604
v 5.664123 -1.715610 4.022661
v 5.675516 -1.716965 4.020286
v 5.970758 -1.721617 4.012129
v 5.686328 -1.718566 4.017479
v 5.696561 -1.720413 4.014241
v 5.706214 -1.722507 4.010570
v 5.975315 -1.727190 4.002359
v 5.715286 -1.724847 4.006468
v 5.723779 -1.727433 4.001934
v 5.979264 -1.732851 3.992433
v 5.731692 -1.730265 3.996967
v 5.738997 -1.733276 3.991689
v 5.982606 -1.738602 3.982351
v 5.745667 -1.736395 3.986219
v 5.751701 -1.739625 3.980558
v 5.985341 -1.744441 3.972113
v 5.757101 -1.742963 3.974704
v 5.761865 -1.746412 3.968658
v 5.987467 -1.750369 3.961719
v 5.765994 -1.749969 3.962421
v 5.769488 -1.753636 3.955991
v 5.988986 -1.756387 3.951169
v 5.772346 -1.757413 3.949370
v 5.989898 -1.762493 3.940463
v 5.774570 -1.761299 3.942557
v 5.776158 -1.765295 3.935551
v 5.990201 -1.768688 3.929602
v 5.777111 -1.769400 3.928354
v 5.990201 -1.793318 3.886419
v 5.777428 -1.773614 3.920965
v 5.777428 -1.789377 3.893328
v 5.777235 -1.793113 3.886778
v 5.776655 -1.796766 3.880373
v 5.989836 -1.799838 3.874987
v 5.775688 -1.800338 3.874111
v 5.988738 -1.806262 3.863723
v 5.774335 -1.803827 3.867994
v 5.772595 -1.807234 3.862020
v 5.986908 -1.812591 3.852628
v 5.770468 -1.810559 3.856190
v 5.767955 -1.813802 3.850505
v 5.984346 -1.818824 3.841700
v 5.765055 -1.816963 3.844963
v 5.761768 -1.820042 3.839565
v 5.981053 -1.824961 3.830940
v 5.758095 -1.823038 3.834311
v 5.754035 -1.825953 3.829201
v 5.977027 -1.831002 3.820348
v 5.749589 -1.828785 3.824235
v 5.744590 -1.831638 3.819233
v 5.972270 -1.836947 3.809924
v 5.738873 -1.834614 3.814015
v 5.732438 -1.837714 3.808581
v 5.966781 -1.842797 3.799669
v 5.725285 -1.840936 3.802931
v 5.717413 -1.844282 3.797065
v 5.960560 -1.848551 3.789580
v 5.708824 -1.847751 3.790984
v 5.699516 -1.851342 3.784686
v 5.953607 -1.854209 3.779660
v 5.689491 -1.855057 3.778173
v 5.945922 -1.859771 3.769908
v 5.678747 -1.858896 3.771444
v 5.667285 -1.862857 3.764498
v 5.937505 -1.865238 3.760324
v 5.655106 -1.866941 3.757337
v 5.928246 -1.870697 3.750751
v 5.642208 -1.871149 3.749960
v 5.918034 -1.876239 3.741035
v 5.485114 -1.920409 3.663594
v 5.906869 -1.881863 3.731175
v 5.894752 -1.887569 3.721171
v 5.881681 -1.893357 3.711023
v 5.867658 -1.899227 3.700731
v 5.852682 -1.905179 3.690295
v 5.836753 -1.911214 3.679715
v 5.819871 -1.917330 3.668992
v 5.802036 -1.923529 3.658124
v 5.467576 -1.926054 3.653698
v 5.783249 -1.929809 3.647112
v 5.450756 -1.931821 3.643586
v 5.763508 -1.936172 3.635957
v 5.434655 -1.937712 3.633258
v 5.630277 -1.977551 3.563409
v 5.419271 -1.943726 3.622714
v 5.404606 -1.949863 3.611954
v 5.390658 -1.956123 3.600978
v 5.377429 -1.962506 3.589787
v 5.364918 -1.969012 3.578379
v 5.353125 -1.975642 3.566756
v 5.342050 -1.982395 3.554916
v 5.616074 -1.982107 3.555420
v 5.602631 -1.986582 3.547575
v 5.331693 -1.989271 3.542861
v 5.589947 -1.990974 3.539874
v 5.322054 -1.996270 3.530590
v 5.578022 -1.995284 3.532317
v 5.566858 -1.999513 3.524904
v 5.313161 -2.003481 3.517947
v 5.556452 -2.003659 3.517635
v 5.305041 -2.010993 3.504776
v 5.546807 -2.007723 3.510510
v 5.537920 -2.011704 3.503528
v 5.297694 -2.018806 3.491077
v 5.529794 -2.015604 3.496691
v 5.522427 -2.019422 3.489998
v 5.291121 -2.026920 3.476851
v 5.515819 -2.023157 3.483448
v 5.509970 -2.026811 3.477043
v 5.504702 -2.030471 3.470625
v 5.285321 -2.035336 3.462097
v 5.499835 -2.034227 3.464040
v 5.495367 -2.038079 3.457286
v 5.280295 -2.044052 3.446815
v 5.491300 -2.042027 3.450365
v 5.487634 -2.046070 3.443276
v 5.276042 -2.053069 3.431005
v 5.484368 -2.050209 3.436019
v 5.481503 -2.054444 3.428594
v 5.272562 -2.062388 3.414667
v 5.479038 -2.058775 3.421001
v 5.476973 -2.063202 3.413240
v 5.269855 -2.072007 3.397802
v 5.475309 -2.067724 3.405311
v 5.474046 -2.072342 3.397214
v 5.267921 -2.081928 3.380409
v 5.473183 -2.077056 3.388949
v 5.992190 -2.077056 3.388949
v 5.992190 -2.159813 3.243854
v 5.266762 -2.092149 3.362488
v 5.266375 -2.102671 3.344039
v 5.266375 -2.159813 3.243854
v 3.852527 -2.002182 3.520226
v 3.852526 -1.312541 4.729353
v 4.103082 -1.312541 4.729353
v 4.103082 -1.597264 4.230156
v 4.661860 -1.597264 4.230156
v 4.661860 -1.312540 4.729353
v 4.912416 -1.312540 4.729353
v 4.912416 -2.002181 3.520226
v 4.103082 -1.697755 4.053969
v 4.661860 -1.697754 4.053969
v 4.103082 -2.002182 3.520226
v 4.661860 -2.002181 3.520226
vn -0.9988 -0.0000 0.0487
vn -0.9808 -0.0000 0.1951
vn -0.8532 0.4931 0.1697
vn -0.8672 0.4962 0.0424
vn -0.5021 0.8590 0.0999
vn -0.5058 0.8623 0.0251
vn -0.0159 0.9999 0.0032
vn -0.0081 1.0000 0.0008
vn 0.4783 0.8730 -0.0951
vn 0.4937 0.8693 -0.0241
vn 0.8453 0.5071 -0.1681
vn 0.8632 0.5031 -0.0426
vn 0.9808 -0.0000 -0.1951
vn 0.9988 -0.0000 -0.0495
vn 0.8453 -0.5071 -0.1681
vn 0.8632 -0.5031 -0.0426
vn 0.4783 -0.8730 -0.0951
vn 0.4937 -0.8693 -0.0241
vn -0.0159 -0.9999 0.0032
vn -0.0081 -1.0000 0.0008
vn -0.5021 -0.8590 0.0999
vn -0.5058 -0.8623 0.0251
vn -0.8532 -0.4931 0.1697
vn -0.8672 -0.4962 0.0424
vn -0.9239 -0.0000 0.3827
vn -0.8037 0.4931 0.3329
vn -0.4730 0.8590 0.1959
vn -0.0149 0.9999 0.0062
vn 0.4506 0.8730 -0.1866
vn 0.7963 0.5071 -0.3298
vn 0.9239 -0.0000 -0.3827
vn 0.7963 -0.5071 -0.3298
vn 0.4506 -0.8730 -0.1866
vn -0.0149 -0.9999 0.0062
vn -0.4730 -0.8590 0.1959
vn -0.8037 -0.4931 0.3329
vn -0.8315 -0.0000 0.5556
vn -0.7233 0.4931 0.4833
vn -0.4257 0.8590 0.2844
vn -0.0134 0.9999 0.0090
vn 0.4055 0.8730 -0.2709
vn 0.7166 0.5071 -0.4788
vn 0.8315 -0.0000 -0.5556
vn 0.7166 -0.5071 -0.4788
vn 0.4055 -0.8730 -0.2709
vn -0.0134 -0.9999 0.0090
vn -0.4257 -0.8590 0.2844
vn -0.7233 -0.4931 0.4833
vn -0.7071 -0.0000 0.7071
vn -0.6152 0.4931 0.6152
vn -0.3620 0.8590 0.3620
vn -0.0114 0.9999 0.0114
vn 0.3449 0.8730 -0.3449
vn 0.6094 0.5071 -0.6094
vn 0.7071 -0.0000 -0.7071
vn 0.6094 -0.5071 -0.6094
vn 0.3448 -0.8730 -0.3448
vn -0.0114 -0.9999 0.0114
vn -0.3620 -0.8590 0.3620
vn -0.6152 -0.4931 0.6152
vn -0.5556 -0.0000 0.8315
vn -0.4833 0.4931 0.7233
vn -0.2844 0.8590 0.4257
vn -0.0090 0.9999 0.0134
vn 0.2709 0.8730 -0.4055
vn 0.4788 0.5071 -0.7166
vn 0.5556 -0.0000 -0.8315
vn 0.4788 -0.5071 -0.7166
vn 0.2709 -0.8730 -0.4055
vn -0.0090 -0.9999 0.0134
vn -0.2844 -0.8590 0.4257
vn -0.4833 -0.4931 0.7233
vn -0.3827 -0.0000 0.9239
vn -0.3329 0.4931 0.8037
vn -0.1959 0.8590 0.4730
vn -0.0062 0.9999 0.0149
vn 0.1866 0.8730 -0.4506
vn 0.3298 0.5071 -0.7963
vn 0.3827 -0.0000 -0.9239
vn 0.3298 -0.5071 -0.7963
vn 0.1866 -0.8730 -0.4506
vn -0.0062 -0.9999 0.0149
vn -0.1959 -0.8590 0.4730
vn -0.3329 -0.4931 0.8037
vn -0.1951 -0.0000 0.9808
vn -0.1697 0.4931 0.8532
vn -0.0999 0.8590 0.5021
vn -0.0032 0.9999 0.0159
vn 0.0951 0.8730 -0.4783
vn 0.1681 0.5071 -0.8453
vn 0.1951 -0.0000 -0.9808
vn 0.1681 -0.5071 -0.8453
vn 0.0951 -0.8730 -0.4783
vn -0.0032 -0.9999 0.0159
vn -0.0999 -0.8590 0.5021
vn -0.1697 -0.4931 0.8532
vn -0.0487 -0.0000 0.9988
vn -0.0424 0.4962 0.8672
vn -0.0251 0.8623 0.5058
vn -0.0008 1.0000 0.0081
vn 0.0241 0.8693 -0.4937
vn 0.0426 0.5031 -0.8632
vn 0.0495 -0.0000 -0.9988
vn 0.0426 -0.5031 -0.8632
vn 0.0241 -0.8693 -0.4937
vn -0.0008 -1.0000 0.0081
vn -0.0251 -0.8623 0.5058
vn -0.0424 -0.4962 0.8672
vn -0.0000 -0.8660 -0.5000
vn -0.0000 -1.0000 -0.0000
vn -0.0000 -0.8660 0.5000
vn -0.0000 -0.5000 0.8660
vn -0.0000 1.0000 -0.0000
vn -0.0000 0.8660 -0.5000
vn -0.0000 0.5000 -0.8660
vn -0.0000 -0.0000 -1.0000
vn -0.0000 0.5000 0.8660
vn -0.0000 0.8660 0.5000
vn -0.0000 -0.5000 -0.8660
vn -0.0000 -0.0000 1.0000
vn 0.9988 -0.0000 0.0487
vn 0.8672 0.4962 0.0424
vn 0.8532 0.4931 0.1697
vn 0.9808 -0.0000 0.1951
vn 0.5058 0.8623 0.0251
vn 0.5021 0.8590 0.0999
vn 0.0081 1.0000 0.0008
vn 0.0159 0.9999 0.0032
vn -0.4937 0.8693 -0.0241
vn -0.4783 0.8730 -0.0951
vn -0.8632 0.5031 -0.0426
vn -0.8453 0.5071 -0.1681
vn -0.9988 -0.0000 -0.0495
vn -0.9808 -0.0000 -0.1951
vn -0.8632 -0.5031 -0.0426
vn -0.8453 -0.5071 -0.1681
vn -0.4937 -0.8693 -0.0241
vn -0.4783 -0.8730 -0.0951
vn 0.0081 -1.0000 0.0008
vn 0.0159 -0.9999 0.0032
vn 0.5058 -0.8623 0.0251
vn 0.5021 -0.8590 0.0999
vn 0.8672 -0.4962 0.0424
vn 0.8532 -0.4931 0.1697
vn 0.8037 0.4931 0.3329
vn 0.9239 -0.0000 0.3827
vn 0.4730 0.8590 0.1959
vn 0.0149 0.9999 0.0062
vn -0.4506 0.8730 -0.1866
vn -0.7963 0.5071 -0.3298
vn -0.9239 -0.0000 -0.3827
vn -0.7963 -0.5071 -0.3298
vn -0.4506 -0.8730 -0.1866
vn 0.0149 -0.9999 0.0062
vn 0.4730 -0.8590 0.1959
vn 0.8037 -0.4931 0.3329
vn 0.7233 0.4931 0.4833
vn 0.8315 -0.0000 0.5556
vn 0.4257 0.8590 0.2844
vn 0.0134 0.9999 0.0090
vn -0.4055 0.8730 -0.2709
vn -0.7166 0.5071 -0.4788
vn -0.8315 -0.0000 -0.5556
vn -0.7166 -0.5071 -0.4788
vn -0.4055 -0.8730 -0.2709
vn 0.0134 -0.9999 0.0090
vn 0.4257 -0.8590 0.2844
vn 0.7233 -0.4931 0.4833
vn 0.6152 0.4931 0.6152
vn 0.7071 -0.0000 0.7071
vn 0.3620 0.8590 0.3620
vn 0.0114 0.9999 0.0114
vn -0.3449 0.8730 -0.3449
vn -0.6094 0.5071 -0.6094
vn -0.7071 -0.0000 -0.7071
vn -0.6094 -0.5071 -0.6094
vn -0.3448 -0.8730 -0.3448
vn 0.0114 -0.9999 0.0114
vn 0.3620 -0.8590 0.3620
vn 0.6152 -0.4931 0.6152
vn 0.4833 0.4931 0.7233
vn 0.5556 -0.0000 0.8315
vn 0.2844 0.8590 0.4257
vn 0.0090 0.9999 0.0134
vn -0.2709 0.8730 -0.4055
vn -0.4788 0.5071 -0.7166
vn -0.5556 -0.0000 -0.8315
vn -0.4788 -0.5071 -0.7166
vn -0.2709 -0.8730 -0.4055
vn 0.0090 -0.9999 0.0134
vn 0.2844 -0.8590 0.4257
vn 0.4833 -0.4931 0.7233
vn 0.3329 0.4931 0.8037
vn 0.3827 -0.0000 0.9239
vn 0.1959 0.8590 0.4730
vn 0.0062 0.9999 0.0149
vn -0.1866 0.8730 -0.4506
vn -0.3298 0.5071 -0.7963
vn -0.3827 -0.0000 -0.9239
vn -0.3298 -0.5071 -0.7963
vn -0.1866 -0.8730 -0.4506
vn 0.0062 -0.9999 0.0149
vn 0.1959 -0.8590 0.4730
vn 0.3329 -0.4931 0.8037
vn 0.1697 0.4931 0.8532
vn 0.1951 -0.0000 0.9808
vn 0.0999 0.8590 0.5021
vn 0.0032 0.9999 0.0159
vn -0.0951 0.8730 -0.4783
vn -0.1681 0.5071 -0.8453
vn -0.1951 -0.0000 -0.9808
vn -0.1681 -0.5071 -0.8453
vn -0.0951 -0.8730 -0.4783
vn 0.0032 -0.9999 0.0159
vn 0.0999 -0.8590 0.5021
vn 0.1697 -0.4931 0.8532
vn 0.0424 0.4962 0.8672
vn 0.0487 -0.0000 0.9988
vn 0.0251 0.8623 0.5058
vn 0.0008 1.0000 0.0081
vn -0.0241 0.8693 -0.4937
vn -0.0426 0.5031 -0.8632
vn -0.0495 -0.0000 -0.9988
vn -0.0426 -0.5031 -0.8632
vn -0.0241 -0.8693 -0.4937
vn 0.0008 -1.0000 0.0081
vn 0.0251 -0.8623 0.5058
vn 0.0424 -0.4962 0.8672
vn -0.8660 -0.5000 -0.0000
vn -0.5000 -0.8660 -0.0000
vn -0.5000 0.8660 -0.0000
vn -0.8660 0.5000 -0.0000
vn 1.0000 -0.0000 -0.0000
vn 0.8660 0.5000 -0.0000
vn 0.5000 0.8660 -0.0000
vn -1.0000 -0.0000 -0.0000
vn 0.8660 -0.5000 -0.0000
vn 0.5000 -0.8660 -0.0000
vn 0.0396 -0.0685 0.9969
vn -0.0000 -0.0791 0.9969
vn 0.0685 0.0396 0.9969
vn 0.0792 -0.0000 0.9969
vn -0.0685 -0.0396 0.9969
vn -0.0792 -0.0000 0.9969
vn -0.0000 0.0791 0.9969
vn 0.0396 0.0685 0.9969
vn 0.0685 -0.0396 0.9969
vn -0.0685 0.0396 0.9969
vn -0.0396 0.0686 0.9969
vn -0.0396 -0.0685 0.9969
vn -0.0396 0.0685 0.9969
vn 0.0396 0.0686 0.9969
vn -0.0000 -0.9954 0.0958
vn -0.0000 -0.9303 0.3668
vn -0.6578 -0.6578 0.3668
vn -0.7039 -0.7039 0.0958
vn -0.0000 -0.7296 0.6839
vn -0.0000 -0.4226 0.9063
vn -0.2988 -0.2988 0.9063
vn -0.5159 -0.5159 0.6839
vn -0.4226 -0.0000 0.9063
vn -0.7296 -0.0000 0.6839
vn -0.9303 -0.0000 0.3668
vn 0.7071 0.7071 -0.0000
vn -0.9954 -0.0000 0.0958
vn 0.7071 -0.7071 -0.0000
vn -0.7071 -0.7071 -0.0000
vn -0.5159 0.5159 0.6839
vn -0.6578 0.6578 0.3668
vn -0.2988 0.2988 0.9063
vn -0.7071 0.7071 -0.0000
vn -0.7039 0.7039 0.0958
vn -0.0000 0.4226 0.9063
vn -0.0000 0.9303 0.3668
vn -0.0000 0.9954 0.0958
vn -0.0000 0.7296 0.6839
vn 0.6578 0.6578 0.3668
vn 0.7039 0.7039 0.0958
vn 0.2988 0.2988 0.9063
vn 0.5159 0.5159 0.6839
vn 0.7296 -0.0000 0.6839
vn 0.9303 -0.0000 0.3668
vn 0.4226 -0.0000 0.9063
vn 0.9954 -0.0000 0.0958
vn 0.5159 -0.5159 0.6839
vn 0.6578 -0.6578 0.3668
vn 0.2988 -0.2988 0.9063
vn 0.7039 -0.7039 0.0958
vn 0.9860 -0.0000 -0.1666
vn -0.9860 -0.0000 0.1666
vn -0.9860 -0.0000 -0.1666
vn 0.9860 -0.0000 0.1666
vn -0.0000 -0.9988 0.0487
vn -0.0000 -0.9808 0.1951
vn -0.4931 -0.8532 0.1697
vn -0.4962 -0.8672 0.0424
vn -0.8590 -0.5021 0.0999
vn -0.8623 -0.5058 0.0251
vn -0.9999 -0.0159 0.0032
vn -1.0000 -0.0081 0.0008
vn -0.8730 0.4783 -0.0951
vn -0.8693 0.4937 -0.0241
vn -0.5071 0.8453 -0.1681
vn -0.5031 0.8632 -0.0426
vn -0.0000 0.9808 -0.1951
vn -0.0000 0.9988 -0.0495
vn 0.5071 0.8453 -0.1681
vn 0.5031 0.8632 -0.0426
vn 0.8730 0.4783 -0.0951
vn 0.8693 0.4937 -0.0241
vn 0.9999 -0.0159 0.0032
vn 1.0000 -0.0081 0.0008
vn 0.8590 -0.5021 0.0999
vn 0.8623 -0.5058 0.0251
vn 0.4931 -0.8532 0.1697
vn 0.4962 -0.8672 0.0424
vn -0.0000 -0.9239 0.3827
vn -0.4931 -0.8037 0.3329
vn -0.8590 -0.4730 0.1959
vn -0.9999 -0.0149 0.0062
vn -0.8730 0.4506 -0.1866
vn -0.5071 0.7963 -0.3298
vn -0.0000 0.9239 -0.3827
vn 0.5071 0.7963 -0.3298
vn 0.8730 0.4506 -0.1866
vn 0.9999 -0.0149 0.0062
vn 0.8590 -0.4730 0.1959
vn 0.4931 -0.8037 0.3329
vn -0.0000 -0.8315 0.5556
vn -0.4931 -0.7233 0.4833
vn -0.8590 -0.4257 0.2844
vn -0.9999 -0.0134 0.0090
vn -0.8730 0.4055 -0.2709
vn -0.5071 0.7166 -0.4788
vn -0.0000 0.8315 -0.5556
vn 0.5071 0.7166 -0.4788
vn 0.8730 0.4055 -0.2709
vn 0.9999 -0.0134 0.0090
vn 0.8590 -0.4256 0.2844
vn 0.4931 -0.7233 0.4833
vn -0.0000 -0.7071 0.7071
vn -0.4931 -0.6152 0.6152
vn -0.8590 -0.3620 0.3620
vn -0.9999 -0.0114 0.0114
vn -0.8730 0.3449 -0.3449
vn -0.5071 0.6094 -0.6094
vn -0.0000 0.7071 -0.7071
vn 0.5071 0.6094 -0.6094
vn 0.8730 0.3448 -0.3448
vn 0.9999 -0.0114 0.0114
vn 0.8590 -0.3620 0.3620
vn 0.4931 -0.6152 0.6152
vn -0.0000 -0.5556 0.8315
vn -0.4931 -0.4833 0.7233
vn -0.8590 -0.2844 0.4257
vn -0.9999 -0.0090 0.0134
vn -0.8730 0.2709 -0.4055
vn -0.5071 0.4788 -0.7166
vn -0.0000 0.5556 -0.8315
vn 0.5071 0.4788 -0.7166
vn 0.8730 0.2709 -0.4055
vn 0.9999 -0.0090 0.0134
vn 0.8590 -0.2844 0.4257
vn 0.4931 -0.4833 0.7233
vn -0.0000 -0.3827 0.9239
vn -0.4931 -0.3329 0.8037
vn -0.8590 -0.1959 0.4730
vn -0.9999 -0.0062 0.0149
vn -0.8730 0.1866 -0.4506
vn -0.5071 0.3298 -0.7963
vn -0.0000 0.3827 -0.9239
vn 0.5071 0.3298 -0.7963
vn 0.8730 0.1866 -0.4506
vn 0.9999 -0.0062 0.0149
vn 0.8590 -0.1959 0.4730
vn 0.4931 -0.3329 0.8037
vn -0.0000 -0.1951 0.9808
vn -0.4931 -0.1697 0.8532
vn -0.8590 -0.0999 0.5021
vn -0.9999 -0.0032 0.0159
vn -0.8730 0.0951 -0.4783
vn -0.5071 0.1681 -0.8453
vn -0.0000 0.1951 -0.9808
vn 0.5071 0.1681 -0.8453
vn 0.8730 0.0951 -0.4783
vn 0.9999 -0.0032 0.0159
vn 0.8590 -0.0999 0.5021
vn 0.4931 -0.1697 0.8532
vn -0.0000 -0.0487 0.9988
vn -0.4962 -0.0424 0.8672
vn -0.8623 -0.0251 0.5058
vn -1.0000 -0.0008 0.0081
vn -0.8693 0.0241 -0.4937
vn -0.5031 0.0426 -0.8632
vn -0.0000 0.0495 -0.9988
vn 0.5031 0.0426 -0.8632
vn 0.8693 0.0241 -0.4937
vn 1.0000 -0.0008 0.0081
vn 0.8623 -0.0251 0.5058
vn 0.4962 -0.0424 0.8672
vn 0.8660 -0.0000 -0.5000
vn 0.8660 -0.0000 0.5000
vn 0.5000 -0.0000 0.8660
vn -0.8660 -0.0000 -0.5000
vn -0.5000 -0.0000 -0.8660
vn -0.5000 -0.0000 0.8660
vn -0.8660 -0.0000 0.5000
vn 0.5000 -0.0000 -0.8660
vn 0.0791 -0.0000 0.9969
vn -0.0000 -0.0792 0.9969
vn -0.0000 -0.4031 -0.9152
vn -0.0000 -0.7189 -0.6952
vn -0.2751 -0.6641 -0.6952
vn -0.1543 -0.3724 -0.9152
vn -0.0000 -0.9273 -0.3744
vn -0.3827 -0.9239 -0.0000
vn -0.3549 -0.8567 -0.3744
vn -0.0000 -0.9273 0.3744
vn -0.0000 -0.7189 0.6952
vn -0.2751 -0.6641 0.6952
vn -0.3549 -0.8567 0.3744
vn -0.0000 -0.4031 0.9152
vn -0.1543 -0.3724 0.9152
vn -0.2850 -0.2850 -0.9152
vn -0.6557 -0.6557 -0.3744
vn -0.5083 -0.5083 -0.6952
vn -0.6557 -0.6557 0.3744
vn -0.2850 -0.2850 0.9152
vn -0.5083 -0.5083 0.6952
vn -0.8567 -0.3549 0.3744
vn -0.9239 -0.3827 -0.0000
vn -0.3724 -0.1543 0.9152
vn -0.6641 -0.2751 0.6952
vn -0.6641 -0.2751 -0.6952
vn -0.3724 -0.1543 -0.9152
vn -0.8567 -0.3549 -0.3744
vn -0.7189 -0.0000 -0.6952
vn -0.4031 -0.0000 -0.9152
vn -0.9273 -0.0000 -0.3744
vn -0.7189 -0.0000 0.6952
vn -0.9273 -0.0000 0.3744
vn -0.4031 -0.0000 0.9152
vn -0.6641 0.2751 0.6952
vn -0.8567 0.3549 0.3744
vn -0.3724 0.1543 0.9152
vn -0.3724 0.1543 -0.9152
vn -0.8567 0.3549 -0.3744
vn -0.6641 0.2751 -0.6952
vn -0.9239 0.3827 -0.0000
vn -0.2850 0.2850 -0.9152
vn -0.6557 0.6557 -0.3744
vn -0.5083 0.5083 -0.6952
vn -0.6557 0.6557 0.3744
vn -0.2850 0.2850 0.9152
vn -0.5083 0.5083 0.6952
vn -0.1543 0.3724 0.9152
vn -0.2751 0.6641 0.6952
vn -0.2751 0.6641 -0.6952
vn -0.1543 0.3724 -0.9152
vn -0.3827 0.9239 -0.0000
vn -0.3549 0.8567 -0.3744
vn -0.3549 0.8567 0.3744
vn -0.0000 0.7189 -0.6952
vn -0.0000 0.4031 -0.9152
vn -0.0000 0.9273 -0.3744
vn -0.0000 0.7189 0.6952
vn -0.0000 0.9273 0.3744
vn -0.0000 0.4031 0.9152
vn 0.1543 0.3724 0.9152
vn 0.1543 0.3724 -0.9152
vn 0.3549 0.8567 -0.3744
vn 0.2751 0.6641 -0.6952
vn 0.3549 0.8567 0.3744
vn 0.3827 0.9239 -0.0000
vn 0.2751 0.6641 0.6952
vn 0.6557 0.6557 -0.3744
vn 0.5083 0.5083 -0.6952
vn 0.6557 0.6557 0.3744
vn 0.2850 0.2850 0.9152
vn 0.5083 0.5083 0.6952
vn 0.2850 0.2850 -0.9152
vn 0.6641 0.2751 -0.6952
vn 0.3724 0.1543 -0.9152
vn 0.9239 0.3827 -0.0000
vn 0.8567 0.3549 -0.3744
vn 0.6641 0.2751 0.6952
vn 0.8567 0.3549 0.3744
vn 0.3724 0.1543 0.9152
vn 0.9273 -0.0000 -0.3744
vn 0.7189 -0.0000 0.6952
vn 0.9273 -0.0000 0.3744
vn 0.4031 -0.0000 0.9152
vn 0.4031 -0.0000 -0.9152
vn 0.7189 -0.0000 -0.6952
vn 0.3724 -0.1543 -0.9152
vn 0.8567 -0.3549 -0.3744
vn 0.6641 -0.2751 -0.6952
vn 0.8567 -0.3549 0.3744
vn 0.9239 -0.3827 -0.0000
vn 0.3724 -0.1543 0.9152
vn 0.6641 -0.2751 0.6952
vn 0.6557 -0.6557 0.3744
vn 0.2850 -0.2850 0.9152
vn 0.5083 -0.5083 0.6952
vn 0.5083 -0.5083 -0.6952
vn 0.2850 -0.2850 -0.9152
vn 0.6557 -0.6557 -0.3744
vn 0.2751 -0.6641 -0.6952
vn 0.1543 -0.3724 -0.9152
vn 0.3827 -0.9239 -0.0000
vn 0.3549 -0.8567 -0.3744
vn 0.2751 -0.6641 0.6952
vn 0.3549 -0.8567 0.3744
vn 0.1543 -0.3724 0.9152
vn -0.0000 -0.8688 0.4952
vn -0.0000 -0.8685 0.4957
vn -0.0000 -0.8686 0.4956
vn -0.0000 -0.8686 0.4955
vn -0.0000 -0.8686 0.4954
vn -0.0000 -0.8687 0.4954
vn -0.0000 -0.8687 0.4953
vn 0.0004 -0.8702 0.4928
vn -0.0000 -0.8683 0.4961
vn 0.0004 -0.8700 0.4930
vn -0.0000 -0.8684 0.4959
vn -0.0000 0.8683 -0.4960
vn -0.0000 0.8685 -0.4957
vn -0.0000 0.8686 -0.4955
vn -0.0000 0.8687 -0.4954
vn -0.0000 0.8687 -0.4953
vn -0.0000 0.8686 -0.4956
vn -0.0000 0.8686 -0.4954
vn -0.0000 0.8663 -0.4995
vn -0.0000 0.8708 -0.4916
vn -0.0000 0.8641 -0.5033
vn -0.0000 0.8684 -0.4959
vn -0.0000 0.8691 -0.4947
vn -0.8014 0.2963 0.5195
vn 0.9799 -0.0989 -0.1733
vn 0.8042 0.2944 0.5162
vn 0.0988 0.4930 0.8644
vn -0.9104 0.2050 0.3594
vn 0.0625 -0.4945 -0.8670
vn -0.1270 0.4914 0.8616
vn 0.5729 -0.4061 -0.7120
vn -0.8260 0.2792 0.4896
vn -0.8840 0.2316 0.4062
vn 0.8332 0.2740 0.4803
vn 0.1298 0.4913 0.8613
vn 0.0371 -0.4951 -0.8680
vn 0.5894 -0.4002 -0.7017
vn 0.9664 -0.1273 -0.2232
vn 0.1619 0.4889 0.8572
vn -0.8547 0.2572 0.4509
vn 0.0122 -0.4954 -0.8686
vn -0.1791 0.4874 0.8546
vn 0.6073 -0.3936 -0.6901
vn -0.8533 0.2583 0.4529
vn -0.8230 0.2814 0.4934
vn 0.8591 0.2536 0.4446
vn 0.1953 0.4859 0.8519
vn -0.0174 -0.4954 -0.8685
vn 0.6267 -0.3861 -0.6769
vn 0.9496 -0.1553 -0.2723
vn 0.2297 0.4822 0.8454
vn -0.8816 0.2339 0.4101
vn -0.7894 0.3042 0.5333
vn -0.2312 0.4820 0.8451
vn 0.8835 0.2320 0.4068
vn -0.7551 0.3248 0.5694
vn -0.0543 -0.4947 -0.8674
vn 0.6478 -0.3774 -0.6617
vn 0.2651 0.4777 0.8376
vn -0.0942 -0.4932 -0.8648
vn 0.6708 -0.3674 -0.6442
vn 0.9296 -0.1826 -0.3202
vn 0.3014 0.4724 0.8283
vn -0.9065 0.2092 0.3668
vn -0.7244 0.3416 0.5989
vn -0.1373 -0.4908 -0.8604
vn -0.2830 0.4752 0.8331
vn -0.6971 0.3552 0.6228
vn -0.1837 -0.4870 -0.8539
vn 0.6957 -0.3559 -0.6240
vn 0.3385 0.4662 0.8174
vn -0.2334 -0.4818 -0.8447
vn -0.3340 0.4670 0.8188
vn 0.7228 -0.3424 -0.6003
vn 0.9068 -0.2089 -0.3662
vn -0.9281 0.1845 0.3235
vn -0.6727 0.3666 0.6427
vn 0.9062 0.2095 0.3673
vn 0.3762 0.4591 0.8048
vn -0.6511 0.3760 0.6593
vn -0.2863 -0.4747 -0.8323
vn 0.7520 -0.3265 -0.5725
vn 0.4119 0.4515 0.7915
vn -0.3424 -0.4655 -0.8161
vn -0.3837 0.4575 0.8021
vn 0.7835 -0.3079 -0.5397
vn 0.8815 -0.2339 -0.4102
vn -0.6318 0.3840 0.6733
vn -0.4010 -0.4539 -0.7957
vn 0.8142 -0.2876 -0.5043
vn 0.4461 0.4434 0.7774
vn -0.9463 0.1601 0.2807
vn -0.6145 0.3909 0.6853
vn 0.9268 0.1860 0.3262
vn 0.4813 0.4343 0.7614
vn -0.4617 -0.4395 -0.7705
vn -0.4318 0.4469 0.7835
vn 0.8415 -0.2677 -0.4693
vn 0.8542 -0.2576 -0.4517
vn -0.5990 0.3968 0.6956
vn -0.5236 -0.4221 -0.7401
vn 0.8670 -0.2468 -0.4328
vn 0.5173 0.4240 0.7434
vn -0.9615 0.1361 0.2386
vn 0.8252 -0.2799 -0.4907
vn 0.9452 0.1618 0.2837
vn 0.5540 0.4125 0.7231
vn -0.5849 0.4018 0.7046
vn -0.5856 -0.4016 -0.7041
vn -0.4780 0.4352 0.7630
vn 0.8907 -0.2252 -0.3949
vn -0.5722 0.4064 0.7124
vn -0.6395 -0.3809 -0.6678
vn 0.9122 -0.2030 -0.3560
vn 0.5911 0.3996 0.7007
vn -0.9738 0.1127 0.1977
vn 0.7951 -0.3005 -0.5268
vn 0.9610 0.1371 0.2404
vn 0.6283 0.3854 0.6758
vn -0.5605 0.4103 0.7194
vn -0.6865 -0.3603 -0.6316
vn -0.5218 0.4226 0.7410
vn 0.9314 -0.1804 -0.3162
vn -0.7338 -0.3366 -0.5901
vn 0.9481 -0.1575 -0.2761
vn 0.7656 -0.3187 -0.5588
vn 0.6653 0.3699 0.6485
vn -0.9833 0.0901 0.1580
vn -0.5500 0.4138 0.7255
vn 0.9741 0.1120 0.1963
vn 0.7018 0.3529 0.6188
vn -0.7804 -0.3098 -0.5432
vn -0.5633 0.4094 0.7177
vn 0.9625 -0.1345 -0.2357
vn 0.7385 -0.3340 -0.5857
vn -0.5348 0.4186 0.7340
vn -0.8252 -0.2799 -0.4907
vn 0.9743 -0.1115 -0.1955
vn 0.7374 0.3347 0.5868
vn -0.9904 0.0684 0.1199
vn 0.7130 -0.3474 -0.6091
vn 0.9846 0.0867 0.1520
vn 0.7717 0.3151 0.5525
vn -0.8669 -0.2470 -0.4330
vn -0.8163 -0.2862 -0.5018
vn 0.9838 -0.0888 -0.1558
vn 0.6889 -0.3591 -0.6297
vn 0.5478 -0.4145 -0.7267
vn -0.9043 -0.2115 -0.3708
vn 0.9909 -0.0666 -0.1167
vn 0.6664 -0.3694 -0.6476
vn 0.5335 -0.4190 -0.7347
vn -0.9954 0.0476 0.0835
vn 0.6454 -0.3784 -0.6635
vn 0.9923 0.0615 0.1078
vn 0.5183 -0.4237 -0.7429
vn -0.9364 -0.1740 -0.3049
vn 0.9959 -0.0448 -0.0785
vn 0.6257 -0.3865 -0.6776
vn 0.5022 -0.4284 -0.7511
vn -0.0000 0.4954 0.8686
vn 0.6074 -0.3936 -0.6900
vn 0.9973 0.0365 0.0641
vn 0.4852 -0.4332 -0.7595
vn -0.9621 -0.1351 -0.2369
vn 0.5903 -0.3999 -0.7012
vn 0.4672 -0.4380 -0.7680
vn -0.9984 0.0278 0.0487
vn -0.9812 -0.0957 -0.1679
vn 0.5743 -0.4056 -0.7111
vn 0.4481 -0.4429 -0.7765
vn -0.9998 0.0090 0.0158
vn -0.5447 0.4155 0.7285
vn 0.9997 0.0120 0.0211
vn 0.4278 -0.4478 -0.7851
vn -0.9934 -0.0566 -0.0993
vn -0.0000 -0.4954 -0.8686
vn 0.5593 -0.4107 -0.7201
vn 0.4064 -0.4527 -0.7937
vn -0.5691 0.4074 0.7143
vn 0.3837 -0.4575 -0.8022
vn -0.9993 -0.0185 -0.0324
vn 0.5453 -0.4153 -0.7281
vn 0.3596 -0.4623 -0.8105
vn -0.5940 0.3986 0.6988
vn 0.3341 -0.4670 -0.8187
vn -0.9997 0.0127 0.0223
vn 0.5311 -0.4198 -0.7360
vn 0.3069 -0.4715 -0.8267
vn -0.6195 0.3890 0.6819
vn -0.9969 0.0388 0.0681
vn 0.2790 -0.4758 -0.8342
vn -0.6453 0.3785 0.6636
vn 0.9996 -0.0138 -0.0241
vn 0.2511 -0.4796 -0.8408
vn -0.6714 0.3672 0.6438
vn -0.9911 0.0659 0.1155
vn 0.2234 -0.4829 -0.8467
vn -0.6977 0.3549 0.6223
vn 0.9964 -0.0418 -0.0733
vn 0.1958 -0.4859 -0.8518
vn -0.7240 0.3417 0.5992
vn -0.9820 0.0935 0.1639
vn 0.1684 -0.4883 -0.8563
vn -0.0248 0.4953 0.8684
vn -0.7502 0.3276 0.5744
vn -0.9695 0.1215 0.2130
vn 0.1414 -0.4905 -0.8599
vn 0.0132 0.4954 0.8686
vn -0.7761 0.3124 0.5478
vn 0.9899 -0.0703 -0.1232
vn 0.1146 -0.4922 -0.8629
vn 0.0405 0.4950 0.8679
vn -0.9533 0.1497 0.2624
vn -0.0755 0.4940 0.8662
vn 0.5435 -0.4159 -0.7291
vn -0.9335 0.1776 0.3114
vn 0.0883 -0.4935 -0.8652
vn 0.5576 -0.4113 -0.7210
vn 0.0691 0.4943 0.8666
vt 0.402700 0.802439
vt 0.403579 0.811362
vt 0.404781 0.811123
vt 0.403926 0.802439
vt 0.408065 0.810469
vt 0.407274 0.802439
vt 0.412551 0.809577
vt 0.411848 0.802439
vt 0.417037 0.808685
vt 0.416421 0.802439
vt 0.420320 0.808032
vt 0.419769 0.802439
vt 0.421522 0.807792
vt 0.420995 0.802439
vt 0.406182 0.819941
vt 0.407314 0.819472
vt 0.410407 0.818191
vt 0.414633 0.816441
vt 0.418858 0.814691
vt 0.421952 0.813409
vt 0.423084 0.812940
vt 0.410408 0.827849
vt 0.411427 0.827168
vt 0.414211 0.825308
vt 0.418014 0.822767
vt 0.421817 0.820226
vt 0.424601 0.818366
vt 0.425620 0.817685
vt 0.416096 0.834779
vt 0.416963 0.833913
vt 0.419330 0.831545
vt 0.422564 0.828311
vt 0.425798 0.825077
vt 0.428166 0.822710
vt 0.429032 0.821843
vt 0.423027 0.840467
vt 0.423708 0.839448
vt 0.425568 0.836664
vt 0.428109 0.832861
vt 0.430650 0.829059
vt 0.432510 0.826275
vt 0.433191 0.825256
vt 0.430934 0.844694
vt 0.431403 0.843561
vt 0.432684 0.840468
vt 0.434435 0.836243
vt 0.436185 0.832017
vt 0.437466 0.828924
vt 0.437935 0.827792
vt 0.439514 0.847296
vt 0.439753 0.846094
vt 0.440406 0.842811
vt 0.441298 0.838325
vt 0.442191 0.833839
vt 0.442844 0.830555
vt 0.443083 0.829353
vt 0.448437 0.848175
vt 0.448437 0.846950
vt 0.448437 0.843601
vt 0.448437 0.839028
vt 0.448437 0.834454
vt 0.448437 0.831106
vt 0.448437 0.829881
vt 0.505104 0.834454
vt 0.505104 0.839028
vt 0.505104 0.843601
vt 0.505104 0.846950
vt 0.505104 0.831106
vt 0.505104 0.829881
vt 0.505104 0.848175
vt 0.607976 0.802439
vt 0.606751 0.802439
vt 0.605896 0.811123
vt 0.607098 0.811362
vt 0.603403 0.802439
vt 0.602612 0.810469
vt 0.598829 0.802439
vt 0.598126 0.809577
vt 0.594255 0.802439
vt 0.593640 0.808685
vt 0.590907 0.802439
vt 0.590357 0.808032
vt 0.589682 0.802439
vt 0.589155 0.807792
vt 0.603363 0.819472
vt 0.604495 0.819941
vt 0.600269 0.818191
vt 0.596044 0.816441
vt 0.591819 0.814691
vt 0.588725 0.813409
vt 0.587593 0.812940
vt 0.599249 0.827168
vt 0.600268 0.827849
vt 0.596466 0.825308
vt 0.592663 0.822767
vt 0.588860 0.820226
vt 0.586076 0.818366
vt 0.585057 0.817685
vt 0.593714 0.833913
vt 0.594581 0.834779
vt 0.591347 0.831545
vt 0.588112 0.828311
vt 0.584878 0.825077
vt 0.582511 0.822710
vt 0.581644 0.821843
vt 0.586969 0.839448
vt 0.587650 0.840467
vt 0.585109 0.836664
vt 0.582568 0.832861
vt 0.580027 0.829059
vt 0.578167 0.826275
vt 0.577486 0.825256
vt 0.579274 0.843561
vt 0.579743 0.844694
vt 0.577992 0.840468
vt 0.576242 0.836243
vt 0.574492 0.832017
vt 0.573211 0.828924
vt 0.572742 0.827792
vt 0.570924 0.846094
vt 0.571163 0.847296
vt 0.570271 0.842811
vt 0.569378 0.838325
vt 0.568486 0.833839
vt 0.567833 0.830555
vt 0.567594 0.829353
vt 0.562240 0.846950
vt 0.562240 0.848175
vt 0.562240 0.843601
vt 0.562240 0.839028
vt 0.562240 0.834454
vt 0.562240 0.831106
vt 0.562240 0.829881
vt 0.208582 0.872704
vt 0.208582 0.870532
vt 0.227225 0.862809
vt 0.228761 0.864346
vt 0.208582 0.864346
vt 0.208582 0.855087
vt 0.216304 0.851889
vt 0.222851 0.858435
vt 0.208582 0.844167
vt 0.219503 0.844167
vt 0.228761 0.844167
vt 0.234947 0.844167
vt 0.495325 0.765305
vt 0.439394 0.788472
vt 0.237120 0.844167
vt 0.416226 0.844403
vt 0.439394 0.900334
vt 0.439394 0.900334
vt 0.495325 0.923502
vt 0.551256 0.900334
vt 0.222851 0.829898
vt 0.227225 0.825524
vt 0.216304 0.836444
vt 0.574423 0.844403
vt 0.551256 0.788472
vt 0.228761 0.823988
vt 0.208582 0.833246
vt 0.208582 0.817802
vt 0.208582 0.815629
vt 0.208582 0.823988
vt 0.564129 0.844403
vt 0.543977 0.795751
vt 0.446672 0.893055
vt 0.495325 0.913208
vt 0.189939 0.825524
vt 0.188403 0.823988
vt 0.200860 0.836444
vt 0.194314 0.829898
vt 0.543977 0.893055
vt 0.426520 0.844403
vt 0.446672 0.795751
vt 0.495325 0.775599
vt 0.188403 0.844167
vt 0.182217 0.844167
vt 0.197662 0.844167
vt 0.180045 0.844167
vt 0.194314 0.858435
vt 0.189939 0.862809
vt 0.200860 0.851889
vt 0.188403 0.864346
vt 0.120355 0.872704
vt 0.120355 0.870532
vt 0.138998 0.862809
vt 0.140534 0.864346
vt 0.120355 0.864346
vt 0.120355 0.855087
vt 0.128077 0.851889
vt 0.134623 0.858435
vt 0.120355 0.844167
vt 0.131275 0.844167
vt 0.140534 0.844167
vt 0.146720 0.844167
vt 0.496976 0.766697
vt 0.441045 0.789864
vt 0.148892 0.844167
vt 0.417878 0.845795
vt 0.441045 0.901726
vt 0.496976 0.924894
vt 0.552907 0.901726
vt 0.552907 0.901726
vt 0.134623 0.829898
vt 0.138998 0.825524
vt 0.128077 0.836444
vt 0.576075 0.845795
vt 0.552907 0.789864
vt 0.552907 0.789864
vt 0.140534 0.823988
vt 0.120355 0.833246
vt 0.120355 0.817802
vt 0.120355 0.815629
vt 0.120355 0.823988
vt 0.565781 0.845795
vt 0.545628 0.797143
vt 0.448324 0.894447
vt 0.496976 0.914600
vt 0.101712 0.825524
vt 0.100176 0.823988
vt 0.112633 0.836444
vt 0.106086 0.829898
vt 0.545628 0.894447
vt 0.428171 0.845795
vt 0.448324 0.797143
vt 0.496976 0.776991
vt 0.100176 0.844167
vt 0.093990 0.844167
vt 0.109434 0.844167
vt 0.091817 0.844167
vt 0.106086 0.858435
vt 0.101712 0.862809
vt 0.112633 0.851889
vt 0.100176 0.864346
vt 0.468319 0.728102
vt 0.468319 0.902527
vt 0.538542 0.902527
vt 0.538542 0.728102
vt 0.205943 0.862516
vt 0.200764 0.862516
vt 0.200764 0.869568
vt 0.205943 0.869568
vt 0.208182 0.869568
vt 0.213361 0.869568
vt 0.208182 0.862516
vt 0.213361 0.862516
vt 0.520116 0.869568
vt 0.527534 0.869568
vt 0.527534 0.862516
vt 0.520116 0.862516
vt 0.522355 0.869568
vt 0.514937 0.869568
vt 0.514937 0.862516
vt 0.522355 0.862516
vt 0.205943 0.753633
vt 0.200764 0.753633
vt 0.200764 0.760685
vt 0.205943 0.760685
vt 0.208182 0.760685
vt 0.213361 0.760685
vt 0.208182 0.753633
vt 0.213361 0.753633
vt 0.520116 0.760685
vt 0.527534 0.760685
vt 0.527534 0.753633
vt 0.520116 0.753633
vt 0.522355 0.760685
vt 0.514937 0.760685
vt 0.514937 0.753633
vt 0.522355 0.753633
vt 0.175685 0.869167
vt 0.180864 0.869167
vt 0.180864 0.862114
vt 0.175685 0.862114
vt 0.173446 0.862114
vt 0.168267 0.862114
vt 0.173446 0.869167
vt 0.168267 0.869167
vt 0.489858 0.862114
vt 0.482440 0.862114
vt 0.482440 0.869167
vt 0.489858 0.869167
vt 0.487619 0.862114
vt 0.495037 0.862114
vt 0.495037 0.869167
vt 0.487619 0.869167
vt 0.175685 0.760284
vt 0.180864 0.760284
vt 0.180864 0.753232
vt 0.175685 0.753232
vt 0.173446 0.753232
vt 0.168267 0.753232
vt 0.173446 0.760284
vt 0.168267 0.760284
vt 0.489858 0.753232
vt 0.482440 0.753232
vt 0.482440 0.760284
vt 0.489858 0.760284
vt 0.487619 0.753232
vt 0.495037 0.753232
vt 0.495037 0.760284
vt 0.487619 0.760284
vt 0.251472 0.782775
vt 0.251472 0.883197
vt 0.251472 0.782775
vt 0.091682 0.782775
vt 0.091682 0.883197
vt 0.091682 0.782775
vt 0.425195 0.911935
vt 0.596243 0.911935
vt 0.596243 0.760254
vt 0.425195 0.760254
vt 0.241658 0.883197
vt 0.101496 0.883197
vt 0.101496 0.874063
vt 0.241658 0.874063
vt 0.601760 0.910629
vt 0.430855 0.910629
vt 0.430855 0.766040
vt 0.601760 0.766040
vt 0.101496 0.874063
vt 0.241658 0.874063
vt 0.600992 0.756042
vt 0.420445 0.756042
vt 0.600992 0.916146
vt 0.420445 0.916146
vt 0.876349 0.243996
vt 0.876349 0.241935
vt 0.887079 0.239115
vt 0.887079 0.241121
vt 0.894933 0.231412
vt 0.894933 0.233267
vt 0.897808 0.220888
vt 0.897808 0.222538
vt 0.894933 0.210365
vt 0.894933 0.211808
vt 0.887079 0.202662
vt 0.887079 0.203954
vt 0.876349 0.199842
vt 0.876349 0.201079
vt 0.865620 0.202662
vt 0.865620 0.203954
vt 0.857765 0.210365
vt 0.857765 0.211808
vt 0.854891 0.220888
vt 0.854891 0.222538
vt 0.857765 0.231412
vt 0.857765 0.233267
vt 0.865620 0.239115
vt 0.865620 0.241121
vt 0.876349 0.235829
vt 0.887079 0.233173
vt 0.894933 0.225917
vt 0.897808 0.216004
vt 0.894933 0.206091
vt 0.887079 0.198835
vt 0.876349 0.196179
vt 0.865620 0.198835
vt 0.857765 0.206091
vt 0.854891 0.216004
vt 0.857765 0.225917
vt 0.865620 0.233173
vt 0.876349 0.225914
vt 0.887079 0.223524
vt 0.894933 0.216993
vt 0.897808 0.208072
vt 0.894933 0.199151
vt 0.887079 0.192620
vt 0.876349 0.190229
vt 0.865620 0.192620
vt 0.857765 0.199151
vt 0.854891 0.208072
vt 0.857765 0.216993
vt 0.865620 0.223524
vt 0.876349 0.212571
vt 0.887079 0.210538
vt 0.894933 0.204984
vt 0.897808 0.197397
vt 0.894933 0.189810
vt 0.887079 0.184256
vt 0.876349 0.182223
vt 0.865620 0.184256
vt 0.857765 0.189810
vt 0.854891 0.197397
vt 0.857765 0.204984
vt 0.865620 0.210538
vt 0.876349 0.196312
vt 0.887079 0.194714
vt 0.894933 0.190351
vt 0.897808 0.184390
vt 0.894933 0.178429
vt 0.887079 0.174065
vt 0.876349 0.172468
vt 0.865620 0.174065
vt 0.857765 0.178429
vt 0.854891 0.184390
vt 0.857765 0.190351
vt 0.865620 0.194714
vt 0.876349 0.177762
vt 0.887079 0.176662
vt 0.894933 0.173656
vt 0.897808 0.169550
vt 0.894933 0.165444
vt 0.887079 0.162439
vt 0.876349 0.161338
vt 0.865620 0.162439
vt 0.857765 0.165444
vt 0.854891 0.169550
vt 0.857765 0.173656
vt 0.865620 0.176662
vt 0.876349 0.157635
vt 0.887079 0.157074
vt 0.894933 0.155541
vt 0.897808 0.153448
vt 0.894933 0.151355
vt 0.887079 0.149823
vt 0.876349 0.149262
vt 0.865620 0.149823
vt 0.857765 0.151355
vt 0.854891 0.153448
vt 0.857765 0.155541
vt 0.865620 0.157074
vt 0.876349 0.136703
vt 0.887079 0.136703
vt 0.894933 0.136703
vt 0.897808 0.136703
vt 0.865620 0.136703
vt 0.857765 0.136703
vt 0.854891 0.136703
vt 0.857765 0.104930
vt 0.854891 0.104930
vt 0.865620 0.104930
vt 0.897808 0.104930
vt 0.894933 0.104930
vt 0.887079 0.104930
vt 0.876349 0.104930
vt 0.844161 0.222538
vt 0.848473 0.206444
vt 0.876349 0.190349
vt 0.892443 0.194662
vt 0.876349 0.254726
vt 0.860255 0.250413
vt 0.860255 0.194662
vt 0.904225 0.238631
vt 0.892443 0.250413
vt 0.848473 0.238631
vt 0.908537 0.222538
vt 0.904225 0.206444
vt 0.876349 0.254726
vt 0.876349 0.190349
vt 0.780997 0.243996
vt 0.780997 0.241935
vt 0.791727 0.239115
vt 0.791727 0.241121
vt 0.799581 0.231412
vt 0.799581 0.233267
vt 0.802456 0.220888
vt 0.802456 0.222538
vt 0.799581 0.210365
vt 0.799581 0.211808
vt 0.791727 0.202662
vt 0.791727 0.203954
vt 0.780997 0.199842
vt 0.780997 0.201079
vt 0.770268 0.202662
vt 0.770268 0.203954
vt 0.762414 0.210365
vt 0.762414 0.211808
vt 0.759539 0.220888
vt 0.759539 0.222538
vt 0.762414 0.231412
vt 0.762414 0.233267
vt 0.770268 0.239115
vt 0.770268 0.241121
vt 0.780997 0.235829
vt 0.791727 0.233173
vt 0.799581 0.225917
vt 0.802456 0.216004
vt 0.799581 0.206091
vt 0.791727 0.198835
vt 0.780997 0.196179
vt 0.770268 0.198835
vt 0.762414 0.206091
vt 0.759539 0.216004
vt 0.762414 0.225917
vt 0.770268 0.233173
vt 0.780997 0.225914
vt 0.791727 0.223524
vt 0.799581 0.216993
vt 0.802456 0.208072
vt 0.799581 0.199151
vt 0.791727 0.192620
vt 0.780997 0.190229
vt 0.770268 0.192620
vt 0.762414 0.199151
vt 0.759539 0.208072
vt 0.762414 0.216993
vt 0.770268 0.223524
vt 0.780997 0.212571
vt 0.791727 0.210538
vt 0.799581 0.204984
vt 0.802456 0.197397
vt 0.799581 0.189810
vt 0.791727 0.184256
vt 0.780997 0.182223
vt 0.770268 0.184256
vt 0.762414 0.189810
vt 0.759539 0.197397
vt 0.762414 0.204984
vt 0.770268 0.210538
vt 0.780997 0.196312
vt 0.791727 0.194714
vt 0.799581 0.190351
vt 0.802456 0.184390
vt 0.799581 0.178429
vt 0.791727 0.174065
vt 0.780997 0.172468
vt 0.770268 0.174065
vt 0.762414 0.178429
vt 0.759539 0.184390
vt 0.762414 0.190351
vt 0.770268 0.194714
vt 0.780997 0.177762
vt 0.791727 0.176662
vt 0.799581 0.173656
vt 0.802456 0.169550
vt 0.799581 0.165444
vt 0.791727 0.162439
vt 0.780997 0.161338
vt 0.770268 0.162439
vt 0.762414 0.165444
vt 0.759539 0.169550
vt 0.762414 0.173656
vt 0.770268 0.176662
vt 0.780997 0.157635
vt 0.791727 0.157074
vt 0.799581 0.155541
vt 0.802456 0.153448
vt 0.799581 0.151355
vt 0.791727 0.149823
vt 0.780997 0.149262
vt 0.770268 0.149823
vt 0.762414 0.151355
vt 0.759539 0.153448
vt 0.762414 0.155541
vt 0.770268 0.157074
vt 0.780997 0.136703
vt 0.791727 0.136703
vt 0.799581 0.136703
vt 0.802456 0.136703
vt 0.770268 0.136703
vt 0.762414 0.136703
vt 0.759539 0.136703
vt 0.762414 0.104930
vt 0.759539 0.104930
vt 0.770268 0.104930
vt 0.802456 0.104930
vt 0.799581 0.104930
vt 0.791727 0.104930
vt 0.780997 0.104930
vt 0.748810 0.222538
vt 0.753122 0.206444
vt 0.780997 0.190349
vt 0.797091 0.194662
vt 0.780997 0.254726
vt 0.764903 0.250413
vt 0.764903 0.194662
vt 0.808873 0.238631
vt 0.797091 0.250413
vt 0.753122 0.238631
vt 0.813186 0.222538
vt 0.808873 0.206444
vt 0.780997 0.254726
vt 0.780997 0.190349
vt 0.509556 0.834617
vt 0.509556 0.844548
vt 0.517840 0.842901
vt 0.514040 0.833725
vt 0.509556 0.851184
vt 0.509556 0.853515
vt 0.521271 0.851184
vt 0.520380 0.849032
vt 0.509556 0.822902
vt 0.517840 0.831186
vt 0.529555 0.842901
vt 0.524863 0.838208
vt 0.531203 0.844548
vt 0.535686 0.833725
vt 0.537839 0.834617
vt 0.520380 0.827385
vt 0.529555 0.831186
vt 0.531203 0.822902
vt 0.521271 0.822902
vt 0.540169 0.822902
vt 0.537839 0.822902
vt 0.529555 0.814618
vt 0.535686 0.812079
vt 0.520380 0.818419
vt 0.537839 0.811187
vt 0.517840 0.814618
vt 0.529555 0.802904
vt 0.524863 0.807596
vt 0.531203 0.801256
vt 0.514040 0.812079
vt 0.517840 0.802904
vt 0.521271 0.794620
vt 0.520380 0.796773
vt 0.509556 0.801256
vt 0.509556 0.811187
vt 0.509556 0.792290
vt 0.509556 0.794620
vt 0.505073 0.812079
vt 0.498733 0.796773
vt 0.501273 0.802904
vt 0.497842 0.794620
vt 0.489558 0.802904
vt 0.494250 0.807596
vt 0.487910 0.801256
vt 0.501273 0.814618
vt 0.489558 0.814618
vt 0.498733 0.818419
vt 0.481274 0.811187
vt 0.483427 0.812079
vt 0.478944 0.822902
vt 0.481274 0.822902
vt 0.487910 0.822902
vt 0.497842 0.822902
vt 0.498733 0.827385
vt 0.483427 0.833725
vt 0.489558 0.831186
vt 0.481274 0.834617
vt 0.489558 0.842901
vt 0.487910 0.844548
vt 0.501273 0.831186
vt 0.494250 0.838208
vt 0.501273 0.842901
vt 0.505073 0.833725
vt 0.497842 0.851184
vt 0.498733 0.849032
vt 0.873008 0.196261
vt 0.875160 0.196257
vt 0.874379 0.196277
vt 0.875924 0.196216
vt 0.871657 0.196176
vt 0.876669 0.196155
vt 0.877397 0.196074
vt 0.870326 0.196023
vt 0.878106 0.195972
vt 0.878798 0.195850
vt 0.869014 0.195802
vt 0.879471 0.195707
vt 0.880127 0.195544
vt 0.867721 0.195513
vt 0.880764 0.195361
vt 0.881383 0.195157
vt 0.866448 0.195155
vt 0.881984 0.194933
vt 0.865194 0.194730
vt 0.882568 0.194688
vt 0.883130 0.194426
vt 0.863959 0.194236
vt 0.883669 0.194150
vt 0.884184 0.193859
vt 0.862744 0.193675
vt 0.884675 0.193555
vt 0.885143 0.193236
vt 0.861549 0.193045
vt 0.885588 0.192903
vt 0.886008 0.192555
vt 0.860372 0.192347
vt 0.886405 0.192194
vt 0.886779 0.191818
vt 0.859215 0.191581
vt 0.887129 0.191428
vt 0.887455 0.191024
vt 0.862842 0.186319
vt 0.863325 0.186625
vt 0.863803 0.186918
vt 0.864274 0.187195
vt 0.864740 0.187457
vt 0.865200 0.187704
vt 0.865655 0.187936
vt 0.866104 0.188153
vt 0.866546 0.188356
vt 0.866984 0.188543
vt 0.867415 0.188715
vt 0.867841 0.188873
vt 0.868260 0.189015
vt 0.868680 0.189144
vt 0.869105 0.189261
vt 0.869536 0.189367
vt 0.869972 0.189461
vt 0.870414 0.189543
vt 0.870861 0.189613
vt 0.871313 0.189671
vt 0.871771 0.189718
vt 0.872235 0.189753
vt 0.887758 0.190605
vt 0.872703 0.189776
vt 0.888036 0.190176
vt 0.873178 0.189787
vt 0.873658 0.189787
vt 0.888290 0.189740
vt 0.874236 0.189769
vt 0.888519 0.189297
vt 0.874790 0.189732
vt 0.875321 0.189674
vt 0.875828 0.189597
vt 0.876311 0.189501
vt 0.876771 0.189384
vt 0.888723 0.188847
vt 0.877207 0.189248
vt 0.877619 0.189092
vt 0.878008 0.188916
vt 0.888903 0.188390
vt 0.878373 0.188721
vt 0.878714 0.188505
vt 0.889058 0.187926
vt 0.879032 0.188270
vt 0.879325 0.188021
vt 0.889188 0.187455
vt 0.879592 0.187763
vt 0.879833 0.187496
vt 0.889294 0.186977
vt 0.880048 0.187221
vt 0.880238 0.186938
vt 0.889375 0.186492
vt 0.880402 0.186645
vt 0.880540 0.186344
vt 0.889431 0.186001
vt 0.880652 0.186035
vt 0.889462 0.185502
vt 0.880738 0.185717
vt 0.880799 0.185390
vt 0.889469 0.184996
vt 0.880834 0.185055
vt 0.889447 0.182986
vt 0.880843 0.184711
vt 0.880828 0.183425
vt 0.880817 0.183120
vt 0.880790 0.182823
vt 0.889426 0.182454
vt 0.880747 0.182532
vt 0.889376 0.181930
vt 0.880689 0.182248
vt 0.880615 0.181971
vt 0.889296 0.181415
vt 0.880526 0.181701
vt 0.880421 0.181438
vt 0.889187 0.180907
vt 0.880301 0.181181
vt 0.880165 0.180932
vt 0.889048 0.180408
vt 0.880013 0.180690
vt 0.879846 0.180454
vt 0.888879 0.179917
vt 0.879663 0.180225
vt 0.879458 0.179995
vt 0.888681 0.179434
vt 0.879224 0.179756
vt 0.878960 0.179506
vt 0.888453 0.178960
vt 0.878667 0.179247
vt 0.878345 0.178979
vt 0.888195 0.178493
vt 0.877994 0.178701
vt 0.877614 0.178413
vt 0.887908 0.178035
vt 0.877204 0.178115
vt 0.887592 0.177585
vt 0.876765 0.177808
vt 0.876297 0.177491
vt 0.887245 0.177144
vt 0.875800 0.177165
vt 0.886865 0.176703
vt 0.875274 0.176829
vt 0.886446 0.176256
vt 0.868867 0.172899
vt 0.885988 0.175803
vt 0.885491 0.175344
vt 0.884956 0.174879
vt 0.884382 0.174407
vt 0.883769 0.173930
vt 0.883118 0.173446
vt 0.882428 0.172956
vt 0.881699 0.172460
vt 0.868152 0.172448
vt 0.880932 0.171958
vt 0.867465 0.171987
vt 0.880126 0.171450
vt 0.866808 0.171516
vt 0.874688 0.168148
vt 0.866180 0.171034
vt 0.865580 0.170542
vt 0.865010 0.170039
vt 0.864468 0.169526
vt 0.863955 0.169002
vt 0.863471 0.168468
vt 0.863017 0.167923
vt 0.874108 0.167784
vt 0.873559 0.167427
vt 0.862591 0.167368
vt 0.873041 0.167075
vt 0.862194 0.166802
vt 0.872554 0.166730
vt 0.872098 0.166391
vt 0.861826 0.166219
vt 0.871672 0.166059
vt 0.861490 0.165611
vt 0.871278 0.165733
vt 0.870914 0.165413
vt 0.861185 0.164977
vt 0.870581 0.165099
vt 0.870279 0.164792
vt 0.860911 0.164318
vt 0.870007 0.164490
vt 0.869767 0.164195
vt 0.869550 0.163899
vt 0.860667 0.163635
vt 0.869349 0.163595
vt 0.869165 0.163283
vt 0.860455 0.162926
vt 0.868996 0.162963
vt 0.868843 0.162635
vt 0.860274 0.162192
vt 0.868707 0.162299
vt 0.868587 0.161954
vt 0.860123 0.161433
vt 0.868483 0.161602
vt 0.868395 0.161241
vt 0.860004 0.160649
vt 0.868323 0.160873
vt 0.868267 0.160496
vt 0.859915 0.159840
vt 0.868227 0.160111
vt 0.889273 0.159792
vt 0.889199 0.153015
vt 0.859857 0.159005
vt 0.859831 0.158146
vt 0.859771 0.153475
vt 0.802990 0.167194
vt 0.813927 0.222969
vt 0.803902 0.223079
vt 0.813566 0.199927
vt 0.836005 0.199646
vt 0.846405 0.222612
vt 0.836335 0.222723
vt 0.845638 0.166564
vt 0.813438 0.191779
vt 0.835888 0.191485
vt 0.813050 0.167046
vt 0.835534 0.166713
vt 0.872383 0.195783
vt 0.873713 0.195799
vt 0.874471 0.195780
vt 0.875212 0.195740
vt 0.871073 0.195701
vt 0.875935 0.195681
vt 0.876641 0.195602
vt 0.869781 0.195553
vt 0.877329 0.195503
vt 0.878000 0.195384
vt 0.868508 0.195338
vt 0.878653 0.195246
vt 0.879289 0.195088
vt 0.867254 0.195058
vt 0.879907 0.194910
vt 0.880507 0.194712
vt 0.866019 0.194711
vt 0.881091 0.194495
vt 0.864803 0.194299
vt 0.881656 0.194257
vt 0.882202 0.194003
vt 0.863606 0.193820
vt 0.882724 0.193735
vt 0.883224 0.193453
vt 0.862427 0.193275
vt 0.883701 0.193158
vt 0.884154 0.192848
vt 0.861267 0.192664
vt 0.884585 0.192525
vt 0.884994 0.192188
vt 0.860125 0.191987
vt 0.885379 0.191838
vt 0.885741 0.191473
vt 0.859003 0.191244
vt 0.886080 0.191095
vt 0.886397 0.190703
vt 0.862522 0.186139
vt 0.862990 0.186436
vt 0.863453 0.186720
vt 0.863911 0.186989
vt 0.864363 0.187243
vt 0.864809 0.187483
vt 0.865250 0.187708
vt 0.865685 0.187919
vt 0.866115 0.188115
vt 0.866539 0.188296
vt 0.866957 0.188464
vt 0.867370 0.188616
vt 0.867778 0.188754
vt 0.868185 0.188880
vt 0.868597 0.188993
vt 0.869015 0.189096
vt 0.869438 0.189187
vt 0.869866 0.189266
vt 0.870300 0.189334
vt 0.870739 0.189391
vt 0.871183 0.189436
vt 0.871633 0.189470
vt 0.886690 0.190297
vt 0.872088 0.189492
vt 0.886960 0.189880
vt 0.872548 0.189503
vt 0.873013 0.189503
vt 0.887206 0.189457
vt 0.873574 0.189486
vt 0.887429 0.189028
vt 0.874112 0.189449
vt 0.874626 0.189394
vt 0.875118 0.189319
vt 0.875587 0.189225
vt 0.876033 0.189112
vt 0.887627 0.188591
vt 0.876456 0.188980
vt 0.876856 0.188829
vt 0.877233 0.188658
vt 0.887801 0.188148
vt 0.877587 0.188469
vt 0.877918 0.188260
vt 0.887951 0.187698
vt 0.878226 0.188032
vt 0.878510 0.187790
vt 0.888078 0.187241
vt 0.878769 0.187540
vt 0.879003 0.187281
vt 0.888180 0.186777
vt 0.879212 0.187014
vt 0.879396 0.186739
vt 0.888259 0.186307
vt 0.879555 0.186455
vt 0.879689 0.186163
vt 0.888313 0.185830
vt 0.879798 0.185863
vt 0.888343 0.185346
vt 0.879882 0.185555
vt 0.879940 0.185238
vt 0.888350 0.184856
vt 0.879974 0.184912
vt 0.888328 0.182906
vt 0.879982 0.184579
vt 0.879968 0.183332
vt 0.879957 0.183036
vt 0.879931 0.182747
vt 0.888308 0.182390
vt 0.879890 0.182465
vt 0.888260 0.181882
vt 0.879833 0.182190
vt 0.879762 0.181921
vt 0.888182 0.181381
vt 0.879675 0.181659
vt 0.879573 0.181404
vt 0.888076 0.180889
vt 0.879457 0.181155
vt 0.879325 0.180913
vt 0.887941 0.180405
vt 0.879178 0.180678
vt 0.879015 0.180450
vt 0.887777 0.179929
vt 0.878838 0.180228
vt 0.878639 0.180005
vt 0.887585 0.179460
vt 0.878412 0.179772
vt 0.878156 0.179530
vt 0.887364 0.179000
vt 0.877872 0.179279
vt 0.877560 0.179019
vt 0.887114 0.178548
vt 0.877219 0.178749
vt 0.876850 0.178469
vt 0.886836 0.178103
vt 0.876453 0.178181
vt 0.886528 0.177667
vt 0.876027 0.177883
vt 0.875573 0.177576
vt 0.886193 0.177238
vt 0.875091 0.177259
vt 0.885823 0.176811
vt 0.874581 0.176933
vt 0.885417 0.176378
vt 0.868366 0.173121
vt 0.884973 0.175938
vt 0.884491 0.175493
vt 0.883972 0.175041
vt 0.883415 0.174584
vt 0.882821 0.174121
vt 0.882189 0.173652
vt 0.881520 0.173177
vt 0.880813 0.172695
vt 0.867672 0.172684
vt 0.880068 0.172208
vt 0.867006 0.172237
vt 0.879286 0.171715
vt 0.866368 0.171779
vt 0.874012 0.168512
vt 0.865759 0.171312
vt 0.865177 0.170834
vt 0.864624 0.170347
vt 0.864098 0.169849
vt 0.863601 0.169341
vt 0.863132 0.168822
vt 0.862690 0.168294
vt 0.873449 0.168159
vt 0.872917 0.167813
vt 0.862277 0.167755
vt 0.872414 0.167472
vt 0.861892 0.167207
vt 0.871942 0.167137
vt 0.871499 0.166808
vt 0.861536 0.166641
vt 0.871086 0.166486
vt 0.861210 0.166051
vt 0.870704 0.166169
vt 0.870351 0.165859
vt 0.860914 0.165436
vt 0.870028 0.165555
vt 0.869735 0.165256
vt 0.860648 0.164797
vt 0.869472 0.164964
vt 0.869238 0.164678
vt 0.869028 0.164391
vt 0.860412 0.164134
vt 0.868833 0.164096
vt 0.868654 0.163793
vt 0.860206 0.163446
vt 0.868490 0.163483
vt 0.868342 0.163165
vt 0.860030 0.162735
vt 0.868210 0.162838
vt 0.868093 0.162504
vt 0.859884 0.161998
vt 0.867992 0.162163
vt 0.867907 0.161813
vt 0.859768 0.161238
vt 0.867837 0.161455
vt 0.867783 0.161090
vt 0.859682 0.160453
vt 0.867745 0.160717
vt 0.888158 0.160408
vt 0.888086 0.153834
vt 0.859626 0.159643
vt 0.859600 0.158809
vt 0.859542 0.154279
vt 0.804456 0.167585
vt 0.805336 0.221807
vt 0.815064 0.221699
vt 0.814715 0.199343
vt 0.836486 0.199069
vt 0.836806 0.221459
vt 0.846575 0.221350
vt 0.845832 0.166975
vt 0.814591 0.191437
vt 0.836373 0.191152
vt 0.814217 0.167442
vt 0.836030 0.167120
s 1
usemtl base_material
f 1/1/1 13/2/2 14/3/3 2/4/4
f 2/4/4 14/3/3 15/5/5 3/6/6
f 3/6/6 15/5/5 16/7/7 4/8/8
f 4/8/8 16/7/7 17/9/9 5/10/10
f 5/10/10 17/9/9 18/11/11 6/12/12
f 6/12/12 18/11/11 19/13/13 7/14/14
f 7/14/14 19/13/13 20/11/15 8/12/16
f 8/12/16 20/11/15 21/9/17 9/10/18
f 9/10/18 21/9/17 22/7/19 10/8/20
f 10/8/20 22/7/19 23/5/21 11/6/22
f 11/6/22 23/5/21 24/3/23 12/4/24
f 12/4/24 24/3/23 13/2/2 1/1/1
f 13/2/2 25/15/25 26/16/26 14/3/3
f 14/3/3 26/16/26 27/17/27 15/5/5
f 15/5/5 27/17/27 28/18/28 16/7/7
f 16/7/7 28/18/28 29/19/29 17/9/9
f 17/9/9 29/19/29 30/20/30 18/11/11
f 18/11/11 30/20/30 31/21/31 19/13/13
f 19/13/13 31/21/31 32/20/32 20/11/15
f 20/11/15 32/20/32 33/19/33 21/9/17
f 21/9/17 33/19/33 34/18/34 22/7/19
f 22/7/19 34/18/34 35/17/35 23/5/21
f 23/5/21 35/17/35 36/16/36 24/3/23
f 24/3/23 36/16/36 25/15/25 13/2/2
f 25/15/25 37/22/37 38/23/38 26/16/26
f 26/16/26 38/23/38 39/24/39 27/17/27
f 27/17/27 39/24/39 40/25/40 28/18/28
f 28/18/28 40/25/40 41/26/41 29/19/29
f 29/19/29 41/26/41 42/27/42 30/20/30
f 30/20/30 42/27/42 43/28/43 31/21/31
f 31/21/31 43/28/43 44/27/44 32/20/32
f 32/20/32 44/27/44 45/26/45 33/19/33
f 33/19/33 45/26/45 46/25/46 34/18/34
f 34/18/34 46/25/46 47/24/47 35/17/35
f 35/17/35 47/24/47 48/23/48 36/16/36
f 36/16/36 48/23/48 37/22/37 25/15/25
f 37/22/37 49/29/49 50/30/50 38/23/38
f 38/23/38 50/30/50 51/31/51 39/24/39
f 39/24/39 51/31/51 52/32/52 40/25/40
f 40/25/40 52/32/52 53/33/53 41/26/41
f 41/26/41 53/33/53 54/34/54 42/27/42
f 42/27/42 54/34/54 55/35/55 43/28/43
f 43/28/43 55/35/55 56/34/56 44/27/44
f 44/27/44 56/34/56 57/33/57 45/26/45
f 45/26/45 57/33/57 58/32/58 46/25/46
f 46/25/46 58/32/58 59/31/59 47/24/47
f 47/24/47 59/31/59 60/30/60 48/23/48
f 48/23/48 60/30/60 49/29/49 37/22/37
f 49/29/49 61/36/61 62/37/62 50/30/50
f 50/30/50 62/37/62 63/38/63 51/31/51
f 51/31/51 63/38/63 64/39/64 52/32/52
f 52/32/52 64/39/64 65/40/65 53/33/53
f 53/33/53 65/40/65 66/41/66 54/34/54
f 54/34/54 66/41/66 67/42/67 55/35/55
f 55/35/55 67/42/67 68/41/68 56/34/56
f 56/34/56 68/41/68 69/40/69 57/33/57
f 57/33/57 69/40/69 70/39/70 58/32/58
f 58/32/58 70/39/70 71/38/71 59/31/59
f 59/31/59 71/38/71 72/37/72 60/30/60
f 60/30/60 72/37/72 61/36/61 49/29/49
f 61/36/61 73/43/73 74/44/74 62/37/62
f 62/37/62 74/44/74 75/45/75 63/38/63
f 63/38/63 75/45/75 76/46/76 64/39/64
f 64/39/64 76/46/76 77/47/77 65/40/65
f 65/40/65 77/47/77 78/48/78 66/41/66
f 66/41/66 78/48/78 79/49/79 67/42/67
f 67/42/67 79/49/79 80/48/80 68/41/68
f 68/41/68 80/48/80 81/47/81 69/40/69
f 69/40/69 81/47/81 82/46/82 70/39/70
f 70/39/70 82/46/82 83/45/83 71/38/71
f 71/38/71 83/45/83 84/44/84 72/37/72
f 72/37/72 84/44/84 73/43/73 61/36/61
f 73/43/73 85/50/85 86/51/86 74/44/74
f 74/44/74 86/51/86 87/52/87 75/45/75
f 75/45/75 87/52/87 88/53/88 76/46/76
f 76/46/76 88/53/88 89/54/89 77/47/77
f 77/47/77 89/54/89 90/55/90 78/48/78
f 78/48/78 90/55/90 91/56/91 79/49/79
f 79/49/79 91/56/91 92/55/92 80/48/80
f 80/48/80 92/55/92 93/54/93 81/47/81
f 81/47/81 93/54/93 94/53/94 82/46/82
f 82/46/82 94/53/94 95/52/95 83/45/83
f 83/45/83 95/52/95 96/51/96 84/44/84
f 84/44/84 96/51/96 85/50/85 73/43/73
f 85/50/85 120/57/97 119/58/98 86/51/86
f 86/51/86 119/58/98 115/59/99 87/52/87
f 87/52/87 115/59/99 113/60/100 88/53/88
f 88/53/88 113/60/100 112/61/101 89/54/89
f 89/54/89 112/61/101 111/62/102 90/55/90
f 90/55/90 111/62/102 110/63/103 91/56/91
f 91/56/91 110/63/103 109/62/104 92/55/92
f 92/55/92 109/62/104 118/61/105 93/54/93
f 93/54/93 118/61/105 117/60/106 94/53/94
f 94/53/94 117/60/106 114/59/107 95/52/95
f 95/52/95 114/59/107 116/58/108 96/51/96
f 96/51/96 116/58/108 120/57/97 85/50/85
f 117/60/106 118/61/105 99/64/109 100/65/110
f 116/58/108 114/59/107 103/66/111 101/67/112
f 112/61/101 113/60/100 104/65/113 105/64/114
f 110/63/103 111/62/102 106/68/115 107/69/116
f 115/59/99 119/58/98 98/67/117 102/66/118
f 118/61/105 109/62/104 108/68/119 99/64/109
f 119/58/98 120/57/97 97/70/120 98/67/117
f 113/60/100 115/59/99 102/66/118 104/65/113
f 120/57/97 116/58/108 101/67/112 97/70/120
f 111/62/102 112/61/101 105/64/114 106/68/115
f 109/62/104 110/63/103 107/69/116 108/68/119
f 114/59/107 117/60/106 100/65/110 103/66/111
f 121/71/121 122/72/122 134/73/123 133/74/124
f 122/72/122 123/75/125 135/76/126 134/73/123
f 123/75/125 124/77/127 136/78/128 135/76/126
f 124/77/127 125/79/129 137/80/130 136/78/128
f 125/79/129 126/81/131 138/82/132 137/80/130
f 126/81/131 127/83/133 139/84/134 138/82/132
f 127/83/133 128/81/135 140/82/136 139/84/134
f 128/81/135 129/79/137 141/80/138 140/82/136
f 129/79/137 130/77/139 142/78/140 141/80/138
f 130/77/139 131/75/141 143/76/142 142/78/140
f 131/75/141 132/72/143 144/73/144 143/76/142
f 132/72/143 121/71/121 133/74/124 144/73/144
f 133/74/124 134/73/123 146/85/145 145/86/146
f 134/73/123 135/76/126 147/87/147 146/85/145
f 135/76/126 136/78/128 148/88/148 147/87/147
f 136/78/128 137/80/130 149/89/149 148/88/148
f 137/80/130 138/82/132 150/90/150 149/89/149
f 138/82/132 139/84/134 151/91/151 150/90/150
f 139/84/134 140/82/136 152/90/152 151/91/151
f 140/82/136 141/80/138 153/89/153 152/90/152
f 141/80/138 142/78/140 154/88/154 153/89/153
f 142/78/140 143/76/142 155/87/155 154/88/154
f 143/76/142 144/73/144 156/85/156 155/87/155
f 144/73/144 133/74/124 145/86/146 156/85/156
f 145/86/146 146/85/145 158/92/157 157/93/158
f 146/85/145 147/87/147 159/94/159 158/92/157
f 147/87/147 148/88/148 160/95/160 159/94/159
f 148/88/148 149/89/149 161/96/161 160/95/160
f 149/89/149 150/90/150 162/97/162 161/96/161
f 150/90/150 151/91/151 163/98/163 162/97/162
f 151/91/151 152/90/152 164/97/164 163/98/163
f 152/90/152 153/89/153 165/96/165 164/97/164
f 153/89/153 154/88/154 166/95/166 165/96/165
f 154/88/154 155/87/155 167/94/167 166/95/166
f 155/87/155 156/85/156 168/92/168 167/94/167
f 156/85/156 145/86/146 157/93/158 168/92/168
f 157/93/158 158/92/157 170/99/169 169/100/170
f 158/92/157 159/94/159 171/101/171 170/99/169
f 159/94/159 160/95/160 172/102/172 171/101/171
f 160/95/160 161/96/161 173/103/173 172/102/172
f 161/96/161 162/97/162 174/104/174 173/103/173
f 162/97/162 163/98/163 175/105/175 174/104/174
f 163/98/163 164/97/164 176/104/176 175/105/175
f 164/97/164 165/96/165 177/103/177 176/104/176
f 165/96/165 166/95/166 178/102/178 177/103/177
f 166/95/166 167/94/167 179/101/179 178/102/178
f 167/94/167 168/92/168 180/99/180 179/101/179
f 168/92/168 157/93/158 169/100/170 180/99/180
f 169/100/170 170/99/169 182/106/181 181/107/182
f 170/99/169 171/101/171 183/108/183 182/106/181
f 171/101/171 172/102/172 184/109/184 183/108/183
f 172/102/172 173/103/173 185/110/185 184/109/184
f 173/103/173 174/104/174 186/111/186 185/110/185
f 174/104/174 175/105/175 187/112/187 186/111/186
f 175/105/175 176/104/176 188/111/188 187/112/187
f 176/104/176 177/103/177 189/110/189 188/111/188
f 177/103/177 178/102/178 190/109/190 189/110/189
f 178/102/178 179/101/179 191/108/191 190/109/190
f 179/101/179 180/99/180 192/106/192 191/108/191
f 180/99/180 169/100/170 181/107/182 192/106/192
f 181/107/182 182/106/181 194/113/193 193/114/194
f 182/106/181 183/108/183 195/115/195 194/113/193
f 183/108/183 184/109/184 196/116/196 195/115/195
f 184/109/184 185/110/185 197/117/197 196/116/196
f 185/110/185 186/111/186 198/118/198 197/117/197
f 186/111/186 187/112/187 199/119/199 198/118/198
f 187/112/187 188/111/188 200/118/200 199/119/199
f 188/111/188 189/110/189 201/117/201 200/118/200
f 189/110/189 190/109/190 202/116/202 201/117/201
f 190/109/190 191/108/191 203/115/203 202/116/202
f 191/108/191 192/106/192 204/113/204 203/115/203
f 192/106/192 181/107/182 193/114/194 204/113/204
f 193/114/194 194/113/193 206/120/205 205/121/206
f 194/113/193 195/115/195 207/122/207 206/120/205
f 195/115/195 196/116/196 208/123/208 207/122/207
f 196/116/196 197/117/197 209/124/209 208/123/208
f 197/117/197 198/118/198 210/125/210 209/124/209
f 198/118/198 199/119/199 211/126/211 210/125/210
f 199/119/199 200/118/200 212/125/212 211/126/211
f 200/118/200 201/117/201 213/124/213 212/125/212
f 201/117/201 202/116/202 214/123/214 213/124/213
f 202/116/202 203/115/203 215/122/215 214/123/214
f 203/115/203 204/113/204 216/120/216 215/122/215
f 204/113/204 193/114/194 205/121/206 216/120/216
f 205/121/206 206/120/205 227/127/217 228/128/218
f 206/120/205 207/122/207 223/129/219 227/127/217
f 207/122/207 208/123/208 221/130/220 223/129/219
f 208/123/208 209/124/209 220/131/221 221/130/220
f 209/124/209 210/125/210 219/132/222 220/131/221
f 210/125/210 211/126/211 218/133/223 219/132/222
f 211/126/211 212/125/212 217/132/224 218/133/223
f 212/125/212 213/124/213 226/131/225 217/132/224
f 213/124/213 214/123/214 225/130/226 226/131/225
f 214/123/214 215/122/215 222/129/227 225/130/226
f 215/122/215 216/120/216 224/127/228 222/129/227
f 216/120/216 205/121/206 228/128/218 224/127/228
f 225/130/226 100/65/110 99/64/109 226/131/225
f 224/127/228 101/67/112 103/66/111 222/129/227
f 220/131/221 105/64/114 104/65/113 221/130/220
f 218/133/223 107/69/116 106/68/115 219/132/222
f 223/129/219 102/66/118 98/67/117 227/127/217
f 226/131/225 99/64/109 108/68/119 217/132/224
f 227/127/217 98/67/117 97/70/120 228/128/218
f 221/130/220 104/65/113 102/66/118 223/129/219
f 228/128/218 97/70/120 101/67/112 224/127/228
f 219/132/222 106/68/115 105/64/114 220/131/221
f 217/132/224 108/68/119 107/69/116 218/133/223
f 222/129/227 103/66/111 100/65/110 225/130/226
f 11/6/22 12/4/24 240/4/229 239/6/230
f 126/81/131 125/79/129 245/79/231 246/81/232
f 130/77/139 129/79/137 249/79/230 250/77/110
f 6/12/12 7/14/14 235/14/233 234/12/234
f 123/75/125 122/72/122 242/72/234 243/75/235
f 1/1/1 2/4/4 230/4/232 229/1/236
f 125/79/129 124/77/127 244/77/113 245/79/231
f 5/10/10 6/12/12 234/12/234 233/10/235
f 121/71/121 132/72/143 252/72/237 241/71/233
f 131/75/141 130/77/139 250/77/110 251/75/238
f 9/10/18 10/8/20 238/8/110 237/10/238
f 128/81/135 127/83/133 247/83/236 248/81/229
f 2/4/4 3/6/6 231/6/231 230/4/232
f 4/8/8 5/10/10 233/10/235 232/8/113
f 12/4/24 1/1/1 229/1/236 240/4/229
f 10/8/20 11/6/22 239/6/230 238/8/110
f 7/14/14 8/12/16 236/12/237 235/14/233
f 124/77/127 123/75/125 243/75/235 244/77/113
f 129/79/137 128/81/135 248/81/229 249/79/230
f 132/72/143 131/75/141 251/75/238 252/72/237
f 3/6/6 4/8/8 232/8/113 231/6/231
f 8/12/16 9/10/18 237/10/238 236/12/237
f 127/83/133 126/81/131 246/81/232 247/83/236
f 122/72/122 121/71/121 241/71/233 242/72/234
f 237/10/239 238/8/240 262/8/240 261/10/239
f 251/75/239 250/77/240 274/77/240 275/75/239
f 234/12/241 235/14/242 259/14/242 258/12/241
f 240/4/243 229/1/244 253/1/244 264/4/243
f 244/77/245 243/75/246 267/75/246 268/77/245
f 235/14/242 236/12/247 260/12/247 259/14/242
f 230/4/248 231/6/249 255/6/249 254/4/248
f 252/72/247 251/75/239 275/75/239 276/72/247
f 236/12/247 237/10/239 261/10/239 260/12/247
f 238/8/240 239/6/250 263/6/250 262/8/240
f 245/79/251 244/77/245 268/77/245 269/79/251
f 242/72/241 241/71/242 265/71/242 266/72/241
f 231/6/249 232/8/245 256/8/245 255/6/249
f 246/81/248 245/79/251 269/79/251 270/81/248
f 250/77/240 249/79/250 273/79/250 274/77/240
f 239/6/250 240/4/243 264/4/243 263/6/250
f 247/83/244 246/81/248 270/81/248 271/83/244
f 241/71/242 252/72/247 276/72/247 265/71/242
f 232/8/245 233/10/252 257/10/252 256/8/245
f 248/81/243 247/83/244 271/83/244 272/81/243
f 229/1/244 230/4/248 254/4/248 253/1/244
f 243/75/246 242/72/241 266/72/241 267/75/246
f 233/10/252 234/12/241 258/12/241 257/10/252
f 249/79/250 248/81/243 272/81/243 273/79/250
f 255/6/231 256/8/113 280/8/113 279/6/231
f 270/81/232 269/79/231 293/79/231 294/81/232
f 274/77/110 273/79/230 297/79/230 298/77/110
f 263/6/230 264/4/229 288/4/229 287/6/230
f 271/83/236 270/81/232 294/81/232 295/83/236
f 265/71/233 276/72/237 300/72/237 289/71/233
f 256/8/113 257/10/235 281/10/235 280/8/113
f 272/81/229 271/83/236 295/83/236 296/81/229
f 253/1/236 254/4/232 278/4/232 277/1/236
f 267/75/235 266/72/234 290/72/234 291/75/235
f 257/10/235 258/12/234 282/12/234 281/10/235
f 273/79/230 272/81/229 296/81/229 297/79/230
f 261/10/238 262/8/110 286/8/110 285/10/238
f 275/75/238 274/77/110 298/77/110 299/75/238
f 258/12/234 259/14/233 283/14/233 282/12/234
f 264/4/229 253/1/236 277/1/236 288/4/229
f 268/77/113 267/75/235 291/75/235 292/77/113
f 259/14/233 260/12/237 284/12/237 283/14/233
f 254/4/232 255/6/231 279/6/231 278/4/232
f 276/72/237 275/75/238 299/75/238 300/72/237
f 260/12/237 261/10/238 285/10/238 284/12/237
f 262/8/110 263/6/230 287/6/230 286/8/110
f 269/79/231 268/77/113 292/77/113 293/79/231
f 266/72/234 265/71/233 289/71/233 290/72/234
f 304/134/253 303/135/254 309/136/255 310/137/256
f 302/138/257 301/139/258 307/140/259 308/141/260
f 303/135/254 302/138/257 308/141/260 309/136/255
f 301/139/258 335/142/120 307/140/259
f 308/141/260 307/140/259 314/143/261 315/144/262
f 309/136/255 308/141/260 315/144/262 316/145/263
f 307/140/259 335/142/120 314/143/261
f 333/146/113 334/147/264 311/147/264 312/146/113
f 310/137/256 309/136/255 316/145/263 317/148/265
f 340/149/233 341/150/266 305/151/266 306/149/233
f 325/152/110 326/153/267 319/153/267 320/152/110
f 316/145/263 315/144/262 322/154/268 323/155/269
f 314/143/261 335/142/120 321/156/270
f 326/153/267 327/157/236 318/157/236 319/153/267
f 332/158/271 333/146/113 312/146/113 313/158/271
f 317/148/265 316/145/263 323/155/269 324/159/272
f 315/144/262 314/143/261 321/156/270 322/154/268
f 321/156/270 335/142/120 328/160/273
f 334/147/264 340/149/233 306/149/233 311/147/264
f 341/150/266 325/152/110 320/152/110 305/151/266
f 324/159/272 323/155/269 330/161/274 331/162/275
f 322/154/268 321/156/270 328/160/273 329/163/276
f 320/152/116 319/153/116 318/157/116 313/158/116 312/146/116 311/147/116 306/149/116 305/151/116
f 355/164/120 350/165/120 332/158/120 327/157/120
f 323/155/269 322/154/268 329/163/276 330/161/274
f 342/166/120 357/167/120 325/152/120 341/150/120
f 331/162/275 330/161/274 338/168/277 339/169/278
f 329/163/276 328/160/273 336/170/279 337/171/280
f 357/167/120 356/172/120 326/153/120 325/152/120
f 347/173/120 342/166/120 341/150/120 340/149/120
f 330/161/274 329/163/276 337/171/280 338/168/277
f 328/160/273 335/142/120 336/170/279
f 348/174/120 347/173/120 340/149/120 334/147/120
f 350/165/120 349/175/120 333/146/120 332/158/120
f 356/172/120 355/164/120 327/157/120 326/153/120
f 338/168/277 337/171/280 344/176/281 345/177/282
f 336/170/279 335/142/120 343/178/283
f 327/157/236 332/158/271 313/158/271 318/157/236
f 349/175/120 348/174/120 334/147/120 333/146/120
f 339/169/278 338/168/277 345/177/282 346/179/284
f 337/171/280 336/170/279 343/178/283 344/176/281
f 331/162/275 339/169/278 348/169/264 349/162/113
f 345/177/282 344/176/281 352/180/285 353/181/286
f 343/178/283 335/142/120 351/182/287
f 339/169/278 346/179/284 347/179/233 348/169/264
f 346/179/284 354/183/288 342/183/266 347/179/233
f 346/179/284 345/177/282 353/181/286 354/183/288
f 344/176/281 343/178/283 351/182/287 352/180/285
f 324/159/272 331/162/275 349/162/113 350/159/271
f 304/134/253 310/137/256 356/137/267 357/134/110
f 354/183/288 304/134/253 357/134/110 342/183/266
f 354/183/288 353/181/286 303/135/254 304/134/253
f 352/180/285 351/182/287 301/139/258 302/138/257
f 317/148/265 324/159/272 350/159/271 355/148/236
f 310/137/256 317/148/265 355/148/236 356/137/267
f 353/181/286 352/180/285 302/138/257 303/135/254
f 351/182/287 335/142/120 301/139/258
f 361/184/253 360/185/254 366/186/255 367/187/256
f 359/188/257 358/189/258 364/190/259 365/191/260
f 360/185/254 359/188/257 365/191/260 366/186/255
f 358/189/258 392/192/120 364/190/259
f 365/191/260 364/190/259 371/193/261 372/194/262
f 366/186/255 365/191/260 372/194/262 373/195/263
f 364/190/259 392/192/120 371/193/261
f 390/196/113 391/197/264 368/197/264 369/196/113
f 367/187/256 366/186/255 373/195/263 374/198/265
f 397/199/233 398/200/266 362/200/266 363/199/233
f 382/201/110 383/202/267 376/203/267 377/201/110
f 373/195/263 372/194/262 379/204/268 380/205/269
f 371/193/261 392/192/120 378/206/270
f 383/202/267 384/207/236 375/207/236 376/203/267
f 389/208/271 390/196/113 369/196/113 370/209/271
f 374/198/265 373/195/263 380/205/269 381/210/272
f 372/194/262 371/193/261 378/206/270 379/204/268
f 378/206/270 392/192/120 385/211/273
f 391/197/264 397/199/233 363/199/233 368/197/264
f 398/200/266 382/201/110 377/201/110 362/200/266
f 381/210/272 380/205/269 387/212/274 388/213/275
f 379/204/268 378/206/270 385/211/273 386/214/276
f 377/201/116 376/203/116 375/207/116 370/209/116 369/196/116 368/197/116 363/199/116 362/200/116
f 412/215/120 407/216/120 389/208/120 384/207/120
f 380/205/269 379/204/268 386/214/276 387/212/274
f 399/217/120 414/218/120 382/201/120 398/200/120
f 388/213/275 387/212/274 395/219/277 396/220/278
f 386/214/276 385/211/273 393/221/279 394/222/280
f 414/218/120 413/223/120 383/202/120 382/201/120
f 404/224/120 399/217/120 398/200/120 397/199/120
f 387/212/274 386/214/276 394/222/280 395/219/277
f 385/211/273 392/192/120 393/221/279
f 405/225/120 404/224/120 397/199/120 391/197/120
f 407/216/120 406/226/120 390/196/120 389/208/120
f 413/223/120 412/215/120 384/207/120 383/202/120
f 395/219/277 394/222/280 401/227/281 402/228/282
f 393/221/279 392/192/120 400/229/283
f 384/207/236 389/208/271 370/209/271 375/207/236
f 406/226/120 405/225/120 391/197/120 390/196/120
f 396/220/278 395/219/277 402/228/282 403/230/284
f 394/222/280 393/221/279 400/229/283 401/227/281
f 388/213/275 396/220/278 405/220/264 406/213/113
f 402/228/282 401/227/281 409/231/285 410/232/286
f 400/229/283 392/192/120 408/233/287
f 396/220/278 403/230/284 404/230/233 405/220/264
f 403/230/284 411/234/288 399/234/266 404/230/233
f 403/230/284 402/228/282 410/232/286 411/234/288
f 401/227/281 400/229/283 408/233/287 409/231/285
f 381/210/272 388/213/275 406/213/113 407/210/271
f 361/184/253 367/187/256 413/187/267 414/184/110
f 411/234/288 361/184/253 414/184/110 399/234/266
f 411/234/288 410/232/286 360/185/254 361/184/253
f 409/231/285 408/233/287 358/189/258 359/188/257
f 374/198/265 381/210/272 407/210/271 412/198/236
f 367/187/256 374/198/265 412/198/236 413/187/267
f 410/232/286 409/231/285 359/188/257 360/185/254
f 408/233/287 392/192/120 358/189/258
f 415/235/233 416/235/233 418/236/233 417/236/233
f 417/236/110 418/236/110 422/237/110 421/237/110
f 421/237/236 422/237/236 420/238/236 419/238/236
f 419/238/113 420/238/113 416/235/113 415/235/113
f 417/236/116 421/237/116 419/238/116 415/235/116
f 422/237/120 418/236/120 416/235/120 420/238/120
f 423/239/289 424/240/289 426/241/289 425/242/289
f 425/242/110 426/241/110 430/243/110 429/244/110
f 429/244/290 430/243/290 428/245/290 427/246/290
f 427/246/113 428/245/113 424/240/113 423/239/113
f 425/247/116 429/248/116 427/249/116 423/250/116
f 430/251/120 426/252/120 424/253/120 428/254/120
f 431/255/289 432/256/289 434/257/289 433/258/289
f 433/258/110 434/257/110 438/259/110 437/260/110
f 437/260/290 438/259/290 436/261/290 435/262/290
f 435/262/113 436/261/113 432/256/113 431/255/113
f 433/263/116 437/264/116 435/265/116 431/266/116
f 438/267/120 434/268/120 432/269/120 436/270/120
f 439/271/291 440/272/291 442/273/291 441/274/291
f 441/274/113 442/273/113 446/275/113 445/276/113
f 445/276/292 446/275/292 444/277/292 443/278/292
f 443/278/110 444/277/110 440/272/110 439/271/110
f 441/279/116 445/280/116 443/281/116 439/282/116
f 446/283/120 442/284/120 440/285/120 444/286/120
f 447/287/291 448/288/291 450/289/291 449/290/291
f 449/290/113 450/289/113 454/291/113 453/292/113
f 453/292/292 454/291/292 452/293/292 451/294/292
f 451/294/110 452/293/110 448/288/110 447/287/110
f 449/295/116 453/296/116 451/297/116 447/298/116
f 454/299/120 450/300/120 448/301/120 452/302/120
f 466/303/233 467/304/233 458/304/233 465/305/233
f 464/306/236 462/307/236 470/307/236 463/308/236
f 463/308/113 470/307/113 467/304/113 466/303/113
f 457/309/116 461/310/116 459/311/116 455/312/116
f 456/313/110 460/314/110 474/315/110 473/316/110
f 465/305/110 458/304/110 462/307/110 464/306/110
f 456/313/120 469/313/120 458/304/120 467/304/120
f 469/313/120 468/314/120 462/307/120 458/304/120
f 468/314/120 460/314/120 470/307/120 462/307/120
f 460/314/120 456/313/120 467/304/120 470/307/120
f 472/317/120 471/318/120 473/319/120 474/320/120
f 460/314/233 468/314/233 472/321/233 474/315/233
f 468/314/113 469/313/113 471/322/113 472/321/113
f 469/313/236 456/313/236 473/316/236 471/322/236
f 455/312/116 459/311/116 480/323/116 476/324/116
f 465/309/120 464/310/120 479/325/120 477/326/120
f 464/310/120 463/311/120 481/323/120 479/325/120
f 459/311/116 461/310/116 478/325/116 480/323/116
f 475/326/110 477/326/110 479/325/110 478/325/110
f 480/323/113 481/323/113 482/324/113 476/324/113
f 478/325/236 479/325/236 481/323/236 480/323/236
f 476/324/233 482/324/233 477/326/233 475/326/233
f 461/310/116 457/309/116 475/326/116 478/325/116
f 466/312/120 465/309/120 477/326/120 482/324/120
f 463/311/120 466/312/120 482/324/120 481/323/120
f 457/309/116 455/312/116 476/324/116 475/326/116
f 483/327/293 495/328/294 496/329/295 484/330/296
f 484/330/296 496/329/295 497/331/297 485/332/298
f 485/332/298 497/331/297 498/333/299 486/334/300
f 486/334/300 498/333/299 499/335/301 487/336/302
f 487/336/302 499/335/301 500/337/303 488/338/304
f 488/338/304 500/337/303 501/339/305 489/340/306
f 489/340/306 501/339/305 502/341/307 490/342/308
f 490/342/308 502/341/307 503/343/309 491/344/310
f 491/344/310 503/343/309 504/345/311 492/346/312
f 492/346/312 504/345/311 505/347/313 493/348/314
f 493/348/314 505/347/313 506/349/315 494/350/316
f 494/350/316 506/349/315 495/328/294 483/327/293
f 495/328/294 507/351/317 508/352/318 496/329/295
f 496/329/295 508/352/318 509/353/319 497/331/297
f 497/331/297 509/353/319 510/354/320 498/333/299
f 498/333/299 510/354/320 511/355/321 499/335/301
f 499/335/301 511/355/321 512/356/322 500/337/303
f 500/337/303 512/356/322 513/357/323 501/339/305
f 501/339/305 513/357/323 514/358/324 502/341/307
f 502/341/307 514/358/324 515/359/325 503/343/309
f 503/343/309 515/359/325 516/360/326 504/345/311
f 504/345/311 516/360/326 517/361/327 505/347/313
f 505/347/313 517/361/327 518/362/328 506/349/315
f 506/349/315 518/362/328 507/351/317 495/328/294
f 507/351/317 519/363/329 520/364/330 508/352/318
f 508/352/318 520/364/330 521/365/331 509/353/319
f 509/353/319 521/365/331 522/366/332 510/354/320
f 510/354/320 522/366/332 523/367/333 511/355/321
f 511/355/321 523/367/333 524/368/334 512/356/322
f 512/356/322 524/368/334 525/369/335 513/357/323
f 513/357/323 525/369/335 526/370/336 514/358/324
f 514/358/324 526/370/336 527/371/337 515/359/325
f 515/359/325 527/371/337 528/372/338 516/360/326
f 516/360/326 528/372/338 529/373/339 517/361/327
f 517/361/327 529/373/339 530/374/340 518/362/328
f 518/362/328 530/374/340 519/363/329 507/351/317
f 519/363/329 531/375/341 532/376/342 520/364/330
f 520/364/330 532/376/342 533/377/343 521/365/331
f 521/365/331 533/377/343 534/378/344 522/366/332
f 522/366/332 534/378/344 535/379/345 523/367/333
f 523/367/333 535/379/345 536/380/346 524/368/334
f 524/368/334 536/380/346 537/381/347 525/369/335
f 525/369/335 537/381/347 538/382/348 526/370/336
f 526/370/336 538/382/348 539/383/349 527/371/337
f 527/371/337 539/383/349 540/384/350 528/372/338
f 528/372/338 540/384/350 541/385/351 529/373/339
f 529/373/339 541/385/351 542/386/352 530/374/340
f 530/374/340 542/386/352 531/375/341 519/363/329
f 531/375/341 543/387/353 544/388/354 532/376/342
f 532/376/342 544/388/354 545/389/355 533/377/343
f 533/377/343 545/389/355 546/390/356 534/378/344
f 534/378/344 546/390/356 547/391/357 535/379/345
f 535/379/345 547/391/357 548/392/358 536/380/346
f 536/380/346 548/392/358 549/393/359 537/381/347
f 537/381/347 549/393/359 550/394/360 538/382/348
f 538/382/348 550/394/360 551/395/361 539/383/349
f 539/383/349 551/395/361 552/396/362 540/384/350
f 540/384/350 552/396/362 553/397/363 541/385/351
f 541/385/351 553/397/363 554/398/364 542/386/352
f 542/386/352 554/398/364 543/387/353 531/375/341
f 543/387/353 555/399/365 556/400/366 544/388/354
f 544/388/354 556/400/366 557/401/367 545/389/355
f 545/389/355 557/401/367 558/402/368 546/390/356
f 546/390/356 558/402/368 559/403/369 547/391/357
f 547/391/357 559/403/369 560/404/370 548/392/358
f 548/392/358 560/404/370 561/405/371 549/393/359
f 549/393/359 561/405/371 562/406/372 550/394/360
f 550/394/360 562/406/372 563/407/373 551/395/361
f 551/395/361 563/407/373 564/408/374 552/396/362
f 552/396/362 564/408/374 565/409/375 553/397/363
f 553/397/363 565/409/375 566/410/376 554/398/364
f 554/398/364 566/410/376 555/399/365 543/387/353
f 555/399/365 567/411/377 568/412/378 556/400/366
f 556/400/366 568/412/378 569/413/379 557/401/367
f 557/401/367 569/413/379 570/414/380 558/402/368
f 558/402/368 570/414/380 571/415/381 559/403/369
f 559/403/369 571/415/381 572/416/382 560/404/370
f 560/404/370 572/416/382 573/417/383 561/405/371
f 561/405/371 573/417/383 574/418/384 562/406/372
f 562/406/372 574/418/384 575/419/385 563/407/373
f 563/407/373 575/419/385 576/420/386 564/408/374
f 564/408/374 576/420/386 577/421/387 565/409/375
f 565/409/375 577/421/387 578/422/388 566/410/376
f 566/410/376 578/422/388 567/411/377 555/399/365
f 567/411/377 602/423/389 601/424/390 568/412/378
f 568/412/378 601/424/390 597/425/391 569/413/379
f 569/413/379 597/425/391 595/426/392 570/414/380
f 570/414/380 595/426/392 594/425/393 571/415/381
f 571/415/381 594/425/393 593/424/394 572/416/382
f 572/416/382 593/424/394 592/423/395 573/417/383
f 573/417/383 592/423/395 591/427/396 574/418/384
f 574/418/384 591/427/396 600/428/397 575/419/385
f 575/419/385 600/428/397 599/429/398 576/420/386
f 576/420/386 599/429/398 596/428/399 577/421/387
f 577/421/387 596/428/399 598/427/400 578/422/388
f 578/422/388 598/427/400 602/423/389 567/411/377
f 599/429/398 600/428/397 581/430/401 582/431/233
f 598/427/400 596/428/399 585/430/402 583/432/403
f 594/425/393 595/426/392 586/433/236 587/434/404
f 592/423/395 593/424/394 588/435/405 589/436/116
f 597/425/391 601/424/390 580/435/406 584/434/407
f 600/428/397 591/427/396 590/432/408 581/430/401
f 601/424/390 602/423/389 579/436/120 580/435/406
f 595/426/392 597/425/391 584/434/407 586/433/236
f 602/423/389 598/427/400 583/432/403 579/436/120
f 593/424/394 594/425/393 587/434/404 588/435/405
f 591/427/396 592/423/395 589/436/116 590/432/408
f 596/428/399 599/429/398 582/431/233 585/430/402
f 493/348/314 494/350/316 614/350/238 613/348/237
f 488/338/304 489/340/306 609/340/113 608/338/231
f 483/327/293 484/330/296 604/330/230 603/327/110
f 487/336/302 488/338/304 608/338/231 607/336/232
f 491/344/310 492/346/312 612/346/233 611/344/234
f 484/330/296 485/332/298 605/332/229 604/330/230
f 486/334/300 487/336/302 607/336/232 606/334/236
f 494/350/316 483/327/293 603/327/110 614/350/238
f 492/346/312 493/348/314 613/348/237 612/346/233
f 489/340/306 490/342/308 610/342/235 609/340/113
f 485/332/298 486/334/300 606/334/236 605/332/229
f 490/342/308 491/344/310 611/344/234 610/342/235
f 611/344/241 612/346/409 624/437/409 623/438/241
f 608/338/251 609/340/245 621/439/245 620/440/251
f 614/350/239 603/327/410 615/441/410 626/442/239
f 609/340/245 610/342/246 622/443/246 621/439/245
f 604/330/250 605/332/243 617/444/243 616/445/250
f 610/342/246 611/344/241 623/438/241 622/443/246
f 612/346/409 613/348/247 625/446/247 624/437/409
f 605/332/243 606/334/244 618/447/244 617/444/243
f 613/348/247 614/350/239 626/442/239 625/446/247
f 606/334/244 607/336/248 619/448/248 618/447/244
f 603/327/410 604/330/250 616/445/250 615/441/410
f 607/336/248 608/338/251 620/440/251 619/448/248
f 617/444/229 618/447/236 630/447/236 629/444/229
f 625/446/237 626/442/238 638/442/238 637/446/237
f 618/447/236 619/448/232 631/448/232 630/447/236
f 615/441/110 616/445/230 628/445/230 627/449/110
f 619/448/232 620/440/231 632/440/231 631/448/232
f 623/438/234 624/437/233 636/437/233 635/438/234
f 620/440/231 621/439/113 633/450/113 632/440/231
f 626/442/238 615/441/110 627/449/110 638/442/238
f 621/439/113 622/443/235 634/443/235 633/450/113
f 616/445/230 617/444/229 629/444/229 628/445/230
f 622/443/235 623/438/234 635/438/234 634/443/235
f 624/437/233 625/446/237 637/446/237 636/437/233
f 639/451/293 651/452/294 652/453/295 640/454/296
f 640/454/296 652/453/295 653/455/297 641/456/298
f 641/456/298 653/455/297 654/457/299 642/458/300
f 642/458/300 654/457/299 655/459/301 643/460/302
f 643/460/302 655/459/301 656/461/303 644/462/304
f 644/462/304 656/461/303 657/463/305 645/464/306
f 645/464/306 657/463/305 658/465/307 646/466/308
f 646/466/308 658/465/307 659/467/309 647/468/310
f 647/468/310 659/467/309 660/469/311 648/470/312
f 648/470/312 660/469/311 661/471/313 649/472/314
f 649/472/314 661/471/313 662/473/315 650/474/316
f 650/474/316 662/473/315 651/452/294 639/451/293
f 651/452/294 663/475/317 664/476/318 652/453/295
f 652/453/295 664/476/318 665/477/319 653/455/297
f 653/455/297 665/477/319 666/478/320 654/457/299
f 654/457/299 666/478/320 667/479/321 655/459/301
f 655/459/301 667/479/321 668/480/322 656/461/303
f 656/461/303 668/480/322 669/481/323 657/463/305
f 657/463/305 669/481/323 670/482/324 658/465/307
f 658/465/307 670/482/324 671/483/325 659/467/309
f 659/467/309 671/483/325 672/484/326 660/469/311
f 660/469/311 672/484/326 673/485/327 661/471/313
f 661/471/313 673/485/327 674/486/328 662/473/315
f 662/473/315 674/486/328 663/475/317 651/452/294
f 663/475/317 675/487/329 676/488/330 664/476/318
f 664/476/318 676/488/330 677/489/331 665/477/319
f 665/477/319 677/489/331 678/490/332 666/478/320
f 666/478/320 678/490/332 679/491/333 667/479/321
f 667/479/321 679/491/333 680/492/334 668/480/322
f 668/480/322 680/492/334 681/493/335 669/481/323
f 669/481/323 681/493/335 682/494/336 670/482/324
f 670/482/324 682/494/336 683/495/337 671/483/325
f 671/483/325 683/495/337 684/496/338 672/484/326
f 672/484/326 684/496/338 685/497/339 673/485/327
f 673/485/327 685/497/339 686/498/340 674/486/328
f 674/486/328 686/498/340 675/487/329 663/475/317
f 675/487/329 687/499/341 688/500/342 676/488/330
f 676/488/330 688/500/342 689/501/343 677/489/331
f 677/489/331 689/501/343 690/502/344 678/490/332
f 678/490/332 690/502/344 691/503/345 679/491/333
f 679/491/333 691/503/345 692/504/346 680/492/334
f 680/492/334 692/504/346 693/505/347 681/493/335
f 681/493/335 693/505/347 694/506/348 682/494/336
f 682/494/336 694/506/348 695/507/349 683/495/337
f 683/495/337 695/507/349 696/508/350 684/496/338
f 684/496/338 696/508/350 697/509/351 685/497/339
f 685/497/339 697/509/351 698/510/352 686/498/340
f 686/498/340 698/510/352 687/499/341 675/487/329
f 687/499/341 699/511/353 700/512/354 688/500/342
f 688/500/342 700/512/354 701/513/355 689/501/343
f 689/501/343 701/513/355 702/514/356 690/502/344
f 690/502/344 702/514/356 703/515/357 691/503/345
f 691/503/345 703/515/357 704/516/358 692/504/346
f 692/504/346 704/516/358 705/517/359 693/505/347
f 693/505/347 705/517/359 706/518/360 694/506/348
f 694/506/348 706/518/360 707/519/361 695/507/349
f 695/507/349 707/519/361 708/520/362 696/508/350
f 696/508/350 708/520/362 709/521/363 697/509/351
f 697/509/351 709/521/363 710/522/364 698/510/352
f 698/510/352 710/522/364 699/511/353 687/499/341
f 699/511/353 711/523/365 712/524/366 700/512/354
f 700/512/354 712/524/366 713/525/367 701/513/355
f 701/513/355 713/525/367 714/526/368 702/514/356
f 702/514/356 714/526/368 715/527/369 703/515/357
f 703/515/357 715/527/369 716/528/370 704/516/358
f 704/516/358 716/528/370 717/529/371 705/517/359
f 705/517/359 717/529/371 718/530/372 706/518/360
f 706/518/360 718/530/372 719/531/373 707/519/361
f 707/519/361 719/531/373 720/532/374 708/520/362
f 708/520/362 720/532/374 721/533/375 709/521/363
f 709/521/363 721/533/375 722/534/376 710/522/364
f 710/522/364 722/534/376 711/523/365 699/511/353
f 711/523/365 723/535/377 724/536/378 712/524/366
f 712/524/366 724/536/378 725/537/379 713/525/367
f 713/525/367 725/537/379 726/538/380 714/526/368
f 714/526/368 726/538/380 727/539/381 715/527/369
f 715/527/369 727/539/381 728/540/382 716/528/370
f 716/528/370 728/540/382 729/541/383 717/529/371
f 717/529/371 729/541/383 730/542/384 718/530/372
f 718/530/372 730/542/384 731/543/385 719/531/373
f 719/531/373 731/543/385 732/544/386 720/532/374
f 720/532/374 732/544/386 733/545/387 721/533/375
f 721/533/375 733/545/387 734/546/388 722/534/376
f 722/534/376 734/546/388 723/535/377 711/523/365
f 723/535/377 758/547/389 757/548/390 724/536/378
f 724/536/378 757/548/390 753/549/391 725/537/379
f 725/537/379 753/549/391 751/550/392 726/538/380
f 726/538/380 751/550/392 750/549/393 727/539/381
f 727/539/381 750/549/393 749/548/394 728/540/382
f 728/540/382 749/548/394 748/547/395 729/541/383
f 729/541/383 748/547/395 747/551/396 730/542/384
f 730/542/384 747/551/396 756/552/397 731/543/385
f 731/543/385 756/552/397 755/553/398 732/544/386
f 732/544/386 755/553/398 752/552/399 733/545/387
f 733/545/387 752/552/399 754/551/400 734/546/388
f 734/546/388 754/551/400 758/547/389 723/535/377
f 755/553/398 756/552/397 737/554/401 738/555/233
f 754/551/400 752/552/399 741/554/402 739/556/403
f 750/549/393 751/550/392 742/557/236 743/558/404
f 748/547/395 749/548/394 744/559/405 745/560/116
f 753/549/391 757/548/390 736/559/406 740/558/407
f 756/552/397 747/551/396 746/556/408 737/554/401
f 757/548/390 758/547/389 735/560/120 736/559/406
f 751/550/392 753/549/391 740/558/407 742/557/236
f 758/547/389 754/551/400 739/556/403 735/560/120
f 749/548/394 750/549/393 743/558/404 744/559/405
f 747/551/396 748/547/395 745/560/116 746/556/408
f 752/552/399 755/553/398 738/555/233 741/554/402
f 649/472/314 650/474/316 770/474/238 769/472/237
f 644/462/304 645/464/306 765/464/113 764/462/231
f 639/451/293 640/454/296 760/454/230 759/451/110
f 643/460/302 644/462/304 764/462/231 763/460/232
f 647/468/310 648/470/312 768/470/233 767/468/234
f 640/454/296 641/456/298 761/456/229 760/454/230
f 642/458/300 643/460/302 763/460/232 762/458/236
f 650/474/316 639/451/293 759/451/110 770/474/238
f 648/470/312 649/472/314 769/472/237 768/470/233
f 645/464/306 646/466/308 766/466/235 765/464/113
f 641/456/298 642/458/300 762/458/236 761/456/229
f 646/466/308 647/468/310 767/468/234 766/466/235
f 767/468/241 768/470/409 780/561/409 779/562/241
f 764/462/251 765/464/245 777/563/245 776/564/251
f 770/474/239 759/451/410 771/565/410 782/566/239
f 765/464/245 766/466/246 778/567/246 777/563/245
f 760/454/250 761/456/243 773/568/243 772/569/250
f 766/466/246 767/468/241 779/562/241 778/567/246
f 768/470/409 769/472/247 781/570/247 780/561/409
f 761/456/243 762/458/244 774/571/244 773/568/243
f 769/472/247 770/474/239 782/566/239 781/570/247
f 762/458/244 763/460/248 775/572/248 774/571/244
f 759/451/410 760/454/250 772/569/250 771/565/410
f 763/460/248 764/462/251 776/564/251 775/572/248
f 773/568/229 774/571/236 786/571/236 785/568/229
f 781/570/237 782/566/238 794/566/238 793/570/237
f 774/571/236 775/572/232 787/572/232 786/571/236
f 771/565/110 772/569/230 784/569/230 783/573/110
f 775/572/232 776/564/231 788/564/231 787/572/232
f 779/562/234 780/561/233 792/561/233 791/562/234
f 776/564/231 777/563/113 789/574/113 788/564/231
f 782/566/238 771/565/110 783/573/110 794/566/238
f 777/563/113 778/567/235 790/567/235 789/574/113
f 772/569/230 773/568/229 785/568/229 784/569/230
f 778/567/235 779/562/234 791/562/234 790/567/235
f 780/561/233 781/570/237 793/570/237 792/561/233
f 798/575/411 908/576/412 804/577/413 805/578/414
f 797/579/415 907/580/110 802/581/416 803/582/417
f 796/579/418 795/576/419 800/577/420 801/582/421
f 906/575/422 848/583/120 799/578/423
f 870/583/116 798/575/411 805/578/414
f 908/576/412 797/579/415 803/582/417 804/577/413
f 907/580/110 796/579/418 801/582/421 802/581/416
f 795/576/419 906/575/422 799/578/423 800/577/420
f 870/583/116 805/578/414 812/584/424
f 804/577/413 803/582/417 810/585/425 811/586/426
f 802/581/416 801/582/421 808/585/427 809/587/267
f 800/577/420 799/578/423 806/584/428 807/586/429
f 805/578/414 804/577/413 811/586/426 812/584/424
f 803/582/417 802/581/416 809/587/267 810/585/425
f 801/582/421 800/577/420 807/586/429 808/585/427
f 799/578/423 848/583/120 806/584/428
f 809/587/267 808/585/427 815/588/430 816/589/431
f 807/586/429 806/584/428 813/590/432 814/591/433
f 812/584/424 811/586/426 818/591/434 819/590/435
f 810/585/425 809/587/267 816/589/431 817/588/436
f 808/585/427 807/586/429 814/591/433 815/588/430
f 806/584/428 848/583/120 813/590/432
f 870/583/116 812/584/424 819/590/435
f 811/586/426 810/585/425 817/588/436 818/591/434
f 819/590/435 818/591/434 825/592/437 826/593/438
f 817/588/436 816/589/431 823/594/236 824/595/439
f 815/588/430 814/591/433 821/592/440 822/595/441
f 813/590/432 848/583/120 820/593/442
f 870/583/116 819/590/435 826/593/438
f 818/591/434 817/588/436 824/595/439 825/592/437
f 816/589/431 815/588/430 822/595/441 823/594/236
f 814/591/433 813/590/432 820/593/442 821/592/440
f 822/595/441 821/592/440 828/596/443 829/597/444
f 820/593/442 848/583/120 827/598/445
f 870/583/116 826/593/438 833/598/446
f 825/592/437 824/595/439 831/597/447 832/596/448
f 823/594/236 822/595/441 829/597/444 830/599/449
f 821/592/440 820/593/442 827/598/445 828/596/443
f 826/593/438 825/592/437 832/596/448 833/598/446
f 824/595/439 823/594/236 830/599/449 831/597/447
f 870/583/116 833/598/446 840/600/450
f 832/596/448 831/597/447 838/601/451 839/602/452
f 830/599/449 829/597/444 836/601/453 837/603/271
f 828/596/443 827/598/445 834/600/454 835/602/455
f 833/598/446 832/596/448 839/602/452 840/600/450
f 831/597/447 830/599/449 837/603/271 838/601/451
f 829/597/444 828/596/443 835/602/455 836/601/453
f 827/598/445 848/583/120 834/600/454
f 835/602/455 834/600/454 841/604/456 842/605/457
f 840/600/450 839/602/452 846/605/458 847/604/459
f 838/601/451 837/603/271 844/606/460 845/607/461
f 836/601/453 835/602/455 842/605/457 843/607/462
f 834/600/454 848/583/120 841/604/456
f 870/583/116 840/600/450 847/604/459
f 839/602/452 838/601/451 845/607/461 846/605/458
f 837/603/271 836/601/453 843/607/462 844/606/460
f 847/604/459 846/605/458 854/608/463 855/609/464
f 845/607/461 844/606/460 852/610/113 853/611/465
f 843/607/462 842/605/457 850/608/466 851/611/467
f 841/604/456 848/583/120 849/609/468
f 870/583/116 847/604/459 855/609/464
f 846/605/458 845/607/461 853/611/465 854/608/463
f 844/606/460 843/607/462 851/611/467 852/610/113
f 842/605/457 841/604/456 849/609/468 850/608/466
f 849/609/468 848/583/120 856/612/469
f 870/583/116 855/609/464 862/612/470
f 854/608/463 853/611/465 860/613/471 861/614/472
f 852/610/113 851/611/467 858/613/473 859/615/474
f 850/608/466 849/609/468 856/612/469 857/614/475
f 855/609/464 854/608/463 861/614/472 862/612/470
f 853/611/465 852/610/113 859/615/474 860/613/471
f 851/611/467 850/608/466 857/614/475 858/613/473
f 861/614/472 860/613/471 867/616/476 868/617/477
f 859/615/474 858/613/473 865/616/478 866/618/264
f 857/614/475 856/612/469 863/619/479 864/617/480
f 862/612/470 861/614/472 868/617/477 869/619/481
f 860/613/471 859/615/474 866/618/264 867/616/476
f 858/613/473 857/614/475 864/617/480 865/616/478
f 856/612/469 848/583/120 863/619/479
f 870/583/116 862/612/470 869/619/481
f 869/619/481 868/617/477 876/620/482 877/621/483
f 867/616/476 866/618/264 874/622/484 875/623/485
f 865/616/478 864/617/480 872/620/486 873/623/487
f 863/619/479 848/583/120 871/621/488
f 870/583/116 869/619/481 877/621/483
f 868/617/477 867/616/476 875/623/485 876/620/482
f 866/618/264 865/616/478 873/623/487 874/622/484
f 864/617/480 863/619/479 871/621/488 872/620/486
f 875/623/485 874/622/484 881/624/233 882/625/489
f 873/623/487 872/620/486 879/626/490 880/625/491
f 871/621/488 848/583/120 878/627/492
f 870/583/116 877/621/483 884/627/493
f 876/620/482 875/623/485 882/625/489 883/626/494
f 874/622/484 873/623/487 880/625/491 881/624/233
f 872/620/486 871/621/488 878/627/492 879/626/490
f 877/621/483 876/620/482 883/626/494 884/627/493
f 870/583/116 884/627/493 891/628/495
f 883/626/494 882/625/489 889/629/496 890/630/497
f 881/624/233 880/625/491 887/629/498 888/631/499
f 879/626/490 878/627/492 885/628/500 886/630/501
f 884/627/493 883/626/494 890/630/497 891/628/495
f 882/625/489 881/624/233 888/631/499 889/629/496
f 880/625/491 879/626/490 886/630/501 887/629/498
f 878/627/492 848/583/120 885/628/500
f 888/631/499 887/629/498 894/632/502 895/633/266
f 886/630/501 885/628/500 892/634/503 893/635/504
f 891/628/495 890/630/497 897/635/505 898/634/506
f 889/629/496 888/631/499 895/633/266 896/632/507
f 887/629/498 886/630/501 893/635/504 894/632/502
f 885/628/500 848/583/120 892/634/503
f 870/583/116 891/628/495 898/634/506
f 890/630/497 889/629/496 896/632/507 897/635/505
f 898/634/506 897/635/505 904/636/508 905/637/509
f 896/632/507 895/633/266 902/638/510 903/639/511
f 894/632/502 893/635/504 900/636/512 901/639/513
f 892/634/503 848/583/120 899/637/514
f 870/583/116 898/634/506 905/637/509
f 897/635/505 896/632/507 903/639/511 904/636/508
f 895/633/266 894/632/502 901/639/513 902/638/510
f 893/635/504 892/634/503 899/637/514 900/636/512
f 901/639/513 900/636/512 795/576/419 796/579/418
f 899/637/514 848/583/120 906/575/422
f 870/583/116 905/637/509 798/575/411
f 904/636/508 903/639/511 797/579/415 908/576/412
f 902/638/510 901/639/513 796/579/418 907/580/110
f 900/636/512 899/637/514 906/575/422 795/576/419
f 905/637/509 904/636/508 908/576/412 798/575/411
f 903/639/511 902/638/510 907/580/110 797/579/415
f 1019/640/515 1021/641/515 1020/642/515
f 1019/640/515 1022/643/515 1021/641/515
f 1018/644/516 1022/643/516 1019/640/516
f 1018/644/517 1023/645/517 1022/643/517
f 1018/644/515 1024/646/515 1023/645/515
f 1017/647/518 1024/646/518 1018/644/518
f 1017/647/519 1025/648/519 1024/646/519
f 1017/647/520 1026/649/520 1025/648/520
f 1016/650/518 1026/649/518 1017/647/518
f 1016/650/520 1027/651/520 1026/649/520
f 1016/650/519 1028/652/519 1027/651/519
f 1015/653/518 1028/652/518 1016/650/518
f 1015/653/519 1029/654/519 1028/652/519
f 1015/653/520 1030/655/520 1029/654/520
f 1014/656/520 1030/655/520 1015/653/520
f 1014/656/518 1031/657/518 1030/655/518
f 1013/658/520 1031/657/520 1014/656/520
f 1013/658/519 1032/659/519 1031/657/519
f 1013/658/520 1033/660/520 1032/659/520
f 1012/661/519 1033/660/519 1013/658/519
f 1012/661/519 1034/662/519 1033/660/519
f 1012/661/518 1035/663/518 1034/662/518
f 1011/664/519 1035/663/519 1012/661/519
f 1011/664/520 1036/665/520 1035/663/520
f 1011/664/518 1037/666/518 1036/665/518
f 1010/667/519 1037/666/519 1011/664/519
f 1010/667/520 1038/668/520 1037/666/520
f 1010/667/518 1039/669/518 1038/668/518
f 1009/670/518 1039/669/518 1010/667/518
f 1009/670/520 1040/671/520 1039/669/520
f 1009/670/518 1041/672/518 1040/671/518
f 1008/673/519 1041/672/519 1009/670/519
f 1008/673/518 1042/674/518 1041/672/518
f 1008/673/518 1043/675/518 1042/674/518
f 1007/676/520 1006/677/520 1008/673/520
f 1006/677/518 1005/678/518 1008/673/518
f 1005/678/520 1004/679/520 1008/673/520
f 1004/679/518 1003/680/518 1008/673/518
f 1003/680/518 1002/681/518 1008/673/518
f 1002/681/519 1001/682/519 1008/673/519
f 1001/682/518 1000/683/518 1008/673/518
f 1000/683/520 999/684/520 1008/673/520
f 999/684/519 998/685/519 1008/673/519
f 998/685/519 997/686/519 1008/673/519
f 997/686/519 996/687/519 1008/673/519
f 996/687/520 995/688/520 1008/673/520
f 995/688/520 994/689/520 1008/673/520
f 994/689/519 993/690/519 1008/673/519
f 993/690/518 992/691/518 1008/673/518
f 992/691/518 991/692/518 1008/673/518
f 991/692/518 990/693/518 1008/673/518
f 990/693/521 989/694/521 1008/673/521
f 989/694/520 988/695/520 1008/673/520
f 988/695/518 987/696/518 1008/673/518
f 987/696/519 1043/675/519 1008/673/519
f 987/696/522 986/697/522 1043/675/522
f 986/697/518 1044/698/518 1043/675/518
f 986/697/523 985/699/523 1044/698/523
f 985/699/520 1045/700/520 1044/698/520
f 985/699/524 984/701/524 1045/700/524
f 984/701/521 983/702/521 1045/700/521
f 983/702/518 1046/703/518 1045/700/518
f 983/702/525 982/704/525 1046/703/525
f 982/704/519 1047/705/519 1046/703/519
f 981/706/521 1047/705/521 982/704/521
f 980/707/515 1047/705/515 981/706/515
f 979/708/521 1047/705/521 980/707/521
f 978/709/518 1047/705/518 979/708/518
f 977/710/518 1047/705/518 978/709/518
f 977/710/518 1048/711/518 1047/705/518
f 976/712/519 1048/711/519 977/710/519
f 975/713/518 1048/711/518 976/712/518
f 974/714/519 1048/711/519 975/713/519
f 974/714/520 1049/715/520 1048/711/520
f 973/716/521 1049/715/521 974/714/521
f 972/717/518 1049/715/518 973/716/518
f 972/717/518 1050/718/518 1049/715/518
f 971/719/520 1050/718/520 972/717/520
f 970/720/518 1050/718/518 971/719/518
f 970/720/519 1051/721/519 1050/718/519
f 969/722/520 1051/721/520 970/720/520
f 968/723/518 1051/721/518 969/722/518
f 968/723/518 1052/724/518 1051/721/518
f 967/725/520 1052/724/520 968/723/520
f 966/726/518 1052/724/518 967/725/518
f 966/726/520 1053/727/520 1052/724/520
f 965/728/518 1053/727/518 966/726/518
f 964/729/518 1053/727/518 965/728/518
f 964/729/518 1054/730/518 1053/727/518
f 963/731/520 1054/730/520 964/729/520
f 963/731/518 1055/732/518 1054/730/518
f 962/733/520 1055/732/520 963/731/520
f 961/734/518 1055/732/518 962/733/518
f 961/734/518 1056/735/518 1055/732/518
f 960/736/520 1056/735/520 961/734/520
f 960/736/519 1057/737/519 1056/735/519
f 959/738/518 1057/737/518 960/736/518
f 958/739/519 1057/737/519 959/738/519
f 957/740/520 1057/737/520 958/739/520
f 956/741/518 1057/737/518 957/740/518
f 956/741/518 1058/742/518 1057/737/518
f 955/743/519 1058/742/519 956/741/519
f 955/743/520 1059/744/520 1058/742/520
f 954/745/518 1059/744/518 955/743/518
f 953/746/519 1059/744/519 954/745/519
f 953/746/518 1060/747/518 1059/744/518
f 952/748/518 1060/747/518 953/746/518
f 951/749/520 1060/747/520 952/748/520
f 951/749/519 1061/750/519 1060/747/519
f 950/751/520 1061/750/520 951/749/520
f 949/752/518 1061/750/518 950/751/518
f 949/752/519 1062/753/519 1061/750/519
f 948/754/518 1062/753/518 949/752/518
f 947/755/520 1062/753/520 948/754/520
f 947/755/518 1063/756/518 1062/753/518
f 946/757/518 1063/756/518 947/755/518
f 945/758/520 1063/756/520 946/757/520
f 945/758/518 1064/759/518 1063/756/518
f 944/760/518 1064/759/518 945/758/518
f 943/761/520 1064/759/520 944/760/520
f 943/761/519 1065/762/519 1064/759/519
f 942/763/520 1065/762/520 943/761/520
f 941/764/518 1065/762/518 942/763/518
f 941/764/519 1066/765/519 1065/762/519
f 940/766/520 1066/765/520 941/764/520
f 939/767/520 1066/765/520 940/766/520
f 939/767/518 1067/768/518 1066/765/518
f 938/769/518 1067/768/518 939/767/518
f 938/769/519 1068/770/519 1067/768/519
f 937/771/520 1068/770/520 938/769/520
f 936/772/518 1068/770/518 937/771/518
f 936/772/518 1069/773/518 1068/770/518
f 935/774/518 1069/773/518 936/772/518
f 935/774/520 1070/775/520 1069/773/520
f 934/776/518 1070/775/518 935/774/518
f 934/776/519 1071/777/519 1070/775/519
f 933/778/519 1071/777/519 934/776/519
f 933/778/520 1072/779/520 1071/777/520
f 933/778/519 1073/780/519 1072/779/519
f 933/778/519 1074/781/519 1073/780/519
f 933/778/519 1075/782/519 1074/781/519
f 933/778/518 1076/783/518 1075/782/518
f 933/778/518 1077/784/518 1076/783/518
f 933/778/520 1078/785/520 1077/784/520
f 933/778/519 1079/786/519 1078/785/519
f 932/787/519 1079/786/519 933/778/519
f 932/787/518 1080/788/518 1079/786/518
f 931/789/519 1080/788/519 932/787/519
f 931/789/520 1081/790/520 1080/788/520
f 930/791/518 1081/790/518 931/789/518
f 930/791/519 1082/792/519 1081/790/519
f 929/793/519 1082/792/519 930/791/519
f 928/794/520 1082/792/520 929/793/520
f 927/795/519 1082/792/519 928/794/519
f 926/796/519 1082/792/519 927/795/519
f 925/797/519 1082/792/519 926/796/519
f 924/798/519 1082/792/519 925/797/519
f 923/799/518 1082/792/518 924/798/518
f 923/799/520 1083/800/520 1082/792/520
f 923/799/518 1084/801/518 1083/800/518
f 922/802/519 1084/801/519 923/799/519
f 922/802/519 1085/803/519 1084/801/519
f 921/804/518 1085/803/518 922/802/518
f 921/804/519 1086/805/519 1085/803/519
f 921/804/519 1087/806/519 1086/805/519
f 920/807/519 1087/806/519 921/804/519
f 920/807/519 1088/808/519 1087/806/519
f 919/809/519 1088/808/519 920/807/519
f 919/809/519 1089/810/519 1088/808/519
f 919/809/519 1090/811/519 1089/810/519
f 918/812/518 1090/811/518 919/809/518
f 918/812/519 1091/813/519 1090/811/519
f 918/812/518 1092/814/518 1091/813/518
f 917/815/519 1092/814/519 918/812/519
f 917/815/520 1093/816/520 1092/814/520
f 917/815/518 1094/817/518 1093/816/518
f 917/815/519 1095/818/519 1094/817/519
f 916/819/519 1095/818/519 917/815/519
f 916/819/519 1096/820/519 1095/818/519
f 916/819/518 1097/821/518 1096/820/518
f 915/822/519 1097/821/519 916/819/519
f 915/822/518 1098/823/518 1097/821/518
f 915/822/519 1099/824/519 1098/823/519
f 914/825/518 1099/824/518 915/822/518
f 914/825/519 1100/826/519 1099/824/519
f 914/825/519 1101/827/519 1100/826/519
f 913/828/519 1101/827/519 914/825/519
f 913/828/519 1102/829/519 1101/827/519
f 913/828/519 1103/830/519 1102/829/519
f 912/831/519 1103/830/519 913/828/519
f 912/831/519 1104/832/519 1103/830/519
f 912/831/520 1105/833/520 1104/832/520
f 911/834/519 1105/833/519 912/831/519
f 911/834/519 1106/835/519 1105/833/519
f 911/834/518 1107/836/518 1106/835/518
f 911/834/519 1108/837/519 1107/836/519
f 910/838/519 1108/837/519 911/834/519
f 909/839/519 1108/837/519 910/838/519
f 1109/840/519 1108/837/519 909/839/519
f 1115/841/519 1117/842/519 1116/843/519
f 1115/841/519 1118/844/519 1117/842/519
f 1119/845/519 1121/846/519 1120/847/519
f 1119/845/519 1110/848/519 1121/846/519
f 1115/841/519 1113/849/519 1118/844/519
f 1113/849/519 1119/845/519 1118/844/519
f 1113/849/519 1112/850/519 1119/845/519
f 1112/850/519 1110/848/519 1119/845/519
f 1115/841/519 1114/851/519 1113/849/519
f 1111/852/519 1110/848/519 1112/850/519
f 1122/853/526 1123/854/526 1124/855/526
f 1122/853/527 1124/855/527 1125/856/527
f 1126/857/528 1122/853/528 1125/856/528
f 1126/857/529 1125/856/529 1127/858/529
f 1126/857/528 1127/858/528 1128/859/528
f 1129/860/528 1126/857/528 1128/859/528
f 1129/860/530 1128/859/530 1130/861/530
f 1129/860/531 1130/861/531 1131/862/531
f 1132/863/529 1129/860/529 1131/862/529
f 1132/863/532 1131/862/532 1133/864/532
f 1132/863/528 1133/864/528 1134/865/528
f 1135/866/529 1132/863/529 1134/865/529
f 1135/866/529 1134/865/529 1136/867/529
f 1135/866/528 1136/867/528 1137/868/528
f 1138/869/532 1135/866/532 1137/868/532
f 1138/869/529 1137/868/529 1139/870/529
f 1140/871/532 1138/869/532 1139/870/532
f 1140/871/532 1139/870/532 1141/872/532
f 1140/871/532 1141/872/532 1142/873/532
f 1143/874/528 1140/871/528 1142/873/528
f 1143/874/529 1142/873/529 1144/875/529
f 1143/874/528 1144/875/528 1145/876/528
f 1146/877/532 1143/874/532 1145/876/532
f 1146/877/528 1145/876/528 1147/878/528
f 1146/877/529 1147/878/529 1148/879/529
f 1149/880/528 1146/877/528 1148/879/528
f 1149/880/528 1148/879/528 1150/881/528
f 1149/880/532 1150/881/532 1151/882/532
f 1152/883/528 1149/880/528 1151/882/528
f 1152/883/529 1151/882/529 1153/884/529
f 1152/883/528 1153/884/528 1154/885/528
f 1155/886/529 1152/883/529 1154/885/529
f 1155/886/528 1154/885/528 1156/887/528
f 1155/886/529 1156/887/529 1157/888/529
f 1158/889/532 1155/886/532 1159/890/532
f 1159/890/532 1155/886/532 1160/891/532
f 1160/891/528 1155/886/528 1161/892/528
f 1161/892/532 1155/886/532 1162/893/532
f 1162/893/532 1155/886/532 1163/894/532
f 1163/894/528 1155/886/528 1164/895/528
f 1164/895/529 1155/886/529 1165/896/529
f 1165/896/528 1155/886/528 1166/897/528
f 1166/897/528 1155/886/528 1167/898/528
f 1167/898/529 1155/886/529 1168/899/529
f 1168/899/529 1155/886/529 1169/900/529
f 1169/900/532 1155/886/532 1170/901/532
f 1170/901/529 1155/886/529 1171/902/529
f 1171/902/528 1155/886/528 1172/903/528
f 1172/903/529 1155/886/529 1173/904/529
f 1173/904/528 1155/886/528 1174/905/528
f 1174/905/528 1155/886/528 1175/906/528
f 1175/906/531 1155/886/531 1176/907/531
f 1176/907/530 1155/886/530 1177/908/530
f 1177/908/528 1155/886/528 1178/909/528
f 1178/909/532 1155/886/532 1157/888/532
f 1178/909/533 1157/888/533 1179/910/533
f 1179/910/529 1157/888/529 1180/911/529
f 1179/910/534 1180/911/534 1181/912/534
f 1181/912/528 1180/911/528 1182/913/528
f 1181/912/535 1182/913/535 1183/914/535
f 1183/914/530 1182/913/530 1184/915/530
f 1184/915/528 1182/913/528 1185/916/528
f 1184/915/536 1185/916/536 1186/917/536
f 1186/917/529 1185/916/529 1187/918/529
f 1188/919/537 1186/917/537 1187/918/537
f 1189/920/528 1188/919/528 1187/918/528
f 1190/921/528 1189/920/528 1187/918/528
f 1191/922/528 1190/921/528 1187/918/528
f 1192/923/528 1191/922/528 1187/918/528
f 1192/923/529 1187/918/529 1193/924/529
f 1194/925/531 1192/923/531 1193/924/531
f 1195/926/530 1194/925/530 1193/924/530
f 1196/927/528 1195/926/528 1193/924/528
f 1196/927/528 1193/924/528 1197/928/528
f 1198/929/530 1196/927/530 1197/928/530
f 1199/930/528 1198/929/528 1197/928/528
f 1199/930/529 1197/928/529 1200/931/529
f 1201/932/528 1199/930/528 1200/931/528
f 1202/933/529 1201/932/529 1200/931/529
f 1202/933/528 1200/931/528 1203/934/528
f 1204/935/529 1202/933/529 1203/934/529
f 1205/936/529 1204/935/529 1203/934/529
f 1205/936/528 1203/934/528 1206/937/528
f 1207/938/532 1205/936/532 1206/937/532
f 1208/939/528 1207/938/528 1206/937/528
f 1208/939/529 1206/937/529 1209/940/529
f 1210/941/532 1208/939/532 1209/940/532
f 1211/942/528 1210/941/528 1209/940/528
f 1211/942/528 1209/940/528 1212/943/528
f 1213/944/528 1211/942/528 1212/943/528
f 1213/944/529 1212/943/529 1214/945/529
f 1215/946/532 1213/944/532 1214/945/532
f 1216/947/528 1215/946/528 1214/945/528
f 1216/947/528 1214/945/528 1217/948/528
f 1218/949/529 1216/947/529 1217/948/529
f 1218/949/532 1217/948/532 1219/950/532
f 1220/951/528 1218/949/528 1219/950/528
f 1221/952/532 1220/951/532 1219/950/532
f 1222/953/528 1221/952/528 1219/950/528
f 1223/954/529 1222/953/529 1219/950/529
f 1223/954/528 1219/950/528 1224/955/528
f 1225/956/528 1223/954/528 1224/955/528
f 1225/956/532 1224/955/532 1226/957/532
f 1227/958/529 1225/956/529 1226/957/529
f 1228/959/532 1227/958/532 1226/957/532
f 1228/959/532 1226/957/532 1229/960/532
f 1230/961/528 1228/959/528 1229/960/528
f 1231/962/529 1230/961/529 1229/960/529
f 1231/962/529 1229/960/529 1232/963/529
f 1233/964/528 1231/962/528 1232/963/528
f 1234/965/532 1233/964/532 1232/963/532
f 1234/965/528 1232/963/528 1235/966/528
f 1236/967/528 1234/965/528 1235/966/528
f 1237/968/529 1236/967/529 1235/966/529
f 1237/968/528 1235/966/528 1238/969/528
f 1239/970/529 1237/968/529 1238/969/529
f 1240/971/529 1239/970/529 1238/969/529
f 1240/971/528 1238/969/528 1241/972/528
f 1242/973/532 1240/971/532 1241/972/532
f 1243/974/529 1242/973/529 1241/972/529
f 1243/974/532 1241/972/532 1244/975/532
f 1245/976/528 1243/974/528 1244/975/528
f 1246/977/529 1245/976/529 1244/975/529
f 1246/977/532 1244/975/532 1247/978/532
f 1248/979/529 1246/977/529 1247/978/529
f 1249/980/529 1248/979/529 1247/978/529
f 1249/980/532 1247/978/532 1250/981/532
f 1251/982/532 1249/980/532 1250/981/532
f 1251/982/528 1250/981/528 1252/983/528
f 1253/984/529 1251/982/529 1252/983/529
f 1254/985/528 1253/984/528 1252/983/528
f 1254/985/529 1252/983/529 1255/986/529
f 1256/987/528 1254/985/528 1255/986/528
f 1256/987/532 1255/986/532 1257/988/532
f 1258/989/532 1256/987/532 1257/988/532
f 1258/989/532 1257/988/532 1259/990/532
f 1260/991/532 1258/989/532 1259/990/532
f 1260/991/532 1259/990/532 1261/992/532
f 1260/991/532 1261/992/532 1262/993/532
f 1260/991/532 1262/993/532 1263/994/532
f 1260/991/532 1263/994/532 1264/995/532
f 1260/991/528 1264/995/528 1265/996/528
f 1260/991/532 1265/996/532 1266/997/532
f 1260/991/529 1266/997/529 1267/998/529
f 1260/991/532 1267/998/532 1268/999/532
f 1269/1000/528 1260/991/528 1268/999/528
f 1269/1000/532 1268/999/532 1270/1001/532
f 1271/1002/532 1269/1000/532 1270/1001/532
f 1271/1002/529 1270/1001/529 1272/1003/529
f 1273/1004/532 1271/1002/532 1272/1003/532
f 1273/1004/532 1272/1003/532 1274/1005/532
f 1275/1006/532 1273/1004/532 1274/1005/532
f 1276/1007/529 1275/1006/529 1274/1005/529
f 1277/1008/528 1276/1007/528 1274/1005/528
f 1278/1009/532 1277/1008/532 1274/1005/532
f 1279/1010/532 1278/1009/532 1274/1005/532
f 1280/1011/532 1279/1010/532 1274/1005/532
f 1281/1012/532 1280/1011/532 1274/1005/532
f 1281/1012/532 1274/1005/532 1282/1013/532
f 1281/1012/532 1282/1013/532 1283/1014/532
f 1284/1015/532 1281/1012/532 1283/1014/532
f 1284/1015/528 1283/1014/528 1285/1016/528
f 1286/1017/532 1284/1015/532 1285/1016/532
f 1286/1017/528 1285/1016/528 1287/1018/528
f 1286/1017/529 1287/1018/529 1288/1019/529
f 1289/1020/529 1286/1017/529 1288/1019/529
f 1289/1020/528 1288/1019/528 1290/1021/528
f 1291/1022/532 1289/1020/532 1290/1021/532
f 1291/1022/532 1290/1021/532 1292/1023/532
f 1291/1022/532 1292/1023/532 1293/1024/532
f 1294/1025/532 1291/1022/532 1293/1024/532
f 1294/1025/528 1293/1024/528 1295/1026/528
f 1294/1025/532 1295/1026/532 1296/1027/532
f 1297/1028/532 1294/1025/532 1296/1027/532
f 1297/1028/528 1296/1027/528 1298/1029/528
f 1297/1028/532 1298/1029/532 1299/1030/532
f 1297/1028/529 1299/1030/529 1300/1031/529
f 1301/1032/532 1297/1028/532 1300/1031/532
f 1301/1032/532 1300/1031/532 1302/1033/532
f 1301/1032/532 1302/1033/532 1303/1034/532
f 1304/1035/532 1301/1032/532 1303/1034/532
f 1304/1035/528 1303/1034/528 1305/1036/528
f 1304/1035/532 1305/1036/532 1306/1037/532
f 1307/1038/532 1304/1035/532 1306/1037/532
f 1307/1038/529 1306/1037/529 1308/1039/529
f 1307/1038/532 1308/1039/532 1309/1040/532
f 1310/1041/532 1307/1038/532 1309/1040/532
f 1310/1041/532 1309/1040/532 1311/1042/532
f 1310/1041/528 1311/1042/528 1312/1043/528
f 1313/1044/532 1310/1041/532 1312/1043/532
f 1313/1044/532 1312/1043/532 1314/1045/532
f 1313/1044/532 1314/1045/532 1315/1046/532
f 1316/1047/529 1313/1044/529 1315/1046/529
f 1316/1047/528 1315/1046/528 1317/1048/528
f 1316/1047/532 1317/1048/532 1318/1049/532
f 1316/1047/532 1318/1049/532 1319/1050/532
f 1320/1051/529 1316/1047/529 1319/1050/529
f 1321/1052/532 1320/1051/532 1319/1050/532
f 1322/1053/532 1321/1052/532 1319/1050/532
f 1323/1054/532 1324/1055/532 1325/1056/532
f 1323/1054/532 1325/1056/532 1326/1057/532
f 1327/1058/532 1328/1059/532 1329/1060/532
f 1327/1058/532 1329/1060/532 1330/1061/532
f 1323/1054/532 1326/1057/532 1331/1062/532
f 1331/1062/532 1326/1057/532 1327/1058/532
f 1331/1062/532 1327/1058/532 1332/1063/532
f 1332/1063/532 1327/1058/532 1330/1061/532
f 1323/1054/532 1331/1062/532 1333/1064/532
f 1334/1065/532 1332/1063/532 1330/1061/532
f 923/799/538 1281/1012/538 1284/1015/538 922/802/538
f 1061/750/539 1232/963/539 1229/960/539 1060/747/539
f 1044/698/540 1180/911/540 1157/888/540 1043/675/540
f 1024/646/541 1128/859/541 1127/858/541 1023/645/541
f 951/749/542 1231/962/542 1233/964/542 950/751/542
f 986/697/543 1179/910/543 1181/912/543 985/699/543
f 1018/644/544 1126/857/544 1129/860/544 1017/647/544
f 1085/803/545 1285/1016/545 1283/1014/545 1084/801/545
f 922/802/546 1284/1015/546 1286/1017/546 921/804/546
f 950/751/547 1233/964/547 1234/965/547 949/752/547
f 1045/700/548 1182/913/548 1180/911/548 1044/698/548
f 1025/648/549 1130/861/549 1128/859/549 1024/646/549
f 985/699/550 1181/912/550 1183/914/550 984/701/550
f 1086/805/551 1287/1018/551 1285/1016/551 1085/803/551
f 1062/753/552 1235/966/552 1232/963/552 1061/750/552
f 1026/649/553 1131/862/553 1130/861/553 1025/648/553
f 949/752/554 1234/965/554 1236/967/554 948/754/554
f 984/701/555 1183/914/555 1184/915/555 983/702/555
f 1017/647/556 1129/860/556 1132/863/556 1016/650/556
f 1087/806/557 1288/1019/557 1287/1018/557 1086/805/557
f 921/804/558 1286/1017/558 1289/1020/558 920/807/558
f 948/754/559 1236/967/559 1237/968/559 947/755/559
f 1046/703/560 1185/916/560 1182/913/560 1045/700/560
f 1027/651/561 1133/864/561 1131/862/561 1026/649/561
f 983/702/562 1184/915/562 1186/917/562 982/704/562
f 1088/808/563 1290/1021/563 1288/1019/563 1087/806/563
f 1063/756/564 1238/969/564 1235/966/564 1062/753/564
f 1028/652/565 1134/865/565 1133/864/565 1027/651/565
f 920/807/566 1289/1020/566 1291/1022/566 919/809/566
f 947/755/567 1237/968/567 1239/970/567 946/757/567
f 1016/650/568 1132/863/568 1135/866/568 1015/653/568
f 1047/705/569 1187/918/569 1185/916/569 1046/703/569
f 946/757/570 1239/970/570 1240/971/570 945/758/570
f 982/704/571 1186/917/571 1188/919/571 981/706/571
f 1089/810/572 1292/1023/572 1290/1021/572 1088/808/572
f 1029/654/573 1136/867/573 1134/865/573 1028/652/573
f 981/706/574 1188/919/574 1189/920/574 980/707/574
f 1090/811/575 1293/1024/575 1292/1023/575 1089/810/575
f 1064/759/576 1241/972/576 1238/969/576 1063/756/576
f 1030/655/577 1137/868/577 1136/867/577 1029/654/577
f 919/809/578 1291/1022/578 1294/1025/578 918/812/578
f 945/758/579 1240/971/579 1242/973/579 944/760/579
f 980/707/580 1189/920/580 1190/921/580 979/708/580
f 1015/653/581 1135/866/581 1138/869/581 1014/656/581
f 944/760/582 1242/973/582 1243/974/582 943/761/582
f 979/708/583 1190/921/583 1191/922/583 978/709/583
f 1091/813/584 1295/1026/584 1293/1024/584 1090/811/584
f 1031/657/585 1139/870/585 1137/868/585 1030/655/585
f 978/709/586 1191/922/586 1192/923/586 977/710/586
f 1014/656/587 1138/869/587 1140/871/587 1013/658/587
f 1092/814/588 1296/1027/588 1295/1026/588 1091/813/588
f 1065/762/589 1244/975/589 1241/972/589 1064/759/589
f 918/812/590 1294/1025/590 1297/1028/590 917/815/590
f 943/761/591 1243/974/591 1245/976/591 942/763/591
f 1048/711/592 1193/924/592 1187/918/592 1047/705/592
f 1032/659/593 1141/872/593 1139/870/593 1031/657/593
f 942/763/594 1245/976/594 1246/977/594 941/764/594
f 977/710/595 1192/923/595 1194/925/595 976/712/595
f 1093/816/596 1298/1029/596 1296/1027/596 1092/814/596
f 1033/660/597 1142/873/597 1141/872/597 1032/659/597
f 976/712/598 1194/925/598 1195/926/598 975/713/598
f 1013/658/599 1140/871/599 1143/874/599 1012/661/599
f 1094/817/600 1299/1030/600 1298/1029/600 1093/816/600
f 1066/765/601 1247/978/601 1244/975/601 1065/762/601
f 941/764/602 1246/977/602 1248/979/602 940/766/602
f 975/713/603 1195/926/603 1196/927/603 974/714/603
f 1095/818/604 1300/1031/604 1299/1030/604 1094/817/604
f 1034/662/605 1144/875/605 1142/873/605 1033/660/605
f 917/815/606 1297/1028/606 1301/1032/606 916/819/606
f 940/766/607 1248/979/607 1249/980/607 939/767/607
f 1049/715/608 1197/928/608 1193/924/608 1048/711/608
f 1035/663/609 1145/876/609 1144/875/609 1034/662/609
f 974/714/610 1196/927/610 1198/929/610 973/716/610
f 1012/661/611 1143/874/611 1146/877/611 1011/664/611
f 1096/820/612 1302/1033/612 1300/1031/612 1095/818/612
f 1067/768/613 1250/981/613 1247/978/613 1066/765/613
f 939/767/614 1249/980/614 1251/982/614 938/769/614
f 973/716/615 1198/929/615 1199/930/615 972/717/615
f 1097/821/616 1303/1034/616 1302/1033/616 1096/820/616
f 1036/665/617 1147/878/617 1145/876/617 1035/663/617
f 916/819/618 1301/1032/618 1304/1035/618 915/822/618
f 1068/770/619 1252/983/619 1250/981/619 1067/768/619
f 1050/718/620 1200/931/620 1197/928/620 1049/715/620
f 1037/666/621 1148/879/621 1147/878/621 1036/665/621
f 938/769/622 1251/982/622 1253/984/622 937/771/622
f 972/717/623 1199/930/623 1201/932/623 971/719/623
f 1011/664/624 1146/877/624 1149/880/624 1010/667/624
f 1098/823/625 1305/1036/625 1303/1034/625 1097/821/625
f 937/771/626 1253/984/626 1254/985/626 936/772/626
f 971/719/627 1201/932/627 1202/933/627 970/720/627
f 1099/824/628 1306/1037/628 1305/1036/628 1098/823/628
f 1038/668/629 1150/881/629 1148/879/629 1037/666/629
f 915/822/630 1304/1035/630 1307/1038/630 914/825/630
f 1069/773/631 1255/986/631 1252/983/631 1068/770/631
f 1051/721/632 1203/934/632 1200/931/632 1050/718/632
f 1039/669/633 1151/882/633 1150/881/633 1038/668/633
f 936/772/634 1254/985/634 1256/987/634 935/774/634
f 970/720/635 1202/933/635 1204/935/635 969/722/635
f 1010/667/636 1149/880/636 1152/883/636 1009/670/636
f 1100/826/637 1308/1039/637 1306/1037/637 1099/824/637
f 969/722/638 1204/935/638 1205/936/638 968/723/638
f 1101/827/639 1309/1040/639 1308/1039/639 1100/826/639
f 1070/775/640 1257/988/640 1255/986/640 1069/773/640
f 1040/671/641 1153/884/641 1151/882/641 1039/669/641
f 914/825/642 1307/1038/642 1310/1041/642 913/828/642
f 935/774/643 1256/987/643 1258/989/643 934/776/643
f 1052/724/644 1206/937/644 1203/934/644 1051/721/644
f 1041/672/645 1154/885/645 1153/884/645 1040/671/645
f 968/723/646 1205/936/646 1207/938/646 967/725/646
f 1009/670/647 1152/883/647 1155/886/647 1008/673/647
f 1102/829/648 1311/1042/648 1309/1040/648 1101/827/648
f 1071/777/649 1259/990/649 1257/988/649 1070/775/649
f 934/776/650 1258/989/650 1260/991/650 933/778/650
f 967/725/651 1207/938/651 1208/939/651 966/726/651
f 1103/830/652 1312/1043/652 1311/1042/652 1102/829/652
f 1042/674/653 1156/887/653 1154/885/653 1041/672/653
f 913/828/654 1310/1041/654 1313/1044/654 912/831/654
f 1072/779/655 1261/992/655 1259/990/655 1071/777/655
f 1053/727/656 1209/940/656 1206/937/656 1052/724/656
f 1043/675/657 1157/888/657 1156/887/657 1042/674/657
f 966/726/658 1208/939/658 1210/941/658 965/728/658
f 1008/673/659 1155/886/659 1158/889/659 1007/676/659
f 1104/832/660 1314/1045/660 1312/1043/660 1103/830/660
f 1073/780/661 1262/993/661 1261/992/661 1072/779/661
f 1007/676/662 1158/889/662 1159/890/662 1006/677/662
f 965/728/663 1210/941/663 1211/942/663 964/729/663
f 1105/833/664 1315/1046/664 1314/1045/664 1104/832/664
f 1074/781/665 1263/994/665 1262/993/665 1073/780/665
f 1006/677/666 1159/890/666 1160/891/666 1005/678/666
f 912/831/667 1313/1044/667 1316/1047/667 911/834/667
f 1075/782/668 1264/995/668 1263/994/668 1074/781/668
f 1054/730/669 1212/943/669 1209/940/669 1053/727/669
f 1005/678/670 1160/891/670 1161/892/670 1004/679/670
f 964/729/671 1211/942/671 1213/944/671 963/731/671
f 1106/835/672 1317/1048/672 1315/1046/672 1105/833/672
f 1076/783/673 1265/996/673 1264/995/673 1075/782/673
f 1004/679/674 1161/892/674 1162/893/674 1003/680/674
f 1107/836/675 1318/1049/675 1317/1048/675 1106/835/675
f 1077/784/676 1266/997/676 1265/996/676 1076/783/676
f 1055/732/677 1214/945/677 1212/943/677 1054/730/677
f 1003/680/678 1162/893/678 1163/894/678 1002/681/678
f 963/731/679 1213/944/679 1215/946/679 962/733/679
f 1108/837/233 1319/1050/233 1318/1049/233 1107/836/233
f 1078/785/680 1267/998/680 1266/997/680 1077/784/680
f 1002/681/681 1163/894/681 1164/895/681 1001/682/681
f 911/834/682 1316/1047/682 1320/1051/682 910/838/682
f 962/733/683 1215/946/683 1216/947/683 961/734/683
f 1079/786/684 1268/999/684 1267/998/684 1078/785/684
f 1001/682/685 1164/895/685 1165/896/685 1000/683/685
f 910/838/686 1320/1051/686 1321/1052/686 909/839/686
f 933/778/687 1260/991/687 1269/1000/687 932/787/687
f 1056/735/688 1217/948/688 1214/945/688 1055/732/688
f 1000/683/689 1165/896/689 1166/897/689 999/684/689
f 909/839/236 1321/1052/236 1322/1053/236 1109/840/236
f 961/734/690 1216/947/690 1218/949/690 960/736/690
f 1109/840/691 1322/1053/691 1319/1050/691 1108/837/691
f 1080/788/692 1270/1001/692 1268/999/692 1079/786/692
f 999/684/693 1166/897/693 1167/898/693 998/685/693
f 1116/843/236 1324/1055/236 1323/1054/236 1115/841/236
f 932/787/694 1269/1000/694 1271/1002/694 931/789/694
f 1057/737/233 1219/950/233 1217/948/233 1056/735/233
f 998/685/695 1167/898/695 1168/899/695 997/686/695
f 1117/842/675 1325/1056/675 1324/1055/675 1116/843/675
f 960/736/696 1218/949/696 1220/951/696 959/738/696
f 1081/790/697 1272/1003/697 1270/1001/697 1080/788/697
f 997/686/698 1168/899/698 1169/900/698 996/687/698
f 1118/844/233 1326/1057/233 1325/1056/233 1117/842/233
f 931/789/699 1271/1002/699 1273/1004/699 930/791/699
f 959/738/236 1220/951/236 1221/952/236 958/739/236
f 1120/847/236 1328/1059/236 1327/1058/236 1119/845/236
f 996/687/700 1169/900/700 1170/901/700 995/688/700
f 958/739/701 1221/952/701 1222/953/701 957/740/701
f 1121/846/675 1329/1060/675 1328/1059/675 1120/847/675
f 1082/792/702 1274/1005/702 1272/1003/702 1081/790/702
f 995/688/703 1170/901/703 1171/902/703 994/689/703
f 930/791/704 1273/1004/704 1275/1006/704 929/793/704
f 957/740/705 1222/953/705 1223/954/705 956/741/705
f 1110/848/233 1330/1061/233 1329/1060/233 1121/846/233
f 994/689/706 1171/902/706 1172/903/706 993/690/706
f 929/793/707 1275/1006/707 1276/1007/707 928/794/707
f 1058/742/708 1224/955/708 1219/950/708 1057/737/708
f 993/690/709 1172/903/709 1173/904/709 992/691/709
f 928/794/710 1276/1007/710 1277/1008/710 927/795/710
f 956/741/711 1223/954/711 1225/956/711 955/743/711
f 1119/845/675 1327/1058/675 1326/1057/675 1118/844/675
f 992/691/712 1173/904/712 1174/905/712 991/692/712
f 1113/849/691 1331/1062/691 1332/1063/691 1112/850/691
f 927/795/713 1277/1008/713 1278/1009/713 926/796/713
f 1059/744/714 1226/957/714 1224/955/714 1058/742/714
f 991/692/715 1174/905/715 1175/906/715 990/693/715
f 926/796/716 1278/1009/716 1279/1010/716 925/797/716
f 955/743/717 1225/956/717 1227/958/717 954/745/717
f 1115/841/691 1323/1054/691 1333/1064/691 1114/851/691
f 990/693/718 1175/906/718 1176/907/718 989/694/718
f 1020/642/719 1123/854/719 1122/853/719 1019/640/719
f 1114/851/233 1333/1064/233 1331/1062/233 1113/849/233
f 925/797/720 1279/1010/720 1280/1011/720 924/798/720
f 954/745/721 1227/958/721 1228/959/721 953/746/721
f 1112/850/236 1332/1063/236 1334/1065/236 1111/852/236
f 989/694/722 1176/907/722 1177/908/722 988/695/722
f 1021/641/723 1124/855/723 1123/854/723 1020/642/723
f 1111/852/691 1334/1065/691 1330/1061/691 1110/848/691
f 924/798/724 1280/1011/724 1281/1012/724 923/799/724
f 1060/747/725 1229/960/725 1226/957/725 1059/744/725
f 988/695/726 1177/908/726 1178/909/726 987/696/726
f 1022/643/727 1125/856/727 1124/855/727 1021/641/727
f 953/746/728 1228/959/728 1230/961/728 952/748/728
f 1019/640/729 1122/853/729 1126/857/729 1018/644/729
f 1083/800/730 1282/1013/730 1274/1005/730 1082/792/730
f 952/748/731 1230/961/731 1231/962/731 951/749/731
f 987/696/732 1178/909/732 1179/910/732 986/697/732
f 1084/801/733 1283/1014/733 1282/1013/733 1083/800/733
f 1023/645/734 1127/858/734 1125/856/734 1022/643/734
