# Blender 4.4.0
# www.blender.org
mtllib biofuel.mtl
o biofuel
v -0.006008 -0.172141 3.643286
v -0.006008 -0.226795 3.402481
v -0.006008 -0.226795 2.834383
v -0.006008 -0.090345 2.432677
v -0.042932 -0.083001 3.804187
v -0.074233 -0.158570 3.643286
v -0.095149 -0.209064 3.402481
v -0.102493 -0.226795 3.118432
v -0.095149 -0.209064 2.834383
v -0.074233 -0.158570 2.593578
v -0.042932 -0.083001 2.432677
v -0.074233 -0.062085 3.804187
v -0.132072 -0.119924 3.643286
v -0.170718 -0.158570 3.402481
v -0.184289 -0.172141 3.118432
v -0.170718 -0.158570 2.834383
v -0.132072 -0.119924 2.593578
v -0.074233 -0.062085 2.432677
v -0.095149 -0.030784 3.804187
v -0.170718 -0.062085 3.643286
v -0.221212 -0.083001 3.402481
v -0.238943 -0.090345 3.118432
v -0.221212 -0.083001 2.834383
v -0.170718 -0.062085 2.593578
v -0.095149 -0.030784 2.432677
v -0.102493 0.006140 3.804187
v -0.184289 0.006140 3.643286
v -0.238943 0.006140 3.402481
v -0.258135 0.006140 3.118432
v -0.238943 0.006140 2.834383
v -0.184289 0.006140 2.593578
v -0.102493 0.006140 2.432677
v -0.095149 0.043063 3.804187
v -0.170718 0.074365 3.643286
v -0.221212 0.095280 3.402481
v -0.238943 0.102624 3.118432
v -0.221212 0.095280 2.834383
v -0.170718 0.074365 2.593578
v -0.095149 0.043063 2.432677
v -0.074233 0.074365 3.804187
v -0.132072 0.132203 3.643286
v -0.170718 0.170849 3.402481
v -0.184289 0.184420 3.118432
v -0.170718 0.170849 2.834383
v -0.132072 0.132203 2.593578
v -0.074233 0.074365 2.432677
v -0.042932 0.095280 3.804187
v -0.074233 0.170849 3.643286
v -0.095149 0.221343 3.402481
v -0.102493 0.239074 3.118432
v -0.095149 0.221343 2.834383
v -0.074233 0.170849 2.593578
v -0.042932 0.095280 2.432677
v -0.006008 0.006140 3.860687
v -0.006008 0.102624 3.804187
v -0.006008 0.184420 3.643286
v -0.006008 0.239074 3.402481
v -0.006008 0.258266 3.118432
v -0.006008 0.239074 2.834383
v -0.006008 0.184420 2.593578
v -0.006008 0.102624 2.432677
v 0.030915 0.095280 3.804187
v 0.062217 0.170849 3.643286
v 0.083132 0.221343 3.402481
v 0.090476 0.239074 3.118432
v 0.083132 0.221343 2.834383
v 0.062217 0.170849 2.593578
v 0.030915 0.095280 2.432677
v 0.062217 0.074365 3.804187
v 0.120055 0.132203 3.643286
v 0.158701 0.170849 3.402481
v 0.172272 0.184420 3.118432
v 0.158701 0.170849 2.834383
v 0.120055 0.132203 2.593578
v 0.062217 0.074365 2.432677
v -0.006008 0.006140 2.376176
v 0.083132 0.043063 3.804187
v 0.158701 0.074365 3.643286
v 0.209195 0.095280 3.402481
v 0.226926 0.102624 3.118432
v 0.209195 0.095280 2.834383
v 0.158701 0.074365 2.593578
v 0.083132 0.043063 2.432677
v 0.090476 0.006140 3.804187
v 0.172272 0.006140 3.643286
v 0.226926 0.006139 3.402481
v 0.246118 0.006139 3.118432
v 0.226926 0.006139 2.834383
v 0.172272 0.006140 2.593578
v 0.090476 0.006140 2.432677
v 0.083132 -0.030784 3.804187
v 0.158701 -0.062085 3.643286
v 0.209195 -0.083001 3.402481
v 0.226926 -0.090345 3.118432
v 0.209195 -0.083001 2.834383
v 0.158701 -0.062085 2.593578
v 0.083132 -0.030784 2.432677
v 0.062217 -0.062085 3.804187
v 0.120055 -0.119924 3.643286
v 0.158701 -0.158570 3.402481
v 0.172272 -0.172141 3.118432
v 0.158701 -0.158570 2.834383
v 0.120055 -0.119924 2.593578
v 0.062217 -0.062085 2.432677
v 0.030915 -0.083001 3.804187
v 0.062217 -0.158570 3.643286
v 0.083132 -0.209064 3.402481
v 0.090476 -0.226795 3.118432
v 0.083132 -0.209064 2.834383
v 0.062217 -0.158570 2.593578
v 0.030915 -0.083001 2.432677
v -0.006008 -0.090345 3.804187
v -0.006009 -0.245987 3.118432
v -0.006008 -0.172141 2.593578
v -0.006008 -0.199468 3.522883
v -0.084691 -0.183817 3.522883
v -0.151395 -0.139247 3.522883
v -0.195965 -0.072543 3.522883
v -0.211616 0.006140 3.522883
v -0.195965 0.084822 3.522883
v -0.151395 0.151526 3.522883
v -0.084691 0.196096 3.522883
v -0.006008 0.211747 3.522883
v 0.072674 0.196096 3.522883
v 0.139378 0.151526 3.522883
v 0.183948 0.084822 3.522883
v 0.199599 0.006140 3.522883
v 0.183948 -0.072543 3.522883
v 0.139378 -0.139247 3.522883
v 0.072674 -0.183817 3.522883
v -0.058583 -0.120785 3.723736
v -0.103153 -0.091005 3.723736
v -0.132933 -0.046435 3.723736
v -0.143391 0.006140 3.723736
v -0.132933 0.058714 3.723736
v -0.103153 0.103284 3.723736
v -0.058582 0.133065 3.723736
v -0.006008 0.143522 3.723736
v 0.046566 0.133065 3.723736
v 0.091136 0.103284 3.723736
v 0.120917 0.058714 3.723736
v 0.131374 0.006140 3.723736
v 0.120917 -0.046435 3.723736
v 0.091136 -0.091005 3.723736
v 0.046566 -0.120785 3.723736
v -0.006008 -0.131243 3.723736
v -0.098821 -0.217930 3.260457
v -0.177504 -0.165356 3.260457
v -0.230078 -0.086673 3.260457
v -0.248539 0.006140 3.260457
v -0.230078 0.098952 3.260457
v -0.177504 0.177635 3.260457
v -0.098821 0.230209 3.260457
v -0.006008 0.248670 3.260457
v 0.086804 0.230209 3.260457
v 0.165487 0.177635 3.260457
v 0.218061 0.098952 3.260457
v 0.236522 0.006139 3.260457
v 0.218061 -0.086673 3.260457
v 0.165487 -0.165356 3.260457
v 0.086804 -0.217930 3.260457
v -0.006008 -0.236391 3.260457
v -0.098821 -0.217930 2.976407
v -0.177504 -0.165356 2.976407
v -0.230078 -0.086673 2.976407
v -0.248539 0.006140 2.976407
v -0.230078 0.098952 2.976407
v -0.177504 0.177635 2.976407
v -0.098821 0.230209 2.976407
v -0.006008 0.248670 2.976407
v 0.086804 0.230209 2.976407
v 0.165487 0.177635 2.976407
v 0.218061 0.098952 2.976407
v 0.236522 0.006139 2.976407
v 0.218061 -0.086673 2.976407
v 0.165487 -0.165356 2.976407
v 0.086804 -0.217930 2.976407
v -0.006008 -0.236391 2.976407
v -0.106608 -0.236729 2.834383
v -0.083004 -0.179744 2.593578
v -0.006008 -0.256740 2.834383
v -0.106608 -0.236729 3.402481
v -0.006008 -0.256740 3.402481
v -0.006008 -0.195060 3.643286
v -0.083004 -0.179744 3.643286
v -0.191892 -0.179744 2.834383
v -0.148278 -0.136130 2.593578
v -0.248877 -0.094460 2.834383
v -0.191892 -0.070856 2.593578
v -0.268888 -0.102749 3.118432
v -0.207208 -0.195060 3.118432
v -0.191892 -0.179744 3.402481
v -0.248877 -0.094460 3.402481
v -0.191892 -0.070856 3.643286
v -0.148278 -0.136130 3.643286
v -0.083004 -0.070856 3.804187
v -0.106608 -0.035530 3.804187
v -0.268888 0.006140 2.834383
v -0.207208 0.006140 2.593578
v -0.248877 0.106739 2.834383
v -0.191892 0.083135 2.593578
v -0.248877 0.106739 3.402481
v -0.268888 0.006140 3.402481
v -0.207208 0.006140 3.643286
v -0.191892 0.083135 3.643286
v -0.106608 0.047809 3.804187
v -0.114897 0.006140 3.804187
v -0.268888 0.115028 3.118432
v -0.290547 0.006140 3.118432
v -0.191892 0.192024 2.834383
v -0.148278 0.148409 2.593578
v -0.106608 0.249009 2.834383
v -0.083004 0.192023 2.593578
v -0.083004 0.192023 3.643286
v -0.148278 0.148409 3.643286
v -0.083004 0.083135 3.804187
v -0.047678 0.106739 3.804187
v -0.207208 0.207339 3.118432
v -0.114897 0.269019 3.118432
v -0.106608 0.249009 3.402481
v -0.191892 0.192024 3.402481
v -0.006008 0.269019 2.834383
v -0.006008 0.207339 2.593578
v 0.094591 0.249009 2.834383
v 0.070987 0.192023 2.593578
v 0.035661 0.106739 3.804187
v -0.006008 0.115028 3.804187
v 0.102880 0.269019 3.118432
v -0.006008 0.290678 3.118432
v -0.006008 0.269019 3.402481
v 0.094591 0.249009 3.402481
v 0.070987 0.192023 3.643286
v -0.006008 0.207339 3.643286
v 0.179876 0.192023 2.834383
v 0.136261 0.148409 2.593578
v 0.236861 0.106739 2.834383
v 0.179875 0.083135 2.593578
v 0.195191 0.207339 3.118432
v 0.256871 0.115028 3.118432
v 0.236861 0.106739 3.402481
v 0.179876 0.192023 3.402481
v 0.136261 0.148409 3.643286
v 0.179875 0.083135 3.643286
v 0.094591 0.047809 3.804187
v 0.070987 0.083135 3.804187
v 0.256871 0.006139 2.834383
v 0.195191 0.006140 2.593578
v 0.236860 -0.094460 2.834383
v 0.179875 -0.070856 2.593578
v 0.256871 -0.102749 3.118432
v 0.278530 0.006139 3.118432
v 0.256871 0.006139 3.402481
v 0.236860 -0.094460 3.402481
v 0.179875 -0.070856 3.643286
v 0.195191 0.006140 3.643286
v 0.102880 0.006140 3.804187
v 0.094591 -0.035530 3.804187
v 0.179875 -0.179744 2.834383
v 0.136261 -0.136130 2.593578
v 0.094591 -0.236729 2.834383
v 0.070987 -0.179744 2.593578
v 0.195191 -0.195060 3.118432
v 0.102880 -0.256740 3.118432
v 0.094591 -0.236729 3.402481
v 0.179875 -0.179744 3.402481
v 0.136261 -0.136130 3.643286
v 0.070987 -0.179744 3.643286
v 0.035661 -0.094460 3.804187
v 0.070987 -0.070856 3.804187
v -0.006009 -0.195060 2.593578
v -0.006009 -0.278399 3.118432
v -0.114897 -0.256740 3.118432
v -0.047678 -0.094460 3.804187
v -0.006008 -0.102749 3.804187
v -0.006008 -0.225900 3.522883
v -0.094806 -0.208237 3.522883
v -0.170085 -0.157937 3.522883
v -0.220385 -0.082658 3.522883
v -0.238048 0.006140 3.522883
v -0.220385 0.094937 3.522883
v -0.170085 0.170216 3.522883
v -0.094806 0.220516 3.522883
v -0.006008 0.238179 3.522883
v 0.082789 0.220516 3.522883
v 0.158068 0.170216 3.522883
v 0.208368 0.094937 3.522883
v 0.226031 0.006139 3.522883
v 0.208368 -0.082658 3.522883
v 0.158068 -0.157937 3.522883
v 0.082789 -0.208237 3.522883
v -0.065341 -0.137102 3.723736
v -0.115641 -0.103493 3.723736
v -0.149250 -0.053193 3.723736
v -0.161052 0.006140 3.723736
v -0.149250 0.065472 3.723736
v -0.115641 0.115772 3.723736
v -0.065341 0.149381 3.723736
v -0.006008 0.161183 3.723736
v 0.053324 0.149381 3.723736
v 0.103624 0.115772 3.723736
v 0.137233 0.065472 3.723736
v 0.149035 0.006140 3.723736
v 0.137233 -0.053193 3.723736
v 0.103624 -0.103493 3.723736
v 0.053324 -0.137102 3.723736
v -0.006008 -0.148904 3.723736
v -0.110752 -0.246735 3.260457
v -0.199550 -0.187402 3.260457
v -0.258883 -0.098604 3.260457
v -0.279718 0.006140 3.260457
v -0.258883 0.110884 3.260457
v -0.199550 0.199681 3.260457
v -0.110752 0.259014 3.260457
v -0.006008 0.279849 3.260457
v 0.098736 0.259014 3.260457
v 0.187533 0.199681 3.260457
v 0.246866 0.110883 3.260457
v 0.267701 0.006139 3.260457
v 0.246866 -0.098604 3.260457
v 0.187533 -0.187402 3.260457
v 0.098735 -0.246735 3.260457
v -0.006009 -0.267570 3.260457
v -0.110752 -0.246735 2.976407
v -0.199550 -0.187402 2.976407
v -0.258883 -0.098604 2.976407
v -0.279718 0.006140 2.976407
v -0.258883 0.110884 2.976407
v -0.199550 0.199681 2.976407
v -0.110752 0.259014 2.976407
v -0.006008 0.279849 2.976407
v 0.098736 0.259014 2.976407
v 0.187533 0.199681 2.976407
v 0.246866 0.110883 2.976407
v 0.267701 0.006139 2.976407
v 0.246866 -0.098604 2.976407
v 0.187533 -0.187402 2.976407
v 0.098735 -0.246735 2.976407
v -0.006009 -0.267570 2.976407
v 0.086165 0.074652 -0.000001
v 0.086165 0.074652 2.373015
v 0.086165 -0.062373 -0.000001
v 0.086165 -0.062373 2.373015
v -0.050861 0.074652 -0.000001
v -0.050861 0.074652 2.373015
v -0.050861 -0.062373 -0.000001
v -0.050861 -0.062373 2.373015
v -0.119526 0.055069 1.893344
v -0.034003 0.096629 2.019906
v -0.030910 -0.127289 1.893344
v 0.054613 -0.085729 2.019906
v -0.320830 0.087828 2.696405
v -0.235307 0.129388 2.822967
v -0.129545 -0.305803 2.696405
v -0.044022 -0.264244 2.822967
v -0.075012 -0.036533 1.893344
v 0.010510 0.005027 2.019906
v -0.410424 -0.199525 3.189183
v -0.324901 -0.157966 3.315745
v 0.063501 -0.245315 2.237652
v 0.149024 -0.203755 2.364214
v -0.147206 0.188285 2.237652
v -0.061683 0.229845 2.364214
v -0.081582 -0.039725 2.375700
v -0.167105 -0.081285 2.249138
v 0.145771 -0.045610 2.128730
v 0.060248 -0.087170 2.255292
v 0.057154 0.136748 2.128730
v -0.028369 0.095188 2.255292
v 0.347075 -0.078369 2.931792
v 0.261552 -0.119929 3.058353
v 0.155790 0.315262 2.931792
v 0.070267 0.273703 3.058353
v 0.101257 0.045992 2.128730
v 0.015734 0.004432 2.255292
v 0.436669 0.208985 3.424569
v 0.351146 0.167425 3.551131
v -0.037256 0.254774 2.473039
v -0.122779 0.213214 2.599600
v 0.173451 -0.178826 2.473039
v 0.087928 -0.220386 2.599600
v 0.107827 0.049184 2.611086
v 0.193350 0.090744 2.484524
v -0.039547 -0.060587 1.185705
v -0.039547 -0.040511 1.263918
v 0.063875 -0.060587 1.185704
v 0.063875 -0.040511 1.263918
v -0.099458 -0.296057 1.531526
v -0.099458 -0.275980 1.609739
v 0.123785 -0.296057 1.531526
v 0.123785 -0.275981 1.609739
v 0.012404 -0.060587 1.185705
v 0.012404 -0.040511 1.263918
v 0.012403 -0.489487 1.723437
v 0.012403 -0.469410 1.801651
v 0.139073 -0.112154 1.354453
v 0.139073 -0.092077 1.432666
v -0.106837 -0.112154 1.354453
v -0.106837 -0.092077 1.432666
v 0.012404 -0.158272 1.411561
v 0.012404 -0.178348 1.333348
v 0.065792 0.062795 1.159618
v 0.065792 0.028523 1.232733
v -0.037630 0.062795 1.159618
v -0.037630 0.028523 1.232733
v 0.125703 0.229841 1.543198
v 0.125703 0.195569 1.616313
v -0.097540 0.229841 1.543198
v -0.097540 0.195569 1.616313
v 0.013841 0.062795 1.159618
v 0.013841 0.028523 1.232733
v 0.013841 0.384205 1.767735
v 0.013841 0.349933 1.840850
v -0.112828 0.082078 1.335012
v -0.112828 0.047806 1.408127
v 0.133082 0.082078 1.335012
v 0.133082 0.047806 1.408127
v 0.013841 0.116771 1.399701
v 0.013841 0.151043 1.326586
v -0.051545 -0.033074 0.553979
v -0.042621 -0.015090 0.632192
v 0.041097 -0.079047 0.553979
v 0.050021 -0.061063 0.632192
v -0.209883 -0.217368 0.899800
v -0.200958 -0.199384 0.978013
v -0.009909 -0.316605 0.899800
v -0.000985 -0.298621 0.978013
v -0.005010 -0.056167 0.553979
v 0.003915 -0.038183 0.632192
v -0.195665 -0.440361 1.091712
v -0.186741 -0.422377 1.169925
v 0.085535 -0.158666 0.722727
v 0.094459 -0.140682 0.800941
v -0.134744 -0.049353 0.722727
v -0.125819 -0.031370 0.800940
v -0.048433 -0.143670 0.779835
v -0.057357 -0.161654 0.701622
v 0.097660 0.030622 0.527892
v 0.082425 -0.000078 0.601007
v 0.005018 0.076596 0.527892
v -0.010217 0.045896 0.601007
v 0.225582 0.153626 0.911472
v 0.210347 0.122926 0.984587
v 0.025608 0.252862 0.911472
v 0.010373 0.222162 0.984587
v 0.051124 0.053716 0.527892
v 0.035890 0.023016 0.601007
v 0.193998 0.341624 1.136009
v 0.178764 0.310924 1.209124
v -0.053770 0.127297 0.703287
v -0.069005 0.096597 0.776402
v 0.166508 0.017984 0.703287
v 0.151273 -0.012716 0.776401
v 0.075118 0.102066 0.767975
v 0.090353 0.132766 0.694860
v -0.019901 -0.078090 1.721627
v -0.027774 -0.059622 1.799840
v 0.075237 -0.037533 1.721627
v 0.067364 -0.019065 1.799840
v 0.017328 -0.318193 2.067448
v 0.009455 -0.299725 2.145661
v 0.222689 -0.230648 2.067448
v 0.214816 -0.212179 2.145661
v 0.027889 -0.057718 1.721627
v 0.020016 -0.039249 1.799840
v 0.196083 -0.452262 2.259359
v 0.188210 -0.433794 2.337573
v 0.164634 -0.055480 1.890375
v 0.156761 -0.037012 1.968588
v -0.061578 -0.151914 1.890375
v -0.069451 -0.133446 1.968588
v 0.066196 -0.147578 1.947483
v 0.074069 -0.166046 1.869270
v 0.028616 0.076718 1.695539
v 0.042056 0.045191 1.768654
v -0.066522 0.036161 1.695539
v -0.053082 0.004634 1.768654
v 0.018220 0.253878 2.079120
v 0.031660 0.222351 2.152235
v -0.187141 0.166333 2.079120
v -0.173701 0.134806 2.152235
v -0.019173 0.056345 1.695539
v -0.005733 0.024818 1.768654
v -0.145215 0.352010 2.303657
v -0.131775 0.320483 2.376772
v -0.143259 0.024410 1.870934
v -0.129819 -0.007117 1.944049
v 0.082954 0.120845 1.870934
v 0.096394 0.089318 1.944049
v -0.040340 0.105998 1.935623
v -0.053780 0.137525 1.862508
v 0.555485 3.217835 7.198804
v 0.555485 2.896805 6.984298
v 0.555485 2.682298 6.663267
v 0.555485 2.606973 6.284585
v 1.359881 2.792121 0.126588
v 1.693072 3.596517 0.126588
v 0.287716 3.328748 7.198804
v 0.060713 3.101746 6.984298
v -0.090966 2.950067 6.663267
v -0.144229 2.896805 6.284585
v 1.359881 4.400915 0.126588
v 0.555485 4.734106 0.126588
v -0.248912 4.400915 0.126588
v 0.176803 3.596517 7.198804
v -0.144229 3.596517 6.984298
v -0.358735 3.596517 6.663267
v -0.434059 3.596517 6.284585
v -0.582104 3.596517 0.126588
v -0.248912 2.792120 0.126588
v 0.555485 2.458928 0.126588
v 0.287716 3.864286 7.198804
v 0.060713 4.091290 6.984298
v -0.090966 4.242968 6.663267
v -0.144229 4.296230 6.284585
v 0.555485 2.458928 0.362020
v -0.248912 2.792120 0.362020
v -0.582104 3.596517 0.362020
v 0.555485 3.975201 7.198804
v 0.555485 4.296230 6.984298
v 0.555485 4.510736 6.663267
v 0.555485 4.586061 6.284585
v -0.248912 4.400915 0.362020
v 0.555485 4.734106 0.362020
v 1.359881 4.400915 0.362020
v 0.555485 3.596517 7.274128
v 0.823254 3.864286 7.198804
v 1.050257 4.091290 6.984298
v 1.201935 4.242968 6.663267
v 1.255197 4.296230 6.284585
v 1.693072 3.596517 0.362020
v 1.359881 2.792121 0.362020
v 1.255197 2.896804 0.362020
v 0.934167 3.596517 7.198804
v 1.255197 3.596517 6.984298
v 1.469704 3.596517 6.663267
v 1.545029 3.596517 6.284585
v 1.545029 3.596517 0.362020
v 1.255197 4.296230 0.362020
v 0.555485 4.586061 0.362020
v -0.144229 4.296230 0.362020
v 0.823254 3.328748 7.198804
v 1.050257 3.101746 6.984298
v 1.201935 2.950068 6.663267
v 1.255197 2.896805 6.284585
v -0.434059 3.596517 0.362020
v -0.144229 2.896804 0.362020
v 0.555485 2.606973 0.362020
v 1.171302 1.916219 7.407069
v 1.094236 1.909994 7.407069
v 1.024382 1.943137 7.407069
v 0.980457 2.006763 7.407069
v 0.974232 2.083831 7.407069
v 1.007375 2.153686 7.407069
v 1.071004 2.197607 7.407069
v 1.148069 2.203835 7.407069
v 1.217923 2.170692 7.407069
v 1.261847 2.107062 7.407069
v 1.268073 2.029999 7.407069
v 1.234930 1.960144 7.407069
v 1.166484 1.929737 7.552767
v 1.089548 1.923149 7.548863
v 1.020046 1.955300 7.538198
v 0.976602 2.017579 7.523627
v 0.970860 2.093292 7.509057
v 1.004354 2.162158 7.498392
v 1.068113 2.205717 7.494488
v 1.145048 2.212308 7.498392
v 1.214551 2.180154 7.509057
v 1.257992 2.117878 7.523627
v 1.263737 2.042162 7.538198
v 1.230241 1.973299 7.548863
v 1.152215 1.969769 7.692867
v 1.075661 1.962107 7.685209
v 1.007204 1.991329 7.664287
v 0.965188 2.049602 7.635707
v 0.960871 2.121315 7.607127
v 0.995412 2.187247 7.586205
v 1.059551 2.229738 7.578547
v 1.136106 2.237396 7.586205
v 1.204562 2.208178 7.607127
v 1.246578 2.149901 7.635707
v 1.250895 2.078192 7.664287
v 1.216355 2.012257 7.685209
v 1.129044 2.034775 7.821983
v 1.053110 2.025374 7.810865
v 0.986350 2.049835 7.780492
v 0.946650 2.101610 7.739000
v 0.944651 2.166821 7.697508
v 0.980888 2.227994 7.667134
v 1.045648 2.268742 7.656017
v 1.121582 2.278143 7.667134
v 1.188342 2.253683 7.697508
v 1.228039 2.201910 7.739000
v 1.230041 2.136697 7.780492
v 1.193804 2.075523 7.810865
v 1.097861 2.122260 7.935155
v 1.022762 2.110516 7.921005
v 0.958284 2.128574 7.882346
v 0.921704 2.171596 7.829538
v 0.922823 2.228060 7.776729
v 0.961342 2.282831 7.738070
v 1.026938 2.321233 7.723920
v 1.102036 2.332980 7.738070
v 1.166514 2.314922 7.776729
v 1.203093 2.271896 7.829538
v 1.201975 2.215436 7.882346
v 1.163456 2.160666 7.921005
v 1.059862 2.228864 8.028032
v 0.985783 2.214261 8.011394
v 0.924087 2.224514 7.965937
v 0.891305 2.256879 7.903840
v 0.896224 2.302682 7.841743
v 0.937525 2.349648 7.796286
v 1.004139 2.385196 7.779647
v 1.078219 2.399797 7.796286
v 1.139916 2.389543 7.841743
v 1.172695 2.357178 7.903840
v 1.167778 2.311376 7.965937
v 1.126477 2.264410 8.011394
v 1.016511 2.350486 8.097047
v 0.943594 2.332623 8.078559
v 0.885070 2.333975 8.028049
v 0.856624 2.354177 7.959051
v 0.865879 2.387816 7.890053
v 0.910352 2.425882 7.839543
v 0.978129 2.458168 7.821055
v 1.051046 2.476031 7.839543
v 1.109570 2.474679 7.890053
v 1.138014 2.454476 7.959051
v 1.128761 2.420837 8.028049
v 1.084288 2.382772 8.078559
v 0.969473 2.482451 8.139545
v 0.897816 2.461053 8.119919
v 0.842736 2.452743 8.066298
v 0.818993 2.459750 7.993050
v 0.832952 2.480192 7.919802
v 0.880870 2.508595 7.866181
v 0.949905 2.537349 7.846554
v 1.021564 2.558744 7.866181
v 1.076643 2.567054 7.919802
v 1.100383 2.560050 7.993050
v 1.086427 2.539605 8.066298
v 1.038510 2.511202 8.119919
v 0.848693 2.821301 8.153895
v 0.778346 2.796226 8.133884
v 0.970538 2.864732 7.929847
v 0.989387 2.871450 8.004530
v 0.919040 2.846376 8.133884
v 0.726847 2.777870 8.079212
v 0.970538 2.864732 8.079212
v 0.707997 2.771151 8.004530
v 0.726847 2.777870 7.929847
v 0.778346 2.796226 7.875175
v 0.848693 2.821301 7.855165
v 0.919040 2.846376 7.875175
v 0.990902 2.644767 7.875175
v 0.920555 2.619692 7.855165
v 0.850208 2.594618 7.875175
v 0.798709 2.576262 7.929847
v 0.779859 2.569542 8.004530
v 1.042400 2.663123 8.079212
v 0.798709 2.576262 8.079212
v 0.990902 2.644767 8.133884
v 1.061249 2.669842 8.004530
v 1.042400 2.663123 7.929847
v 0.850208 2.594618 8.133884
v 0.920555 2.619692 8.153895
v 0.523514 3.733591 7.407069
v 0.459886 3.689666 7.407069
v 0.426744 3.619812 7.407069
v 0.432969 3.542744 7.407069
v 0.476893 3.479118 7.407069
v 0.546748 3.445975 7.407069
v 0.623814 3.452199 7.407069
v 0.687442 3.496125 7.407069
v 0.720584 3.565979 7.407069
v 0.714359 3.643043 7.407069
v 0.670435 3.706673 7.407069
v 0.600580 3.739815 7.407069
v 0.528332 3.720073 7.552767
v 0.464575 3.676512 7.548863
v 0.431080 3.607645 7.538198
v 0.436823 3.531932 7.523627
v 0.480265 3.469656 7.509057
v 0.549768 3.437502 7.498392
v 0.626705 3.444090 7.494488
v 0.690462 3.487652 7.498392
v 0.723956 3.556518 7.509057
v 0.718212 3.632231 7.523627
v 0.674772 3.694506 7.538198
v 0.605269 3.726661 7.548863
v 0.542602 3.680041 7.692867
v 0.478461 3.637553 7.685209
v 0.443922 3.571619 7.664287
v 0.448238 3.499905 7.635707
v 0.490254 3.441633 7.607127
v 0.558712 3.412411 7.586205
v 0.635265 3.420073 7.578547
v 0.699406 3.462560 7.586205
v 0.733945 3.528495 7.607127
v 0.729628 3.600204 7.635707
v 0.687613 3.658481 7.664287
v 0.619155 3.687703 7.685209
v 0.565774 3.615031 7.821983
v 0.501012 3.574287 7.810865
v 0.464777 3.513110 7.780492
v 0.466775 3.447900 7.739000
v 0.506474 3.396128 7.697508
v 0.573236 3.371663 7.667134
v 0.649168 3.381068 7.656017
v 0.713930 3.421812 7.667134
v 0.750165 3.482990 7.697508
v 0.748165 3.548199 7.739000
v 0.708468 3.599972 7.780492
v 0.641706 3.624436 7.810865
v 0.596957 3.527547 7.935155
v 0.531360 3.489145 7.921005
v 0.492841 3.434374 7.882346
v 0.491722 3.377910 7.829538
v 0.528302 3.334888 7.776729
v 0.592781 3.316830 7.738070
v 0.667879 3.328574 7.723920
v 0.733475 3.366979 7.738070
v 0.771994 3.421750 7.776729
v 0.773112 3.478209 7.829538
v 0.736532 3.521236 7.882346
v 0.672054 3.539294 7.921005
v 0.634954 3.420945 8.028032
v 0.568341 3.385397 8.011394
v 0.527040 3.338431 7.965937
v 0.522121 3.292628 7.903840
v 0.554901 3.260267 7.841743
v 0.616598 3.250010 7.796286
v 0.690677 3.264614 7.779647
v 0.757292 3.300159 7.796286
v 0.798592 3.347129 7.841743
v 0.803510 3.392927 7.903840
v 0.770731 3.425292 7.965937
v 0.709035 3.435546 8.011394
v 0.678305 3.299325 8.097047
v 0.610530 3.267035 8.078559
v 0.566055 3.228973 8.028049
v 0.556801 3.195333 7.959051
v 0.585246 3.175132 7.890053
v 0.643770 3.173779 7.839543
v 0.716688 3.191642 7.821055
v 0.784464 3.223928 7.839543
v 0.828938 3.261993 7.890053
v 0.838190 3.295633 7.959051
v 0.809746 3.315835 8.028049
v 0.751224 3.317184 8.078559
v 0.725343 3.167358 8.139545
v 0.656308 3.138604 8.119919
v 0.608390 3.110201 8.066298
v 0.594431 3.089760 7.993050
v 0.618174 3.082752 7.919802
v 0.673254 3.091062 7.866181
v 0.744911 3.112461 7.846554
v 0.813948 3.141211 7.866181
v 0.861865 3.169614 7.919802
v 0.875821 3.190059 7.993050
v 0.852081 3.197063 8.066298
v 0.797002 3.188754 8.119919
v 0.844610 3.055189 7.875175
v 0.774263 3.030114 7.855165
v 0.703916 3.005039 7.875175
v 0.652417 2.986683 7.929847
v 0.633567 2.979964 8.004530
v 0.896109 3.073545 8.079212
v 0.652417 2.986683 8.079212
v 0.844610 3.055189 8.133884
v 0.914957 3.080263 8.004530
v 0.896109 3.073545 7.929847
v 0.703916 3.005039 8.133884
v 0.774263 3.030114 8.153895
v 1.171302 1.916219 0.337907
v 1.094236 1.909994 0.337907
v 1.024382 1.943137 0.337907
v 0.980457 2.006763 0.337907
v 0.974232 2.083831 0.337907
v 1.007375 2.153686 0.337907
v 1.071004 2.197607 0.337907
v 1.148069 2.203835 0.337907
v 1.217923 2.170692 0.337907
v 1.261847 2.107062 0.337907
v 1.268073 2.029999 0.337907
v 1.234930 1.960144 0.337907
v 0.523514 3.733591 7.375197
v 0.459886 3.689666 7.375197
v 0.426744 3.619812 7.375197
v 0.432969 3.542744 7.375197
v 0.476893 3.479118 7.375197
v 0.546748 3.445975 7.375197
v 0.623814 3.452199 7.375197
v 0.687442 3.496125 7.375197
v 0.720584 3.565979 7.375197
v 0.714359 3.643043 7.375197
v 0.670435 3.706673 7.375197
v 0.600580 3.739815 7.375197
v 1.196378 1.845870 0.331977
v 1.080780 1.836534 0.331977
v 0.975997 1.886247 0.331977
v 0.910110 1.981688 0.331977
v 0.900773 2.097290 0.331977
v 0.950487 2.202069 0.331977
v 1.045929 2.267956 0.331977
v 1.161528 2.277292 0.331977
v 1.266309 2.227583 0.331977
v 1.332194 2.132137 0.331977
v 1.341534 2.016540 0.331977
v 1.291821 1.911758 0.331977
v 0.498440 3.803936 7.369267
v 0.402998 3.738053 7.369267
v 0.353284 3.633271 7.369267
v 0.362621 3.517673 7.369267
v 0.428509 3.422228 7.369267
v 0.533291 3.372514 7.369267
v 0.648888 3.381854 7.369267
v 0.744332 3.447738 7.369267
v 0.794045 3.552521 7.369267
v 0.784704 3.668121 7.369267
v 0.718821 3.763564 7.369267
v 0.614039 3.813277 7.369267
v 1.196379 1.845871 0.151966
v 1.080780 1.836534 0.151966
v 0.975997 1.886247 0.151966
v 0.910110 1.981688 0.151966
v 0.900773 2.097290 0.151966
v 0.950487 2.202069 0.151966
v 1.045930 2.267956 0.151966
v 1.161528 2.277292 0.151966
v 1.266309 2.227583 0.151966
v 1.332194 2.132137 0.151966
v 1.341534 2.016540 0.151966
v 1.291821 1.911758 0.151966
v 0.498442 3.803937 7.189256
v 0.402998 3.738053 7.189256
v 0.353284 3.633271 7.189256
v 0.362621 3.517673 7.189256
v 0.428509 3.422228 7.189256
v 0.533291 3.372514 7.189256
v 0.648890 3.381855 7.189256
v 0.744332 3.447738 7.189256
v 0.794045 3.552521 7.189256
v 0.784704 3.668121 7.189256
v 0.718821 3.763564 7.189256
v 0.614039 3.813277 7.189256
v -2.713217 -1.852947 3.643286
v -2.713217 -1.907602 3.402481
v -2.713217 -1.907602 2.834383
v -2.713217 -1.771152 2.432677
v -2.750140 -1.763807 3.804187
v -2.781442 -1.839377 3.643286
v -2.802357 -1.889871 3.402481
v -2.809702 -1.907602 3.118432
v -2.802357 -1.889871 2.834383
v -2.781442 -1.839377 2.593578
v -2.750140 -1.763807 2.432677
v -2.781442 -1.742892 3.804187
v -2.839281 -1.800730 3.643286
v -2.877927 -1.839377 3.402481
v -2.891498 -1.852947 3.118432
v -2.877927 -1.839377 2.834383
v -2.839281 -1.800730 2.593578
v -2.781442 -1.742892 2.432677
v -2.802357 -1.711590 3.804187
v -2.877927 -1.742892 3.643286
v -2.928421 -1.763807 3.402481
v -2.946152 -1.771151 3.118432
v -2.928421 -1.763807 2.834383
v -2.877927 -1.742892 2.593578
v -2.802357 -1.711590 2.432677
v -2.809702 -1.674667 3.804187
v -2.891498 -1.674667 3.643286
v -2.946152 -1.674667 3.402481
v -2.965344 -1.674667 3.118432
v -2.946152 -1.674667 2.834383
v -2.891498 -1.674667 2.593578
v -2.809702 -1.674667 2.432677
v -2.802357 -1.637744 3.804187
v -2.877927 -1.606442 3.643286
v -2.928421 -1.585526 3.402481
v -2.946152 -1.578182 3.118432
v -2.928421 -1.585526 2.834383
v -2.877927 -1.606442 2.593578
v -2.802357 -1.637744 2.432677
v -2.781442 -1.606442 3.804187
v -2.839281 -1.548603 3.643286
v -2.877927 -1.509957 3.402481
v -2.891498 -1.496386 3.118432
v -2.877927 -1.509957 2.834383
v -2.839281 -1.548603 2.593578
v -2.781442 -1.606442 2.432677
v -2.750140 -1.585526 3.804187
v -2.781442 -1.509957 3.643286
v -2.802357 -1.459463 3.402481
v -2.809702 -1.441732 3.118432
v -2.802357 -1.459463 2.834383
v -2.781442 -1.509957 2.593578
v -2.750140 -1.585526 2.432677
v -2.713217 -1.674667 3.860687
v -2.713217 -1.578182 3.804187
v -2.713217 -1.496386 3.643286
v -2.713217 -1.441732 3.402481
v -2.713217 -1.422540 3.118432
v -2.713217 -1.441732 2.834383
v -2.713217 -1.496386 2.593578
v -2.713217 -1.578182 2.432677
v -2.676294 -1.585526 3.804187
v -2.644992 -1.509957 3.643286
v -2.624077 -1.459463 3.402481
v -2.616732 -1.441732 3.118432
v -2.624077 -1.459463 2.834383
v -2.644992 -1.509957 2.593578
v -2.676294 -1.585526 2.432677
v -2.644992 -1.606442 3.804187
v -2.587153 -1.548603 3.643286
v -2.548507 -1.509957 3.402481
v -2.534936 -1.496386 3.118432
v -2.548507 -1.509957 2.834383
v -2.587153 -1.548603 2.593578
v -2.644992 -1.606442 2.432677
v -2.713217 -1.674667 2.376176
v -2.624077 -1.637744 3.804187
v -2.548507 -1.606442 3.643286
v -2.498013 -1.585526 3.402481
v -2.480282 -1.578182 3.118432
v -2.498013 -1.585526 2.834383
v -2.548507 -1.606442 2.593578
v -2.624077 -1.637744 2.432677
v -2.616732 -1.674667 3.804187
v -2.534936 -1.674667 3.643286
v -2.480282 -1.674667 3.402481
v -2.461090 -1.674667 3.118432
v -2.480282 -1.674667 2.834383
v -2.534936 -1.674667 2.593578
v -2.616732 -1.674667 2.432677
v -2.624077 -1.711590 3.804187
v -2.548507 -1.742892 3.643286
v -2.498013 -1.763807 3.402481
v -2.480282 -1.771152 3.118432
v -2.498013 -1.763807 2.834383
v -2.548507 -1.742892 2.593578
v -2.624077 -1.711590 2.432677
v -2.644992 -1.742892 3.804187
v -2.587154 -1.800730 3.643286
v -2.548507 -1.839377 3.402481
v -2.534937 -1.852947 3.118432
v -2.548507 -1.839377 2.834383
v -2.587154 -1.800730 2.593578
v -2.644992 -1.742892 2.432677
v -2.676294 -1.763807 3.804187
v -2.644992 -1.839377 3.643286
v -2.624077 -1.889870 3.402481
v -2.616732 -1.907602 3.118432
v -2.624077 -1.889870 2.834383
v -2.644992 -1.839377 2.593578
v -2.676294 -1.763807 2.432677
v -2.713217 -1.771151 3.804187
v -2.713217 -1.926794 3.118432
v -2.713217 -1.852947 2.593578
v -2.713217 -1.880274 3.522883
v -2.791900 -1.864624 3.522883
v -2.858603 -1.820053 3.522883
v -2.903174 -1.753349 3.522883
v -2.918825 -1.674667 3.522883
v -2.903174 -1.595984 3.522883
v -2.858603 -1.529280 3.522883
v -2.791900 -1.484710 3.522883
v -2.713217 -1.469059 3.522883
v -2.634534 -1.484710 3.522883
v -2.567830 -1.529280 3.522883
v -2.523260 -1.595984 3.522883
v -2.507609 -1.674667 3.522883
v -2.523260 -1.753350 3.522883
v -2.567830 -1.820053 3.522883
v -2.634534 -1.864624 3.522883
v -2.765791 -1.801592 3.723736
v -2.810361 -1.771811 3.723736
v -2.840142 -1.727241 3.723736
v -2.850600 -1.674667 3.723736
v -2.840142 -1.622093 3.723736
v -2.810361 -1.577523 3.723736
v -2.765791 -1.547742 3.723736
v -2.713217 -1.537284 3.723736
v -2.660643 -1.547742 3.723736
v -2.616073 -1.577523 3.723736
v -2.586292 -1.622093 3.723736
v -2.575835 -1.674667 3.723736
v -2.586292 -1.727241 3.723736
v -2.616073 -1.771811 3.723736
v -2.660643 -1.801592 3.723736
v -2.713217 -1.812049 3.723736
v -2.806030 -1.898736 3.260457
v -2.884712 -1.846162 3.260457
v -2.937286 -1.767479 3.260457
v -2.955748 -1.674667 3.260457
v -2.937286 -1.581854 3.260457
v -2.884712 -1.503171 3.260457
v -2.806030 -1.450597 3.260457
v -2.713217 -1.432136 3.260457
v -2.620404 -1.450597 3.260457
v -2.541722 -1.503172 3.260457
v -2.489148 -1.581854 3.260457
v -2.470686 -1.674667 3.260457
v -2.489148 -1.767479 3.260457
v -2.541722 -1.846162 3.260457
v -2.620405 -1.898736 3.260457
v -2.713217 -1.917198 3.260457
v -2.806030 -1.898736 2.976407
v -2.884712 -1.846162 2.976407
v -2.937286 -1.767479 2.976407
v -2.955748 -1.674667 2.976407
v -2.937286 -1.581854 2.976407
v -2.884712 -1.503171 2.976407
v -2.806030 -1.450597 2.976407
v -2.713217 -1.432136 2.976407
v -2.620404 -1.450597 2.976407
v -2.541722 -1.503172 2.976407
v -2.489148 -1.581854 2.976407
v -2.470686 -1.674667 2.976407
v -2.489148 -1.767479 2.976407
v -2.541722 -1.846162 2.976407
v -2.620405 -1.898736 2.976407
v -2.713217 -1.917198 2.976407
v -2.813817 -1.917536 2.834383
v -2.790213 -1.860551 2.593578
v -2.713217 -1.937546 2.834383
v -2.813817 -1.917536 3.402481
v -2.713217 -1.937546 3.402481
v -2.713217 -1.875866 3.643286
v -2.790213 -1.860551 3.643286
v -2.899101 -1.860551 2.834383
v -2.855486 -1.816936 2.593578
v -2.956086 -1.775266 2.834383
v -2.899101 -1.751662 2.593578
v -2.976096 -1.783555 3.118432
v -2.914416 -1.875866 3.118432
v -2.899101 -1.860551 3.402481
v -2.956086 -1.775266 3.402481
v -2.899101 -1.751662 3.643286
v -2.855486 -1.816936 3.643286
v -2.790213 -1.751662 3.804187
v -2.813817 -1.716336 3.804187
v -2.976096 -1.674667 2.834383
v -2.914416 -1.674667 2.593578
v -2.956086 -1.574067 2.834383
v -2.899101 -1.597671 2.593578
v -2.956086 -1.574067 3.402481
v -2.976096 -1.674667 3.402481
v -2.914416 -1.674667 3.643286
v -2.899101 -1.597671 3.643286
v -2.813817 -1.632997 3.804187
v -2.822105 -1.674667 3.804187
v -2.976096 -1.565778 3.118432
v -2.997756 -1.674667 3.118432
v -2.899101 -1.488783 2.834383
v -2.855486 -1.532397 2.593578
v -2.813817 -1.431798 2.834383
v -2.790213 -1.488783 2.593578
v -2.790213 -1.488783 3.643286
v -2.855486 -1.532397 3.643286
v -2.790213 -1.597671 3.804187
v -2.754887 -1.574067 3.804187
v -2.914416 -1.473467 3.118432
v -2.822105 -1.411787 3.118432
v -2.813817 -1.431798 3.402481
v -2.899101 -1.488783 3.402481
v -2.713217 -1.411787 2.834383
v -2.713217 -1.473467 2.593578
v -2.612617 -1.431798 2.834383
v -2.636221 -1.488783 2.593578
v -2.671547 -1.574067 3.804187
v -2.713217 -1.565778 3.804187
v -2.604329 -1.411787 3.118432
v -2.713217 -1.390128 3.118432
v -2.713217 -1.411787 3.402481
v -2.612617 -1.431798 3.402481
v -2.636221 -1.488783 3.643286
v -2.713217 -1.473467 3.643286
v -2.527333 -1.488783 2.834383
v -2.570948 -1.532397 2.593578
v -2.470348 -1.574067 2.834383
v -2.527333 -1.597671 2.593578
v -2.512018 -1.473468 3.118432
v -2.450337 -1.565779 3.118432
v -2.470348 -1.574067 3.402481
v -2.527333 -1.488783 3.402481
v -2.570948 -1.532397 3.643286
v -2.527333 -1.597671 3.643286
v -2.612617 -1.632997 3.804187
v -2.636221 -1.597671 3.804187
v -2.450337 -1.674667 2.834383
v -2.512018 -1.674667 2.593578
v -2.470348 -1.775266 2.834383
v -2.527333 -1.751662 2.593578
v -2.450337 -1.783555 3.118432
v -2.428678 -1.674667 3.118432
v -2.450337 -1.674667 3.402481
v -2.470348 -1.775266 3.402481
v -2.527333 -1.751662 3.643286
v -2.512018 -1.674667 3.643286
v -2.604329 -1.674667 3.804187
v -2.612617 -1.716336 3.804187
v -2.527333 -1.860551 2.834383
v -2.570948 -1.816936 2.593578
v -2.612617 -1.917536 2.834383
v -2.636221 -1.860551 2.593578
v -2.512018 -1.875866 3.118432
v -2.604329 -1.937546 3.118432
v -2.612617 -1.917536 3.402481
v -2.527333 -1.860551 3.402481
v -2.570948 -1.816936 3.643286
v -2.636221 -1.860551 3.643286
v -2.671547 -1.775266 3.804187
v -2.636221 -1.751662 3.804187
v -2.713217 -1.875866 2.593578
v -2.713217 -1.959205 3.118432
v -2.822105 -1.937546 3.118432
v -2.754887 -1.775266 3.804187
v -2.713217 -1.783555 3.804187
v -2.713217 -1.906706 3.522883
v -2.802015 -1.889043 3.522883
v -2.877294 -1.838743 3.522883
v -2.927593 -1.763464 3.522883
v -2.945256 -1.674667 3.522883
v -2.927593 -1.585869 3.522883
v -2.877294 -1.510590 3.522883
v -2.802015 -1.460290 3.522883
v -2.713217 -1.442627 3.522883
v -2.624419 -1.460290 3.522883
v -2.549140 -1.510590 3.522883
v -2.498840 -1.585869 3.522883
v -2.481178 -1.674667 3.522883
v -2.498841 -1.763464 3.522883
v -2.549140 -1.838743 3.522883
v -2.624420 -1.889043 3.522883
v -2.772550 -1.817909 3.723736
v -2.822850 -1.784299 3.723736
v -2.856459 -1.733999 3.723736
v -2.868261 -1.674667 3.723736
v -2.856459 -1.615334 3.723736
v -2.822850 -1.565034 3.723736
v -2.772550 -1.531425 3.723736
v -2.713217 -1.519623 3.723736
v -2.653884 -1.531425 3.723736
v -2.603584 -1.565034 3.723736
v -2.569975 -1.615334 3.723736
v -2.558173 -1.674667 3.723736
v -2.569975 -1.733999 3.723736
v -2.603585 -1.784299 3.723736
v -2.653884 -1.817909 3.723736
v -2.713217 -1.829710 3.723736
v -2.817961 -1.927541 3.260457
v -2.906759 -1.868208 3.260457
v -2.966091 -1.779411 3.260457
v -2.986926 -1.674667 3.260457
v -2.966091 -1.569923 3.260457
v -2.906759 -1.481125 3.260457
v -2.817961 -1.421792 3.260457
v -2.713217 -1.400958 3.260457
v -2.608473 -1.421793 3.260457
v -2.519675 -1.481125 3.260457
v -2.460343 -1.569923 3.260457
v -2.439508 -1.674667 3.260457
v -2.460343 -1.779411 3.260457
v -2.519676 -1.868208 3.260457
v -2.608473 -1.927541 3.260457
v -2.713217 -1.948376 3.260457
v -2.817961 -1.927541 2.976407
v -2.906759 -1.868208 2.976407
v -2.966091 -1.779411 2.976407
v -2.986926 -1.674667 2.976407
v -2.966091 -1.569923 2.976407
v -2.906759 -1.481125 2.976407
v -2.817961 -1.421792 2.976407
v -2.713217 -1.400958 2.976407
v -2.608473 -1.421793 2.976407
v -2.519675 -1.481125 2.976407
v -2.460343 -1.569923 2.976407
v -2.439508 -1.674667 2.976407
v -2.460343 -1.779411 2.976407
v -2.519676 -1.868208 2.976407
v -2.608473 -1.927541 2.976407
v -2.713217 -1.948376 2.976407
v -2.621044 -1.606154 -0.000000
v -2.621044 -1.606154 2.373015
v -2.621044 -1.743179 -0.000000
v -2.621044 -1.743179 2.373015
v -2.758069 -1.606154 -0.000000
v -2.758069 -1.606154 2.373015
v -2.758069 -1.743179 -0.000000
v -2.758069 -1.743179 2.373015
v -2.826735 -1.625737 1.893344
v -2.741212 -1.584177 2.019906
v -2.738118 -1.808095 1.893344
v -2.652595 -1.766536 2.019906
v -3.028039 -1.592978 2.696405
v -2.942516 -1.551418 2.822967
v -2.836754 -1.986610 2.696405
v -2.751231 -1.945050 2.822967
v -2.782221 -1.717339 1.893344
v -2.696698 -1.675779 2.019906
v -3.117632 -1.880332 3.189183
v -3.032109 -1.838772 3.315745
v -2.643707 -1.926121 2.237652
v -2.558184 -1.884561 2.364214
v -2.854414 -1.492522 2.237652
v -2.768892 -1.450962 2.364214
v -2.788791 -1.720531 2.375700
v -2.874314 -1.762091 2.249138
v -2.561437 -1.726416 2.128730
v -2.646960 -1.767976 2.255292
v -2.650054 -1.544058 2.128730
v -2.735577 -1.585618 2.255292
v -2.360133 -1.759175 2.931792
v -2.445657 -1.800735 3.058353
v -2.551419 -1.365544 2.931792
v -2.636942 -1.407104 3.058353
v -2.605951 -1.634815 2.128730
v -2.691474 -1.676374 2.255292
v -2.270540 -1.471822 3.424569
v -2.356063 -1.513382 3.551131
v -2.744465 -1.426033 2.473039
v -2.829988 -1.467592 2.599600
v -2.533758 -1.859632 2.473039
v -2.619281 -1.901192 2.599600
v -2.599381 -1.631622 2.611086
v -2.513859 -1.590062 2.484524
v -2.746756 -1.741393 1.185705
v -2.746756 -1.721317 1.263918
v -2.643334 -1.741393 1.185704
v -2.643334 -1.721317 1.263918
v -2.806666 -1.976863 1.531526
v -2.806666 -1.956787 1.609739
v -2.583423 -1.976863 1.531526
v -2.583423 -1.956787 1.609739
v -2.694805 -1.741393 1.185705
v -2.694805 -1.721317 1.263918
v -2.694805 -2.170293 1.723437
v -2.694805 -2.150217 1.801651
v -2.568135 -1.792960 1.354453
v -2.568135 -1.772884 1.432666
v -2.814046 -1.792960 1.354453
v -2.814046 -1.772883 1.432666
v -2.694805 -1.839078 1.411561
v -2.694805 -1.859155 1.333348
v -2.641417 -1.618011 1.159618
v -2.641417 -1.652284 1.232733
v -2.744838 -1.618011 1.159618
v -2.744838 -1.652284 1.232733
v -2.581506 -1.450965 1.543198
v -2.581506 -1.485237 1.616313
v -2.804749 -1.450965 1.543198
v -2.804749 -1.485237 1.616313
v -2.693367 -1.618011 1.159618
v -2.693367 -1.652284 1.232733
v -2.693367 -1.296601 1.767735
v -2.693367 -1.330874 1.840850
v -2.820037 -1.598728 1.335012
v -2.820037 -1.633000 1.408127
v -2.574127 -1.598728 1.335012
v -2.574127 -1.633000 1.408127
v -2.693367 -1.564035 1.399701
v -2.693367 -1.529763 1.326586
v -2.758754 -1.713880 0.553979
v -2.749830 -1.695896 0.632192
v -2.666112 -1.759853 0.553979
v -2.657187 -1.741869 0.632192
v -2.917092 -1.898175 0.899800
v -2.908167 -1.880191 0.978013
v -2.717118 -1.997411 0.899800
v -2.708193 -1.979427 0.978013
v -2.712218 -1.736973 0.553979
v -2.703294 -1.718989 0.632192
v -2.902874 -2.121168 1.091712
v -2.893949 -2.103184 1.169925
v -2.621674 -1.839473 0.722727
v -2.612750 -1.821489 0.800941
v -2.841953 -1.730160 0.722727
v -2.833028 -1.712176 0.800940
v -2.755641 -1.824476 0.779835
v -2.764566 -1.842460 0.701622
v -2.609548 -1.650184 0.527892
v -2.624783 -1.680884 0.601007
v -2.702190 -1.604210 0.527892
v -2.717425 -1.634910 0.601007
v -2.481626 -1.527181 0.911472
v -2.496861 -1.557881 0.984587
v -2.681600 -1.427944 0.911472
v -2.696835 -1.458644 0.984587
v -2.656084 -1.627091 0.527892
v -2.671319 -1.657791 0.601007
v -2.513210 -1.339182 1.136009
v -2.528445 -1.369882 1.209124
v -2.760979 -1.553510 0.703287
v -2.776214 -1.584210 0.776402
v -2.540700 -1.662822 0.703287
v -2.555935 -1.693522 0.776401
v -2.632090 -1.578741 0.767975
v -2.616856 -1.548041 0.694860
v -2.727109 -1.758897 1.721627
v -2.734982 -1.740428 1.799840
v -2.631971 -1.718339 1.721627
v -2.639844 -1.699871 1.799840
v -2.689881 -1.999000 2.067448
v -2.697753 -1.980531 2.145661
v -2.484519 -1.911454 2.067448
v -2.492392 -1.892986 2.145661
v -2.679320 -1.738524 1.721627
v -2.687193 -1.720056 1.799840
v -2.511125 -2.133069 2.259359
v -2.518998 -2.114600 2.337573
v -2.542574 -1.736286 1.890375
v -2.550447 -1.717818 1.968588
v -2.768787 -1.832721 1.890375
v -2.776660 -1.814252 1.968588
v -2.641012 -1.828384 1.947483
v -2.633139 -1.846853 1.869270
v -2.678592 -1.604089 1.695539
v -2.665152 -1.635615 1.768654
v -2.773730 -1.644646 1.695539
v -2.760290 -1.676173 1.768654
v -2.688988 -1.426928 2.079120
v -2.675549 -1.458455 2.152235
v -2.894350 -1.514474 2.079120
v -2.880909 -1.546001 2.152235
v -2.726382 -1.624461 1.695539
v -2.712942 -1.655988 1.768654
v -2.852424 -1.328796 2.303657
v -2.838984 -1.360323 2.376772
v -2.850467 -1.656396 1.870934
v -2.837027 -1.687923 1.944049
v -2.624254 -1.559962 1.870934
v -2.610814 -1.591489 1.944049
v -2.747549 -1.574808 1.935623
v -2.760989 -1.543281 1.862508
v -0.006008 -1.852947 3.643286
v -0.006008 -1.907602 3.402481
v -0.006008 -1.907602 2.834383
v -0.006008 -1.771152 2.432677
v -0.042932 -1.763807 3.804187
v -0.074233 -1.839377 3.643286
v -0.095149 -1.889871 3.402481
v -0.102493 -1.907602 3.118432
v -0.095149 -1.889871 2.834383
v -0.074233 -1.839377 2.593578
v -0.042932 -1.763807 2.432677
v -0.074233 -1.742892 3.804187
v -0.132072 -1.800730 3.643286
v -0.170718 -1.839377 3.402481
v -0.184289 -1.852947 3.118432
v -0.170718 -1.839377 2.834383
v -0.132072 -1.800730 2.593578
v -0.074233 -1.742892 2.432677
v -0.095149 -1.711590 3.804187
v -0.170718 -1.742892 3.643286
v -0.221212 -1.763807 3.402481
v -0.238943 -1.771151 3.118432
v -0.221212 -1.763807 2.834383
v -0.170718 -1.742892 2.593578
v -0.095149 -1.711590 2.432677
v -0.102493 -1.674667 3.804187
v -0.184289 -1.674667 3.643286
v -0.238943 -1.674667 3.402481
v -0.258135 -1.674667 3.118432
v -0.238943 -1.674667 2.834383
v -0.184289 -1.674667 2.593578
v -0.102493 -1.674667 2.432677
v -0.095149 -1.637744 3.804187
v -0.170718 -1.606442 3.643286
v -0.221212 -1.585526 3.402481
v -0.238943 -1.578182 3.118432
v -0.221212 -1.585526 2.834383
v -0.170718 -1.606442 2.593578
v -0.095149 -1.637744 2.432677
v -0.074233 -1.606442 3.804187
v -0.132072 -1.548603 3.643286
v -0.170718 -1.509957 3.402481
v -0.184289 -1.496386 3.118432
v -0.170718 -1.509957 2.834383
v -0.132072 -1.548603 2.593578
v -0.074233 -1.606442 2.432677
v -0.042932 -1.585526 3.804187
v -0.074233 -1.509957 3.643286
v -0.095149 -1.459463 3.402481
v -0.102493 -1.441732 3.118432
v -0.095149 -1.459463 2.834383
v -0.074233 -1.509957 2.593578
v -0.042932 -1.585526 2.432677
v -0.006008 -1.674667 3.860687
v -0.006008 -1.578182 3.804187
v -0.006008 -1.496386 3.643286
v -0.006008 -1.441732 3.402481
v -0.006008 -1.422540 3.118432
v -0.006008 -1.441732 2.834383
v -0.006008 -1.496386 2.593578
v -0.006008 -1.578182 2.432677
v 0.030915 -1.585526 3.804187
v 0.062217 -1.509957 3.643286
v 0.083132 -1.459463 3.402481
v 0.090476 -1.441732 3.118432
v 0.083132 -1.459463 2.834383
v 0.062217 -1.509957 2.593578
v 0.030915 -1.585526 2.432677
v 0.062217 -1.606442 3.804187
v 0.120055 -1.548603 3.643286
v 0.158701 -1.509957 3.402481
v 0.172272 -1.496386 3.118432
v 0.158701 -1.509957 2.834383
v 0.120055 -1.548603 2.593578
v 0.062217 -1.606442 2.432677
v -0.006008 -1.674667 2.376176
v 0.083132 -1.637744 3.804187
v 0.158701 -1.606442 3.643286
v 0.209195 -1.585526 3.402481
v 0.226926 -1.578182 3.118432
v 0.209195 -1.585526 2.834383
v 0.158701 -1.606442 2.593578
v 0.083132 -1.637744 2.432677
v 0.090476 -1.674667 3.804187
v 0.172272 -1.674667 3.643286
v 0.226926 -1.674667 3.402481
v 0.246118 -1.674667 3.118432
v 0.226926 -1.674667 2.834383
v 0.172272 -1.674667 2.593578
v 0.090476 -1.674667 2.432677
v 0.083132 -1.711590 3.804187
v 0.158701 -1.742892 3.643286
v 0.209195 -1.763807 3.402481
v 0.226926 -1.771152 3.118432
v 0.209195 -1.763807 2.834383
v 0.158701 -1.742892 2.593578
v 0.083132 -1.711590 2.432677
v 0.062217 -1.742892 3.804187
v 0.120055 -1.800730 3.643286
v 0.158701 -1.839377 3.402481
v 0.172272 -1.852947 3.118432
v 0.158701 -1.839377 2.834383
v 0.120055 -1.800730 2.593578
v 0.062217 -1.742892 2.432677
v 0.030915 -1.763807 3.804187
v 0.062217 -1.839377 3.643286
v 0.083132 -1.889870 3.402481
v 0.090476 -1.907602 3.118432
v 0.083132 -1.889870 2.834383
v 0.062217 -1.839377 2.593578
v 0.030915 -1.763807 2.432677
v -0.006008 -1.771151 3.804187
v -0.006009 -1.926794 3.118432
v -0.006008 -1.852947 2.593578
v -0.006008 -1.880274 3.522883
v -0.084691 -1.864624 3.522883
v -0.151395 -1.820053 3.522883
v -0.195965 -1.753349 3.522883
v -0.211616 -1.674667 3.522883
v -0.195965 -1.595984 3.522883
v -0.151395 -1.529280 3.522883
v -0.084691 -1.484710 3.522883
v -0.006008 -1.469059 3.522883
v 0.072674 -1.484710 3.522883
v 0.139378 -1.529280 3.522883
v 0.183948 -1.595984 3.522883
v 0.199599 -1.674667 3.522883
v 0.183948 -1.753350 3.522883
v 0.139378 -1.820053 3.522883
v 0.072674 -1.864624 3.522883
v -0.058583 -1.801592 3.723736
v -0.103153 -1.771811 3.723736
v -0.132933 -1.727241 3.723736
v -0.143391 -1.674667 3.723736
v -0.132933 -1.622093 3.723736
v -0.103153 -1.577523 3.723736
v -0.058582 -1.547742 3.723736
v -0.006008 -1.537284 3.723736
v 0.046566 -1.547742 3.723736
v 0.091136 -1.577523 3.723736
v 0.120917 -1.622093 3.723736
v 0.131374 -1.674667 3.723736
v 0.120917 -1.727241 3.723736
v 0.091136 -1.771811 3.723736
v 0.046566 -1.801592 3.723736
v -0.006008 -1.812049 3.723736
v -0.098821 -1.898736 3.260457
v -0.177504 -1.846162 3.260457
v -0.230078 -1.767479 3.260457
v -0.248539 -1.674667 3.260457
v -0.230078 -1.581854 3.260457
v -0.177504 -1.503171 3.260457
v -0.098821 -1.450597 3.260457
v -0.006008 -1.432136 3.260457
v 0.086804 -1.450597 3.260457
v 0.165487 -1.503172 3.260457
v 0.218061 -1.581854 3.260457
v 0.236522 -1.674667 3.260457
v 0.218061 -1.767479 3.260457
v 0.165487 -1.846162 3.260457
v 0.086804 -1.898736 3.260457
v -0.006008 -1.917198 3.260457
v -0.098821 -1.898736 2.976407
v -0.177504 -1.846162 2.976407
v -0.230078 -1.767479 2.976407
v -0.248539 -1.674667 2.976407
v -0.230078 -1.581854 2.976407
v -0.177504 -1.503171 2.976407
v -0.098821 -1.450597 2.976407
v -0.006008 -1.432136 2.976407
v 0.086804 -1.450597 2.976407
v 0.165487 -1.503172 2.976407
v 0.218061 -1.581854 2.976407
v 0.236522 -1.674667 2.976407
v 0.218061 -1.767479 2.976407
v 0.165487 -1.846162 2.976407
v 0.086804 -1.898736 2.976407
v -0.006008 -1.917198 2.976407
v -0.106608 -1.917536 2.834383
v -0.083004 -1.860551 2.593578
v -0.006008 -1.937546 2.834383
v -0.106608 -1.917536 3.402481
v -0.006008 -1.937546 3.402481
v -0.006008 -1.875866 3.643286
v -0.083004 -1.860551 3.643286
v -0.191892 -1.860551 2.834383
v -0.148278 -1.816936 2.593578
v -0.248877 -1.775266 2.834383
v -0.191892 -1.751662 2.593578
v -0.268888 -1.783555 3.118432
v -0.207208 -1.875866 3.118432
v -0.191892 -1.860551 3.402481
v -0.248877 -1.775266 3.402481
v -0.191892 -1.751662 3.643286
v -0.148278 -1.816936 3.643286
v -0.083004 -1.751662 3.804187
v -0.106608 -1.716336 3.804187
v -0.268888 -1.674667 2.834383
v -0.207208 -1.674667 2.593578
v -0.248877 -1.574067 2.834383
v -0.191892 -1.597671 2.593578
v -0.248877 -1.574067 3.402481
v -0.268888 -1.674667 3.402481
v -0.207208 -1.674667 3.643286
v -0.191892 -1.597671 3.643286
v -0.106608 -1.632997 3.804187
v -0.114897 -1.674667 3.804187
v -0.268888 -1.565778 3.118432
v -0.290547 -1.674667 3.118432
v -0.191892 -1.488783 2.834383
v -0.148278 -1.532397 2.593578
v -0.106608 -1.431798 2.834383
v -0.083004 -1.488783 2.593578
v -0.083004 -1.488783 3.643286
v -0.148278 -1.532397 3.643286
v -0.083004 -1.597671 3.804187
v -0.047678 -1.574067 3.804187
v -0.207208 -1.473467 3.118432
v -0.114897 -1.411787 3.118432
v -0.106608 -1.431798 3.402481
v -0.191892 -1.488783 3.402481
v -0.006008 -1.411787 2.834383
v -0.006008 -1.473467 2.593578
v 0.094591 -1.431798 2.834383
v 0.070987 -1.488783 2.593578
v 0.035661 -1.574067 3.804187
v -0.006008 -1.565778 3.804187
v 0.102880 -1.411787 3.118432
v -0.006008 -1.390128 3.118432
v -0.006008 -1.411787 3.402481
v 0.094591 -1.431798 3.402481
v 0.070987 -1.488783 3.643286
v -0.006008 -1.473467 3.643286
v 0.179876 -1.488783 2.834383
v 0.136261 -1.532397 2.593578
v 0.236861 -1.574067 2.834383
v 0.179875 -1.597671 2.593578
v 0.195191 -1.473468 3.118432
v 0.256871 -1.565779 3.118432
v 0.236861 -1.574067 3.402481
v 0.179876 -1.488783 3.402481
v 0.136261 -1.532397 3.643286
v 0.179875 -1.597671 3.643286
v 0.094591 -1.632997 3.804187
v 0.070987 -1.597671 3.804187
v 0.256871 -1.674667 2.834383
v 0.195191 -1.674667 2.593578
v 0.236860 -1.775266 2.834383
v 0.179875 -1.751662 2.593578
v 0.256871 -1.783555 3.118432
v 0.278530 -1.674667 3.118432
v 0.256871 -1.674667 3.402481
v 0.236860 -1.775266 3.402481
v 0.179875 -1.751662 3.643286
v 0.195191 -1.674667 3.643286
v 0.102880 -1.674667 3.804187
v 0.094591 -1.716336 3.804187
v 0.179875 -1.860551 2.834383
v 0.136261 -1.816936 2.593578
v 0.094591 -1.917536 2.834383
v 0.070987 -1.860551 2.593578
v 0.195191 -1.875866 3.118432
v 0.102880 -1.937546 3.118432
v 0.094591 -1.917536 3.402481
v 0.179875 -1.860551 3.402481
v 0.136261 -1.816936 3.643286
v 0.070987 -1.860551 3.643286
v 0.035661 -1.775266 3.804187
v 0.070987 -1.751662 3.804187
v -0.006009 -1.875866 2.593578
v -0.006009 -1.959205 3.118432
v -0.114897 -1.937546 3.118432
v -0.047678 -1.775266 3.804187
v -0.006008 -1.783555 3.804187
v -0.006008 -1.906706 3.522883
v -0.094806 -1.889043 3.522883
v -0.170085 -1.838743 3.522883
v -0.220385 -1.763464 3.522883
v -0.238048 -1.674667 3.522883
v -0.220385 -1.585869 3.522883
v -0.170085 -1.510590 3.522883
v -0.094806 -1.460290 3.522883
v -0.006008 -1.442627 3.522883
v 0.082789 -1.460290 3.522883
v 0.158068 -1.510590 3.522883
v 0.208368 -1.585869 3.522883
v 0.226031 -1.674667 3.522883
v 0.208368 -1.763464 3.522883
v 0.158068 -1.838743 3.522883
v 0.082789 -1.889043 3.522883
v -0.065341 -1.817909 3.723736
v -0.115641 -1.784299 3.723736
v -0.149250 -1.733999 3.723736
v -0.161052 -1.674667 3.723736
v -0.149250 -1.615334 3.723736
v -0.115641 -1.565034 3.723736
v -0.065341 -1.531425 3.723736
v -0.006008 -1.519623 3.723736
v 0.053324 -1.531425 3.723736
v 0.103624 -1.565034 3.723736
v 0.137233 -1.615334 3.723736
v 0.149035 -1.674667 3.723736
v 0.137233 -1.733999 3.723736
v 0.103624 -1.784299 3.723736
v 0.053324 -1.817909 3.723736
v -0.006008 -1.829710 3.723736
v -0.110752 -1.927541 3.260457
v -0.199550 -1.868208 3.260457
v -0.258883 -1.779411 3.260457
v -0.279718 -1.674667 3.260457
v -0.258883 -1.569923 3.260457
v -0.199550 -1.481125 3.260457
v -0.110752 -1.421792 3.260457
v -0.006008 -1.400958 3.260457
v 0.098736 -1.421793 3.260457
v 0.187533 -1.481125 3.260457
v 0.246866 -1.569923 3.260457
v 0.267701 -1.674667 3.260457
v 0.246866 -1.779411 3.260457
v 0.187533 -1.868208 3.260457
v 0.098735 -1.927541 3.260457
v -0.006009 -1.948376 3.260457
v -0.110752 -1.927541 2.976407
v -0.199550 -1.868208 2.976407
v -0.258883 -1.779411 2.976407
v -0.279718 -1.674667 2.976407
v -0.258883 -1.569923 2.976407
v -0.199550 -1.481125 2.976407
v -0.110752 -1.421792 2.976407
v -0.006008 -1.400958 2.976407
v 0.098736 -1.421793 2.976407
v 0.187533 -1.481125 2.976407
v 0.246866 -1.569923 2.976407
v 0.267701 -1.674667 2.976407
v 0.246866 -1.779411 2.976407
v 0.187533 -1.868208 2.976407
v 0.098735 -1.927541 2.976407
v -0.006009 -1.948376 2.976407
v 0.086165 -1.606154 -0.000000
v 0.086165 -1.606154 2.373015
v 0.086165 -1.743179 -0.000000
v 0.086165 -1.743179 2.373015
v -0.050861 -1.606154 -0.000000
v -0.050861 -1.606154 2.373015
v -0.050861 -1.743179 -0.000000
v -0.050861 -1.743179 2.373015
v -0.119526 -1.625737 1.893344
v -0.034003 -1.584177 2.019906
v -0.030910 -1.808095 1.893344
v 0.054613 -1.766536 2.019906
v -0.320830 -1.592978 2.696405
v -0.235307 -1.551418 2.822967
v -0.129545 -1.986610 2.696405
v -0.044022 -1.945050 2.822967
v -0.075012 -1.717339 1.893344
v 0.010510 -1.675779 2.019906
v -0.410424 -1.880332 3.189183
v -0.324901 -1.838772 3.315745
v 0.063501 -1.926121 2.237652
v 0.149024 -1.884561 2.364214
v -0.147206 -1.492522 2.237652
v -0.061683 -1.450962 2.364214
v -0.081582 -1.720531 2.375700
v -0.167105 -1.762091 2.249138
v 0.145771 -1.726416 2.128730
v 0.060248 -1.767976 2.255292
v 0.057154 -1.544058 2.128730
v -0.028369 -1.585618 2.255292
v 0.347075 -1.759175 2.931792
v 0.261552 -1.800735 3.058353
v 0.155790 -1.365544 2.931792
v 0.070267 -1.407104 3.058353
v 0.101257 -1.634815 2.128730
v 0.015734 -1.676374 2.255292
v 0.436669 -1.471822 3.424569
v 0.351146 -1.513382 3.551131
v -0.037256 -1.426033 2.473039
v -0.122779 -1.467592 2.599600
v 0.173451 -1.859632 2.473039
v 0.087928 -1.901192 2.599600
v 0.107827 -1.631622 2.611086
v 0.193350 -1.590062 2.484524
v -0.039547 -1.741393 1.185705
v -0.039547 -1.721317 1.263918
v 0.063875 -1.741393 1.185704
v 0.063875 -1.721317 1.263918
v -0.099458 -1.976863 1.531526
v -0.099458 -1.956787 1.609739
v 0.123785 -1.976863 1.531526
v 0.123785 -1.956787 1.609739
v 0.012404 -1.741393 1.185705
v 0.012404 -1.721317 1.263918
v 0.012403 -2.170293 1.723437
v 0.012403 -2.150217 1.801651
v 0.139073 -1.792960 1.354453
v 0.139073 -1.772884 1.432666
v -0.106837 -1.792960 1.354453
v -0.106837 -1.772883 1.432666
v 0.012404 -1.839078 1.411561
v 0.012404 -1.859155 1.333348
v 0.065792 -1.618011 1.159618
v 0.065792 -1.652284 1.232733
v -0.037630 -1.618011 1.159618
v -0.037630 -1.652284 1.232733
v 0.125703 -1.450965 1.543198
v 0.125703 -1.485237 1.616313
v -0.097540 -1.450965 1.543198
v -0.097540 -1.485237 1.616313
v 0.013841 -1.618011 1.159618
v 0.013841 -1.652284 1.232733
v 0.013841 -1.296601 1.767735
v 0.013841 -1.330874 1.840850
v -0.112828 -1.598728 1.335012
v -0.112828 -1.633000 1.408127
v 0.133082 -1.598728 1.335012
v 0.133082 -1.633000 1.408127
v 0.013841 -1.564035 1.399701
v 0.013841 -1.529763 1.326586
v -0.051545 -1.713880 0.553979
v -0.042621 -1.695896 0.632192
v 0.041097 -1.759853 0.553979
v 0.050021 -1.741869 0.632192
v -0.209883 -1.898175 0.899800
v -0.200958 -1.880191 0.978013
v -0.009909 -1.997411 0.899800
v -0.000985 -1.979427 0.978013
v -0.005010 -1.736973 0.553979
v 0.003915 -1.718989 0.632192
v -0.195665 -2.121168 1.091712
v -0.186741 -2.103184 1.169925
v 0.085535 -1.839473 0.722727
v 0.094459 -1.821489 0.800941
v -0.134744 -1.730160 0.722727
v -0.125819 -1.712176 0.800940
v -0.048433 -1.824476 0.779835
v -0.057357 -1.842460 0.701622
v 0.097660 -1.650184 0.527892
v 0.082425 -1.680884 0.601007
v 0.005018 -1.604210 0.527892
v -0.010217 -1.634910 0.601007
v 0.225582 -1.527181 0.911472
v 0.210347 -1.557881 0.984587
v 0.025608 -1.427944 0.911472
v 0.010373 -1.458644 0.984587
v 0.051124 -1.627091 0.527892
v 0.035890 -1.657791 0.601007
v 0.193999 -1.339182 1.136009
v 0.178764 -1.369882 1.209124
v -0.053770 -1.553510 0.703287
v -0.069005 -1.584210 0.776402
v 0.166508 -1.662822 0.703287
v 0.151273 -1.693522 0.776401
v 0.075118 -1.578741 0.767975
v 0.090353 -1.548041 0.694860
v -0.019901 -1.758897 1.721627
v -0.027774 -1.740428 1.799840
v 0.075237 -1.718339 1.721627
v 0.067364 -1.699871 1.799840
v 0.017328 -1.999000 2.067448
v 0.009455 -1.980531 2.145661
v 0.222689 -1.911454 2.067448
v 0.214816 -1.892986 2.145661
v 0.027889 -1.738524 1.721627
v 0.020016 -1.720056 1.799840
v 0.196083 -2.133069 2.259359
v 0.188210 -2.114600 2.337573
v 0.164634 -1.736286 1.890375
v 0.156761 -1.717818 1.968588
v -0.061578 -1.832721 1.890375
v -0.069452 -1.814252 1.968588
v 0.066196 -1.828384 1.947483
v 0.074069 -1.846853 1.869270
v 0.028616 -1.604089 1.695539
v 0.042056 -1.635615 1.768654
v -0.066522 -1.644646 1.695539
v -0.053082 -1.676173 1.768654
v 0.018220 -1.426928 2.079120
v 0.031660 -1.458455 2.152235
v -0.187141 -1.514474 2.079120
v -0.173701 -1.546001 2.152235
v -0.019173 -1.624461 1.695539
v -0.005733 -1.655988 1.768654
v -0.145215 -1.328796 2.303657
v -0.131775 -1.360323 2.376772
v -0.143259 -1.656396 1.870934
v -0.129819 -1.687923 1.944049
v 0.082954 -1.559962 1.870934
v 0.096394 -1.591489 1.944049
v -0.040340 -1.574808 1.935623
v -0.053780 -1.543281 1.862508
v -1.385816 -1.852947 3.643286
v -1.385816 -1.907602 3.402481
v -1.385816 -1.907602 2.834383
v -1.385816 -1.771152 2.432677
v -1.422739 -1.763807 3.804187
v -1.454041 -1.839377 3.643286
v -1.474956 -1.889871 3.402481
v -1.482301 -1.907602 3.118432
v -1.474956 -1.889871 2.834383
v -1.454041 -1.839377 2.593578
v -1.422739 -1.763807 2.432677
v -1.454041 -1.742892 3.804187
v -1.511879 -1.800730 3.643286
v -1.550525 -1.839377 3.402481
v -1.564096 -1.852947 3.118432
v -1.550525 -1.839377 2.834383
v -1.511879 -1.800730 2.593578
v -1.454041 -1.742892 2.432677
v -1.474956 -1.711590 3.804187
v -1.550525 -1.742892 3.643286
v -1.601019 -1.763807 3.402481
v -1.618751 -1.771151 3.118432
v -1.601019 -1.763807 2.834383
v -1.550525 -1.742892 2.593578
v -1.474956 -1.711590 2.432677
v -1.482301 -1.674667 3.804187
v -1.564096 -1.674667 3.643286
v -1.618751 -1.674667 3.402481
v -1.637942 -1.674667 3.118432
v -1.618751 -1.674667 2.834383
v -1.564096 -1.674667 2.593578
v -1.482301 -1.674667 2.432677
v -1.474956 -1.637744 3.804187
v -1.550525 -1.606442 3.643286
v -1.601019 -1.585526 3.402481
v -1.618750 -1.578182 3.118432
v -1.601019 -1.585526 2.834383
v -1.550525 -1.606442 2.593578
v -1.474956 -1.637744 2.432677
v -1.454041 -1.606442 3.804187
v -1.511879 -1.548603 3.643286
v -1.550525 -1.509957 3.402481
v -1.564096 -1.496386 3.118432
v -1.550525 -1.509957 2.834383
v -1.511879 -1.548603 2.593578
v -1.454041 -1.606442 2.432677
v -1.422739 -1.585526 3.804187
v -1.454041 -1.509957 3.643286
v -1.474956 -1.459463 3.402481
v -1.482300 -1.441732 3.118432
v -1.474956 -1.459463 2.834383
v -1.454041 -1.509957 2.593578
v -1.422739 -1.585526 2.432677
v -1.385816 -1.674667 3.860687
v -1.385816 -1.578182 3.804187
v -1.385816 -1.496386 3.643286
v -1.385816 -1.441732 3.402481
v -1.385816 -1.422540 3.118432
v -1.385816 -1.441732 2.834383
v -1.385816 -1.496386 2.593578
v -1.385816 -1.578182 2.432677
v -1.348892 -1.585526 3.804187
v -1.317591 -1.509957 3.643286
v -1.296675 -1.459463 3.402481
v -1.289331 -1.441732 3.118432
v -1.296675 -1.459463 2.834383
v -1.317591 -1.509957 2.593578
v -1.348892 -1.585526 2.432677
v -1.317591 -1.606442 3.804187
v -1.259752 -1.548603 3.643286
v -1.221106 -1.509957 3.402481
v -1.207535 -1.496386 3.118432
v -1.221106 -1.509957 2.834383
v -1.259752 -1.548603 2.593578
v -1.317591 -1.606442 2.432677
v -1.385816 -1.674667 2.376176
v -1.296675 -1.637744 3.804187
v -1.221106 -1.606442 3.643286
v -1.170612 -1.585526 3.402481
v -1.152881 -1.578182 3.118432
v -1.170612 -1.585526 2.834383
v -1.221106 -1.606442 2.593578
v -1.296675 -1.637744 2.432677
v -1.289331 -1.674667 3.804187
v -1.207535 -1.674667 3.643286
v -1.152881 -1.674667 3.402481
v -1.133689 -1.674667 3.118432
v -1.152881 -1.674667 2.834383
v -1.207535 -1.674667 2.593578
v -1.289331 -1.674667 2.432677
v -1.296675 -1.711590 3.804187
v -1.221106 -1.742892 3.643286
v -1.170612 -1.763807 3.402481
v -1.152881 -1.771152 3.118432
v -1.170612 -1.763807 2.834383
v -1.221106 -1.742892 2.593578
v -1.296675 -1.711590 2.432677
v -1.317591 -1.742892 3.804187
v -1.259752 -1.800730 3.643286
v -1.221106 -1.839377 3.402481
v -1.207535 -1.852947 3.118432
v -1.221106 -1.839377 2.834383
v -1.259752 -1.800730 2.593578
v -1.317591 -1.742892 2.432677
v -1.348893 -1.763807 3.804187
v -1.317591 -1.839377 3.643286
v -1.296675 -1.889870 3.402481
v -1.289331 -1.907602 3.118432
v -1.296675 -1.889870 2.834383
v -1.317591 -1.839377 2.593578
v -1.348893 -1.763807 2.432677
v -1.385816 -1.771151 3.804187
v -1.385816 -1.926794 3.118432
v -1.385816 -1.852947 2.593578
v -1.385816 -1.880274 3.522883
v -1.464498 -1.864624 3.522883
v -1.531202 -1.820053 3.522883
v -1.575773 -1.753349 3.522883
v -1.591423 -1.674667 3.522883
v -1.575772 -1.595984 3.522883
v -1.531202 -1.529280 3.522883
v -1.464498 -1.484710 3.522883
v -1.385816 -1.469059 3.522883
v -1.307133 -1.484710 3.522883
v -1.240429 -1.529280 3.522883
v -1.195859 -1.595984 3.522883
v -1.180208 -1.674667 3.522883
v -1.195859 -1.753350 3.522883
v -1.240429 -1.820053 3.522883
v -1.307133 -1.864624 3.522883
v -1.438390 -1.801592 3.723736
v -1.482960 -1.771811 3.723736
v -1.512741 -1.727241 3.723736
v -1.523198 -1.674667 3.723736
v -1.512741 -1.622093 3.723736
v -1.482960 -1.577523 3.723736
v -1.438390 -1.547742 3.723736
v -1.385816 -1.537284 3.723736
v -1.333242 -1.547742 3.723736
v -1.288671 -1.577523 3.723736
v -1.258891 -1.622093 3.723736
v -1.248433 -1.674667 3.723736
v -1.258891 -1.727241 3.723736
v -1.288671 -1.771811 3.723736
v -1.333242 -1.801592 3.723736
v -1.385816 -1.812049 3.723736
v -1.478628 -1.898736 3.260457
v -1.557311 -1.846162 3.260457
v -1.609885 -1.767479 3.260457
v -1.628346 -1.674667 3.260457
v -1.609885 -1.581854 3.260457
v -1.557311 -1.503171 3.260457
v -1.478628 -1.450597 3.260457
v -1.385816 -1.432136 3.260457
v -1.293003 -1.450597 3.260457
v -1.214320 -1.503172 3.260457
v -1.161746 -1.581854 3.260457
v -1.143285 -1.674667 3.260457
v -1.161747 -1.767479 3.260457
v -1.214321 -1.846162 3.260457
v -1.293003 -1.898736 3.260457
v -1.385816 -1.917198 3.260457
v -1.478628 -1.898736 2.976407
v -1.557311 -1.846162 2.976407
v -1.609885 -1.767479 2.976407
v -1.628346 -1.674667 2.976407
v -1.609885 -1.581854 2.976407
v -1.557311 -1.503171 2.976407
v -1.478628 -1.450597 2.976407
v -1.385816 -1.432136 2.976407
v -1.293003 -1.450597 2.976407
v -1.214320 -1.503172 2.976407
v -1.161746 -1.581854 2.976407
v -1.143285 -1.674667 2.976407
v -1.161747 -1.767479 2.976407
v -1.214321 -1.846162 2.976407
v -1.293003 -1.898736 2.976407
v -1.385816 -1.917198 2.976407
v -1.486415 -1.917536 2.834383
v -1.462811 -1.860551 2.593578
v -1.385816 -1.937546 2.834383
v -1.486415 -1.917536 3.402481
v -1.385816 -1.937546 3.402481
v -1.385816 -1.875866 3.643286
v -1.462811 -1.860551 3.643286
v -1.571700 -1.860551 2.834383
v -1.528085 -1.816936 2.593578
v -1.628685 -1.775266 2.834383
v -1.571700 -1.751662 2.593578
v -1.648695 -1.783555 3.118432
v -1.587015 -1.875866 3.118432
v -1.571700 -1.860551 3.402481
v -1.628685 -1.775266 3.402481
v -1.571700 -1.751662 3.643286
v -1.528085 -1.816936 3.643286
v -1.462811 -1.751662 3.804187
v -1.486415 -1.716336 3.804187
v -1.648695 -1.674667 2.834383
v -1.587015 -1.674667 2.593578
v -1.628685 -1.574067 2.834383
v -1.571700 -1.597671 2.593578
v -1.628685 -1.574067 3.402481
v -1.648695 -1.674667 3.402481
v -1.587015 -1.674667 3.643286
v -1.571700 -1.597671 3.643286
v -1.486415 -1.632997 3.804187
v -1.494704 -1.674667 3.804187
v -1.648695 -1.565778 3.118432
v -1.670354 -1.674667 3.118432
v -1.571700 -1.488783 2.834383
v -1.528085 -1.532397 2.593578
v -1.486415 -1.431798 2.834383
v -1.462811 -1.488783 2.593578
v -1.462811 -1.488783 3.643286
v -1.528085 -1.532397 3.643286
v -1.462811 -1.597671 3.804187
v -1.427485 -1.574067 3.804187
v -1.587015 -1.473467 3.118432
v -1.494704 -1.411787 3.118432
v -1.486415 -1.431798 3.402481
v -1.571700 -1.488783 3.402481
v -1.385816 -1.411787 2.834383
v -1.385816 -1.473467 2.593578
v -1.285216 -1.431798 2.834383
v -1.308820 -1.488783 2.593578
v -1.344146 -1.574067 3.804187
v -1.385816 -1.565778 3.804187
v -1.276927 -1.411787 3.118432
v -1.385816 -1.390128 3.118432
v -1.385816 -1.411787 3.402481
v -1.285216 -1.431798 3.402481
v -1.308820 -1.488783 3.643286
v -1.385816 -1.473467 3.643286
v -1.199932 -1.488783 2.834383
v -1.243546 -1.532397 2.593578
v -1.142947 -1.574067 2.834383
v -1.199932 -1.597671 2.593578
v -1.184616 -1.473468 3.118432
v -1.122936 -1.565779 3.118432
v -1.142947 -1.574067 3.402481
v -1.199932 -1.488783 3.402481
v -1.243546 -1.532397 3.643286
v -1.199932 -1.597671 3.643286
v -1.285216 -1.632997 3.804187
v -1.308820 -1.597671 3.804187
v -1.122936 -1.674667 2.834383
v -1.184616 -1.674667 2.593578
v -1.142947 -1.775266 2.834383
v -1.199932 -1.751662 2.593578
v -1.122936 -1.783555 3.118432
v -1.101277 -1.674667 3.118432
v -1.122936 -1.674667 3.402481
v -1.142947 -1.775266 3.402481
v -1.199932 -1.751662 3.643286
v -1.184616 -1.674667 3.643286
v -1.276927 -1.674667 3.804187
v -1.285216 -1.716336 3.804187
v -1.199932 -1.860551 2.834383
v -1.243546 -1.816936 2.593578
v -1.285216 -1.917536 2.834383
v -1.308820 -1.860551 2.593578
v -1.184617 -1.875866 3.118432
v -1.276928 -1.937546 3.118432
v -1.285216 -1.917536 3.402481
v -1.199932 -1.860551 3.402481
v -1.243546 -1.816936 3.643286
v -1.308820 -1.860551 3.643286
v -1.344146 -1.775266 3.804187
v -1.308820 -1.751662 3.804187
v -1.385816 -1.875866 2.593578
v -1.385816 -1.959205 3.118432
v -1.494704 -1.937546 3.118432
v -1.427485 -1.775266 3.804187
v -1.385816 -1.783555 3.804187
v -1.385816 -1.906706 3.522883
v -1.474613 -1.889043 3.522883
v -1.549892 -1.838743 3.522883
v -1.600192 -1.763464 3.522883
v -1.617855 -1.674667 3.522883
v -1.600192 -1.585869 3.522883
v -1.549892 -1.510590 3.522883
v -1.474613 -1.460290 3.522883
v -1.385816 -1.442627 3.522883
v -1.297018 -1.460290 3.522883
v -1.221739 -1.510590 3.522883
v -1.171439 -1.585869 3.522883
v -1.153776 -1.674667 3.522883
v -1.171439 -1.763464 3.522883
v -1.221739 -1.838743 3.522883
v -1.297018 -1.889043 3.522883
v -1.445148 -1.817909 3.723736
v -1.495448 -1.784299 3.723736
v -1.529057 -1.733999 3.723736
v -1.540859 -1.674667 3.723736
v -1.529057 -1.615334 3.723736
v -1.495448 -1.565034 3.723736
v -1.445148 -1.531425 3.723736
v -1.385816 -1.519623 3.723736
v -1.326483 -1.531425 3.723736
v -1.276183 -1.565034 3.723736
v -1.242574 -1.615334 3.723736
v -1.230772 -1.674667 3.723736
v -1.242574 -1.733999 3.723736
v -1.276183 -1.784299 3.723736
v -1.326483 -1.817909 3.723736
v -1.385816 -1.829710 3.723736
v -1.490560 -1.927541 3.260457
v -1.579357 -1.868208 3.260457
v -1.638690 -1.779411 3.260457
v -1.659525 -1.674667 3.260457
v -1.638690 -1.569923 3.260457
v -1.579357 -1.481125 3.260457
v -1.490560 -1.421792 3.260457
v -1.385816 -1.400958 3.260457
v -1.281072 -1.421793 3.260457
v -1.192274 -1.481125 3.260457
v -1.132941 -1.569923 3.260457
v -1.112107 -1.674667 3.260457
v -1.132941 -1.779411 3.260457
v -1.192274 -1.868208 3.260457
v -1.281072 -1.927541 3.260457
v -1.385816 -1.948376 3.260457
v -1.490560 -1.927541 2.976407
v -1.579357 -1.868208 2.976407
v -1.638690 -1.779411 2.976407
v -1.659525 -1.674667 2.976407
v -1.638690 -1.569923 2.976407
v -1.579357 -1.481125 2.976407
v -1.490560 -1.421792 2.976407
v -1.385816 -1.400958 2.976407
v -1.281072 -1.421793 2.976407
v -1.192274 -1.481125 2.976407
v -1.132941 -1.569923 2.976407
v -1.112107 -1.674667 2.976407
v -1.132941 -1.779411 2.976407
v -1.192274 -1.868208 2.976407
v -1.281072 -1.927541 2.976407
v -1.385816 -1.948376 2.976407
v -1.293643 -1.606154 -0.000000
v -1.293643 -1.606154 2.373015
v -1.293643 -1.743179 -0.000000
v -1.293643 -1.743179 2.373015
v -1.430668 -1.606154 -0.000000
v -1.430668 -1.606154 2.373015
v -1.430668 -1.743179 -0.000000
v -1.430668 -1.743179 2.373015
v -1.499333 -1.625737 1.893344
v -1.413810 -1.584177 2.019906
v -1.410717 -1.808095 1.893344
v -1.325194 -1.766536 2.019906
v -1.700637 -1.592978 2.696405
v -1.615114 -1.551418 2.822967
v -1.509352 -1.986610 2.696405
v -1.423829 -1.945050 2.822967
v -1.454820 -1.717339 1.893344
v -1.369297 -1.675779 2.019906
v -1.790231 -1.880332 3.189183
v -1.704708 -1.838772 3.315745
v -1.316306 -1.926121 2.237652
v -1.230783 -1.884561 2.364214
v -1.527013 -1.492522 2.237652
v -1.441490 -1.450962 2.364214
v -1.461389 -1.720531 2.375700
v -1.546912 -1.762091 2.249138
v -1.234036 -1.726416 2.128730
v -1.319559 -1.767976 2.255292
v -1.322653 -1.544058 2.128730
v -1.408176 -1.585618 2.255292
v -1.032732 -1.759175 2.931792
v -1.118255 -1.800735 3.058353
v -1.224017 -1.365544 2.931792
v -1.309540 -1.407104 3.058353
v -1.278550 -1.634815 2.128730
v -1.364073 -1.676374 2.255292
v -0.943139 -1.471822 3.424569
v -1.028661 -1.513382 3.551131
v -1.417064 -1.426033 2.473039
v -1.502587 -1.467592 2.599600
v -1.206356 -1.859632 2.473039
v -1.291879 -1.901192 2.599600
v -1.271980 -1.631622 2.611086
v -1.186457 -1.590062 2.484524
v -1.419354 -1.741393 1.185705
v -1.419354 -1.721317 1.263918
v -1.315932 -1.741393 1.185704
v -1.315932 -1.721317 1.263918
v -1.479265 -1.976863 1.531526
v -1.479265 -1.956787 1.609739
v -1.256022 -1.976863 1.531526
v -1.256022 -1.956787 1.609739
v -1.367404 -1.741393 1.185705
v -1.367404 -1.721317 1.263918
v -1.367404 -2.170293 1.723437
v -1.367404 -2.150217 1.801651
v -1.240734 -1.792960 1.354453
v -1.240734 -1.772884 1.432666
v -1.486644 -1.792960 1.354453
v -1.486644 -1.772883 1.432666
v -1.367404 -1.839078 1.411561
v -1.367404 -1.859155 1.333348
v -1.314015 -1.618011 1.159618
v -1.314015 -1.652284 1.232733
v -1.417437 -1.618011 1.159618
v -1.417437 -1.652284 1.232733
v -1.254105 -1.450965 1.543198
v -1.254105 -1.485237 1.616313
v -1.477348 -1.450965 1.543198
v -1.477348 -1.485237 1.616313
v -1.365966 -1.618011 1.159618
v -1.365966 -1.652284 1.232733
v -1.365966 -1.296601 1.767735
v -1.365966 -1.330874 1.840850
v -1.492636 -1.598728 1.335012
v -1.492636 -1.633000 1.408127
v -1.246725 -1.598728 1.335012
v -1.246725 -1.633000 1.408127
v -1.365966 -1.564035 1.399701
v -1.365966 -1.529763 1.326586
v -1.431352 -1.713880 0.553979
v -1.422428 -1.695896 0.632192
v -1.338710 -1.759853 0.553979
v -1.329786 -1.741869 0.632192
v -1.589690 -1.898175 0.899800
v -1.580766 -1.880191 0.978013
v -1.389716 -1.997411 0.899800
v -1.380792 -1.979427 0.978013
v -1.384817 -1.736973 0.553979
v -1.375892 -1.718989 0.632192
v -1.575472 -2.121168 1.091712
v -1.566548 -2.103184 1.169925
v -1.294273 -1.839473 0.722727
v -1.285348 -1.821489 0.800941
v -1.514551 -1.730160 0.722727
v -1.505627 -1.712176 0.800940
v -1.428240 -1.824476 0.779835
v -1.437164 -1.842460 0.701622
v -1.282147 -1.650184 0.527892
v -1.297382 -1.680884 0.601007
v -1.374789 -1.604210 0.527892
v -1.390024 -1.634910 0.601007
v -1.154225 -1.527181 0.911472
v -1.169460 -1.557881 0.984587
v -1.354199 -1.427944 0.911472
v -1.369434 -1.458644 0.984587
v -1.328683 -1.627091 0.527892
v -1.343917 -1.657791 0.601007
v -1.185809 -1.339182 1.136009
v -1.201043 -1.369882 1.209124
v -1.433577 -1.553510 0.703287
v -1.448812 -1.584210 0.776402
v -1.213299 -1.662822 0.703287
v -1.228534 -1.693522 0.776401
v -1.304689 -1.578741 0.767975
v -1.289454 -1.548041 0.694860
v -1.399708 -1.758897 1.721627
v -1.407581 -1.740428 1.799840
v -1.304570 -1.718339 1.721627
v -1.312443 -1.699871 1.799840
v -1.362479 -1.999000 2.067448
v -1.370352 -1.980531 2.145661
v -1.157118 -1.911454 2.067448
v -1.164991 -1.892986 2.145661
v -1.351918 -1.738524 1.721627
v -1.359791 -1.720056 1.799840
v -1.183724 -2.133069 2.259359
v -1.191597 -2.114600 2.337573
v -1.215173 -1.736286 1.890375
v -1.223046 -1.717818 1.968588
v -1.441386 -1.832721 1.890375
v -1.449259 -1.814252 1.968588
v -1.313611 -1.828384 1.947483
v -1.305738 -1.846853 1.869270
v -1.351191 -1.604089 1.695539
v -1.337751 -1.635615 1.768654
v -1.446329 -1.644646 1.695539
v -1.432889 -1.676173 1.768654
v -1.361587 -1.426928 2.079120
v -1.348147 -1.458455 2.152235
v -1.566948 -1.514474 2.079120
v -1.553508 -1.546001 2.152235
v -1.398980 -1.624461 1.695539
v -1.385540 -1.655988 1.768654
v -1.525022 -1.328796 2.303657
v -1.511582 -1.360323 2.376772
v -1.523066 -1.656396 1.870934
v -1.509626 -1.687923 1.944049
v -1.296853 -1.559962 1.870934
v -1.283413 -1.591489 1.944049
v -1.420147 -1.574808 1.935623
v -1.433587 -1.543281 1.862508
v -1.385816 -0.172140 3.643286
v -1.385816 -0.226794 3.402481
v -1.385816 -0.226794 2.834383
v -1.385816 -0.090344 2.432677
v -1.422739 -0.083000 3.804187
v -1.454041 -0.158569 3.643286
v -1.474956 -0.209063 3.402481
v -1.482301 -0.226794 3.118432
v -1.474956 -0.209063 2.834383
v -1.454041 -0.158569 2.593578
v -1.422739 -0.083000 2.432677
v -1.454041 -0.062085 3.804187
v -1.511879 -0.119923 3.643286
v -1.550525 -0.158569 3.402481
v -1.564096 -0.172140 3.118432
v -1.550525 -0.158569 2.834383
v -1.511879 -0.119923 2.593578
v -1.454041 -0.062085 2.432677
v -1.474956 -0.030783 3.804187
v -1.550525 -0.062084 3.643286
v -1.601019 -0.083000 3.402481
v -1.618751 -0.090344 3.118432
v -1.601019 -0.083000 2.834383
v -1.550525 -0.062084 2.593578
v -1.474956 -0.030783 2.432677
v -1.482301 0.006141 3.804187
v -1.564096 0.006141 3.643286
v -1.618751 0.006141 3.402481
v -1.637942 0.006141 3.118432
v -1.618751 0.006141 2.834383
v -1.564096 0.006141 2.593578
v -1.482301 0.006141 2.432677
v -1.474956 0.043064 3.804187
v -1.550525 0.074366 3.643286
v -1.601019 0.095281 3.402481
v -1.618750 0.102625 3.118432
v -1.601019 0.095281 2.834383
v -1.550525 0.074366 2.593578
v -1.474956 0.043064 2.432677
v -1.454041 0.074366 3.804187
v -1.511879 0.132204 3.643286
v -1.550525 0.170850 3.402481
v -1.564096 0.184421 3.118432
v -1.550525 0.170850 2.834383
v -1.511879 0.132204 2.593578
v -1.454041 0.074366 2.432677
v -1.422739 0.095281 3.804187
v -1.454041 0.170850 3.643286
v -1.474956 0.221344 3.402481
v -1.482300 0.239075 3.118432
v -1.474956 0.221344 2.834383
v -1.454041 0.170850 2.593578
v -1.422739 0.095281 2.432677
v -1.385816 0.006141 3.860687
v -1.385816 0.102625 3.804187
v -1.385816 0.184421 3.643286
v -1.385816 0.239075 3.402481
v -1.385816 0.258267 3.118432
v -1.385816 0.239075 2.834383
v -1.385816 0.184421 2.593578
v -1.385816 0.102625 2.432677
v -1.348892 0.095281 3.804187
v -1.317591 0.170850 3.643286
v -1.296675 0.221344 3.402481
v -1.289331 0.239075 3.118432
v -1.296675 0.221344 2.834383
v -1.317591 0.170850 2.593578
v -1.348892 0.095281 2.432677
v -1.317591 0.074366 3.804187
v -1.259752 0.132204 3.643286
v -1.221106 0.170850 3.402481
v -1.207535 0.184421 3.118432
v -1.221106 0.170850 2.834383
v -1.259752 0.132204 2.593578
v -1.317591 0.074366 2.432677
v -1.385816 0.006141 2.376176
v -1.296675 0.043064 3.804187
v -1.221106 0.074366 3.643286
v -1.170612 0.095281 3.402481
v -1.152881 0.102625 3.118432
v -1.170612 0.095281 2.834383
v -1.221106 0.074366 2.593578
v -1.296675 0.043064 2.432677
v -1.289331 0.006141 3.804187
v -1.207535 0.006140 3.643286
v -1.152881 0.006140 3.402481
v -1.133689 0.006140 3.118432
v -1.152881 0.006140 2.834383
v -1.207535 0.006140 2.593578
v -1.289331 0.006140 2.432677
v -1.296675 -0.030783 3.804187
v -1.221106 -0.062085 3.643286
v -1.170612 -0.083000 3.402481
v -1.152881 -0.090344 3.118432
v -1.170612 -0.083000 2.834383
v -1.221106 -0.062085 2.593578
v -1.296675 -0.030783 2.432677
v -1.317591 -0.062085 3.804187
v -1.259752 -0.119923 3.643286
v -1.221106 -0.158569 3.402481
v -1.207535 -0.172140 3.118432
v -1.221106 -0.158569 2.834383
v -1.259752 -0.119923 2.593578
v -1.317591 -0.062085 2.432677
v -1.348893 -0.083000 3.804187
v -1.317591 -0.158569 3.643286
v -1.296675 -0.209063 3.402481
v -1.289331 -0.226794 3.118432
v -1.296675 -0.209063 2.834383
v -1.317591 -0.158569 2.593578
v -1.348893 -0.083000 2.432677
v -1.385816 -0.090344 3.804187
v -1.385816 -0.245986 3.118432
v -1.385816 -0.172140 2.593578
v -1.385816 -0.199467 3.522883
v -1.464498 -0.183816 3.522883
v -1.531202 -0.139246 3.522883
v -1.575773 -0.072542 3.522883
v -1.591423 0.006141 3.522883
v -1.575772 0.084823 3.522883
v -1.531202 0.151527 3.522883
v -1.464498 0.196097 3.522883
v -1.385816 0.211748 3.522883
v -1.307133 0.196097 3.522883
v -1.240429 0.151527 3.522883
v -1.195859 0.084823 3.522883
v -1.180208 0.006140 3.522883
v -1.195859 -0.072542 3.522883
v -1.240429 -0.139246 3.522883
v -1.307133 -0.183816 3.522883
v -1.438390 -0.120785 3.723736
v -1.482960 -0.091004 3.723736
v -1.512741 -0.046434 3.723736
v -1.523198 0.006141 3.723736
v -1.512741 0.058715 3.723736
v -1.482960 0.103285 3.723736
v -1.438390 0.133066 3.723736
v -1.385816 0.143523 3.723736
v -1.333242 0.133066 3.723736
v -1.288671 0.103285 3.723736
v -1.258891 0.058715 3.723736
v -1.248433 0.006140 3.723736
v -1.258891 -0.046434 3.723736
v -1.288671 -0.091004 3.723736
v -1.333242 -0.120785 3.723736
v -1.385816 -0.131242 3.723736
v -1.478628 -0.217929 3.260457
v -1.557311 -0.165355 3.260457
v -1.609885 -0.086672 3.260457
v -1.628346 0.006141 3.260457
v -1.609885 0.098953 3.260457
v -1.557311 0.177636 3.260457
v -1.478628 0.230210 3.260457
v -1.385816 0.248671 3.260457
v -1.293003 0.230210 3.260457
v -1.214320 0.177636 3.260457
v -1.161746 0.098953 3.260457
v -1.143285 0.006140 3.260457
v -1.161747 -0.086672 3.260457
v -1.214321 -0.165355 3.260457
v -1.293003 -0.217929 3.260457
v -1.385816 -0.236390 3.260457
v -1.478628 -0.217929 2.976407
v -1.557311 -0.165355 2.976407
v -1.609885 -0.086672 2.976407
v -1.628346 0.006141 2.976407
v -1.609885 0.098953 2.976407
v -1.557311 0.177636 2.976407
v -1.478628 0.230210 2.976407
v -1.385816 0.248671 2.976407
v -1.293003 0.230210 2.976407
v -1.214320 0.177636 2.976407
v -1.161746 0.098953 2.976407
v -1.143285 0.006140 2.976407
v -1.161747 -0.086672 2.976407
v -1.214321 -0.165355 2.976407
v -1.293003 -0.217929 2.976407
v -1.385816 -0.236390 2.976407
v -1.486415 -0.236729 2.834383
v -1.462811 -0.179743 2.593578
v -1.385816 -0.256739 2.834383
v -1.486415 -0.236728 3.402481
v -1.385816 -0.256739 3.402481
v -1.385816 -0.195059 3.643286
v -1.462811 -0.179743 3.643286
v -1.571700 -0.179743 2.834383
v -1.528085 -0.136129 2.593578
v -1.628685 -0.094459 2.834383
v -1.571700 -0.070855 2.593578
v -1.648695 -0.102748 3.118432
v -1.587015 -0.195059 3.118432
v -1.571700 -0.179743 3.402481
v -1.628685 -0.094459 3.402481
v -1.571700 -0.070855 3.643286
v -1.528085 -0.136129 3.643286
v -1.462811 -0.070855 3.804187
v -1.486415 -0.035529 3.804187
v -1.648695 0.006141 2.834383
v -1.587015 0.006141 2.593578
v -1.628685 0.106740 2.834383
v -1.571700 0.083136 2.593578
v -1.628685 0.106740 3.402481
v -1.648695 0.006141 3.402481
v -1.587015 0.006141 3.643286
v -1.571700 0.083136 3.643286
v -1.486415 0.047810 3.804187
v -1.494704 0.006141 3.804187
v -1.648695 0.115029 3.118432
v -1.670354 0.006141 3.118432
v -1.571700 0.192025 2.834383
v -1.528085 0.148410 2.593578
v -1.486415 0.249010 2.834383
v -1.462811 0.192024 2.593578
v -1.462811 0.192024 3.643286
v -1.528085 0.148410 3.643286
v -1.462811 0.083136 3.804187
v -1.427485 0.106740 3.804187
v -1.587015 0.207340 3.118432
v -1.494704 0.269020 3.118432
v -1.486415 0.249010 3.402481
v -1.571700 0.192025 3.402481
v -1.385816 0.269020 2.834383
v -1.385816 0.207340 2.593578
v -1.285216 0.249010 2.834383
v -1.308820 0.192024 2.593578
v -1.344146 0.106740 3.804187
v -1.385816 0.115029 3.804187
v -1.276927 0.269020 3.118432
v -1.385816 0.290679 3.118432
v -1.385816 0.269020 3.402481
v -1.285216 0.249010 3.402481
v -1.308820 0.192024 3.643286
v -1.385816 0.207340 3.643286
v -1.199932 0.192024 2.834383
v -1.243546 0.148410 2.593578
v -1.142947 0.106740 2.834383
v -1.199932 0.083136 2.593578
v -1.184616 0.207340 3.118432
v -1.122936 0.115029 3.118432
v -1.142947 0.106740 3.402481
v -1.199932 0.192024 3.402481
v -1.243546 0.148410 3.643286
v -1.199932 0.083136 3.643286
v -1.285216 0.047810 3.804187
v -1.308820 0.083136 3.804187
v -1.122936 0.006140 2.834383
v -1.184616 0.006140 2.593578
v -1.142947 -0.094459 2.834383
v -1.199932 -0.070855 2.593578
v -1.122936 -0.102748 3.118432
v -1.101277 0.006140 3.118432
v -1.122936 0.006140 3.402481
v -1.142947 -0.094459 3.402481
v -1.199932 -0.070855 3.643286
v -1.184616 0.006140 3.643286
v -1.276927 0.006140 3.804187
v -1.285216 -0.035529 3.804187
v -1.199932 -0.179743 2.834383
v -1.243546 -0.136129 2.593578
v -1.285216 -0.236728 2.834383
v -1.308820 -0.179743 2.593578
v -1.184617 -0.195059 3.118432
v -1.276928 -0.256739 3.118432
v -1.285216 -0.236728 3.402481
v -1.199932 -0.179743 3.402481
v -1.243546 -0.136129 3.643286
v -1.308820 -0.179743 3.643286
v -1.344146 -0.094459 3.804187
v -1.308820 -0.070855 3.804187
v -1.385816 -0.195059 2.593578
v -1.385816 -0.278398 3.118432
v -1.494704 -0.256739 3.118432
v -1.427485 -0.094459 3.804187
v -1.385816 -0.102748 3.804187
v -1.385816 -0.225899 3.522883
v -1.474613 -0.208236 3.522883
v -1.549892 -0.157936 3.522883
v -1.600192 -0.082657 3.522883
v -1.617855 0.006141 3.522883
v -1.600192 0.094938 3.522883
v -1.549892 0.170217 3.522883
v -1.474613 0.220517 3.522883
v -1.385816 0.238180 3.522883
v -1.297018 0.220517 3.522883
v -1.221739 0.170217 3.522883
v -1.171439 0.094938 3.522883
v -1.153776 0.006140 3.522883
v -1.171439 -0.082657 3.522883
v -1.221739 -0.157936 3.522883
v -1.297018 -0.208236 3.522883
v -1.445148 -0.137101 3.723736
v -1.495448 -0.103492 3.723736
v -1.529057 -0.053192 3.723736
v -1.540859 0.006141 3.723736
v -1.529057 0.065473 3.723736
v -1.495448 0.115773 3.723736
v -1.445148 0.149382 3.723736
v -1.385816 0.161184 3.723736
v -1.326483 0.149382 3.723736
v -1.276183 0.115773 3.723736
v -1.242574 0.065473 3.723736
v -1.230772 0.006140 3.723736
v -1.242574 -0.053192 3.723736
v -1.276183 -0.103492 3.723736
v -1.326483 -0.137101 3.723736
v -1.385816 -0.148903 3.723736
v -1.490560 -0.246734 3.260457
v -1.579357 -0.187401 3.260457
v -1.638690 -0.098603 3.260457
v -1.659525 0.006141 3.260457
v -1.638690 0.110885 3.260457
v -1.579357 0.199682 3.260457
v -1.490560 0.259015 3.260457
v -1.385816 0.279850 3.260457
v -1.281072 0.259015 3.260457
v -1.192274 0.199682 3.260457
v -1.132941 0.110884 3.260457
v -1.112107 0.006140 3.260457
v -1.132941 -0.098604 3.260457
v -1.192274 -0.187401 3.260457
v -1.281072 -0.246734 3.260457
v -1.385816 -0.267569 3.260457
v -1.490560 -0.246734 2.976407
v -1.579357 -0.187401 2.976407
v -1.638690 -0.098603 2.976407
v -1.659525 0.006141 2.976407
v -1.638690 0.110885 2.976407
v -1.579357 0.199682 2.976407
v -1.490560 0.259015 2.976407
v -1.385816 0.279850 2.976407
v -1.281072 0.259015 2.976407
v -1.192274 0.199682 2.976407
v -1.132941 0.110884 2.976407
v -1.112107 0.006140 2.976407
v -1.132941 -0.098604 2.976407
v -1.192274 -0.187401 2.976407
v -1.281072 -0.246734 2.976407
v -1.385816 -0.267569 2.976407
v -1.293643 0.074653 -0.000001
v -1.293643 0.074653 2.373015
v -1.293643 -0.062372 -0.000001
v -1.293643 -0.062372 2.373015
v -1.430668 0.074653 -0.000001
v -1.430668 0.074653 2.373015
v -1.430668 -0.062372 -0.000001
v -1.430668 -0.062372 2.373015
v -1.499333 0.055070 1.893344
v -1.413810 0.096630 2.019906
v -1.410717 -0.127288 1.893344
v -1.325194 -0.085728 2.019906
v -1.700637 0.087829 2.696405
v -1.615114 0.129389 2.822967
v -1.509352 -0.305802 2.696405
v -1.423829 -0.264243 2.822967
v -1.454820 -0.036532 1.893344
v -1.369297 0.005028 2.019906
v -1.790231 -0.199525 3.189183
v -1.704708 -0.157965 3.315745
v -1.316306 -0.245314 2.237652
v -1.230783 -0.203754 2.364214
v -1.527013 0.188286 2.237652
v -1.441490 0.229846 2.364214
v -1.461389 -0.039724 2.375700
v -1.546912 -0.081284 2.249138
v -1.234036 -0.045609 2.128730
v -1.319559 -0.087169 2.255292
v -1.322653 0.136749 2.128730
v -1.408176 0.095189 2.255292
v -1.032732 -0.078368 2.931792
v -1.118255 -0.119928 3.058353
v -1.224017 0.315264 2.931792
v -1.309540 0.273704 3.058353
v -1.278550 0.045993 2.128730
v -1.364073 0.004433 2.255292
v -0.943139 0.208986 3.424569
v -1.028661 0.167426 3.551131
v -1.417064 0.254775 2.473039
v -1.502587 0.213215 2.599600
v -1.206356 -0.178825 2.473039
v -1.291879 -0.220385 2.599600
v -1.271980 0.049185 2.611086
v -1.186457 0.090745 2.484524
v -1.419354 -0.060586 1.185705
v -1.419354 -0.040510 1.263918
v -1.315932 -0.060586 1.185704
v -1.315932 -0.040510 1.263918
v -1.479265 -0.296056 1.531526
v -1.479265 -0.275979 1.609739
v -1.256022 -0.296056 1.531526
v -1.256022 -0.275980 1.609739
v -1.367404 -0.060586 1.185705
v -1.367404 -0.040510 1.263918
v -1.367404 -0.489486 1.723437
v -1.367404 -0.469409 1.801651
v -1.240734 -0.112153 1.354453
v -1.240734 -0.092076 1.432666
v -1.486644 -0.112153 1.354453
v -1.486644 -0.092076 1.432666
v -1.367404 -0.158271 1.411561
v -1.367404 -0.178348 1.333348
v -1.314015 0.062796 1.159618
v -1.314015 0.028524 1.232733
v -1.417437 0.062796 1.159618
v -1.417437 0.028524 1.232733
v -1.254105 0.229842 1.543198
v -1.254105 0.195570 1.616313
v -1.477348 0.229842 1.543198
v -1.477348 0.195570 1.616313
v -1.365966 0.062796 1.159618
v -1.365966 0.028524 1.232733
v -1.365966 0.384206 1.767735
v -1.365966 0.349934 1.840850
v -1.492636 0.082079 1.335012
v -1.492636 0.047807 1.408127
v -1.246725 0.082079 1.335012
v -1.246725 0.047807 1.408127
v -1.365966 0.116772 1.399701
v -1.365966 0.151044 1.326586
v -1.431352 -0.033073 0.553979
v -1.422428 -0.015089 0.632192
v -1.338710 -0.079046 0.553979
v -1.329786 -0.061062 0.632192
v -1.589690 -0.217367 0.899800
v -1.580766 -0.199383 0.978013
v -1.389716 -0.316604 0.899800
v -1.380792 -0.298620 0.978013
v -1.384817 -0.056166 0.553979
v -1.375892 -0.038182 0.632192
v -1.575472 -0.440360 1.091712
v -1.566548 -0.422376 1.169925
v -1.294273 -0.158665 0.722727
v -1.285348 -0.140681 0.800941
v -1.514551 -0.049353 0.722727
v -1.505627 -0.031369 0.800940
v -1.428240 -0.143669 0.779835
v -1.437164 -0.161653 0.701622
v -1.282147 0.030623 0.527892
v -1.297382 -0.000077 0.601007
v -1.374789 0.076597 0.527892
v -1.390024 0.045897 0.601007
v -1.154225 0.153627 0.911472
v -1.169460 0.122927 0.984587
v -1.354199 0.252863 0.911472
v -1.369434 0.222163 0.984587
v -1.328683 0.053717 0.527892
v -1.343917 0.023017 0.601007
v -1.185809 0.341625 1.136009
v -1.201043 0.310925 1.209124
v -1.433577 0.127298 0.703287
v -1.448812 0.096598 0.776402
v -1.213299 0.017985 0.703287
v -1.228534 -0.012715 0.776401
v -1.304689 0.102067 0.767975
v -1.289454 0.132767 0.694860
v -1.399708 -0.078089 1.721627
v -1.407581 -0.059621 1.799840
v -1.304570 -0.037532 1.721627
v -1.312443 -0.019064 1.799840
v -1.362479 -0.318192 2.067448
v -1.370352 -0.299724 2.145661
v -1.157118 -0.230647 2.067448
v -1.164991 -0.212178 2.145661
v -1.351918 -0.057717 1.721627
v -1.359791 -0.039248 1.799840
v -1.183724 -0.452262 2.259359
v -1.191597 -0.433793 2.337573
v -1.215173 -0.055479 1.890375
v -1.223046 -0.037011 1.968588
v -1.441386 -0.151914 1.890375
v -1.449259 -0.133445 1.968588
v -1.313611 -0.147577 1.947483
v -1.305738 -0.166046 1.869270
v -1.351191 0.076719 1.695539
v -1.337751 0.045192 1.768654
v -1.446329 0.036162 1.695539
v -1.432889 0.004635 1.768654
v -1.361587 0.253879 2.079120
v -1.348147 0.222352 2.152235
v -1.566948 0.166334 2.079120
v -1.553508 0.134806 2.152235
v -1.398980 0.056346 1.695539
v -1.385540 0.024819 1.768654
v -1.525022 0.352011 2.303657
v -1.511582 0.320484 2.376772
v -1.523066 0.024411 1.870934
v -1.509626 -0.007116 1.944049
v -1.296853 0.120846 1.870934
v -1.283413 0.089318 1.944049
v -1.420147 0.105999 1.935623
v -1.433587 0.137526 1.862508
v -2.713217 -0.172140 3.643286
v -2.713217 -0.226794 3.402481
v -2.713217 -0.226794 2.834383
v -2.713217 -0.090344 2.432677
v -2.750140 -0.083000 3.804187
v -2.781442 -0.158569 3.643286
v -2.802357 -0.209063 3.402481
v -2.809702 -0.226794 3.118432
v -2.802357 -0.209063 2.834383
v -2.781442 -0.158569 2.593578
v -2.750140 -0.083000 2.432677
v -2.781442 -0.062085 3.804187
v -2.839281 -0.119923 3.643286
v -2.877927 -0.158569 3.402481
v -2.891498 -0.172140 3.118432
v -2.877927 -0.158569 2.834383
v -2.839281 -0.119923 2.593578
v -2.781442 -0.062085 2.432677
v -2.802357 -0.030783 3.804187
v -2.877927 -0.062084 3.643286
v -2.928421 -0.083000 3.402481
v -2.946152 -0.090344 3.118432
v -2.928421 -0.083000 2.834383
v -2.877927 -0.062084 2.593578
v -2.802357 -0.030783 2.432677
v -2.809702 0.006141 3.804187
v -2.891498 0.006141 3.643286
v -2.946152 0.006141 3.402481
v -2.965344 0.006141 3.118432
v -2.946152 0.006141 2.834383
v -2.891498 0.006141 2.593578
v -2.809702 0.006141 2.432677
v -2.802357 0.043064 3.804187
v -2.877927 0.074366 3.643286
v -2.928421 0.095281 3.402481
v -2.946152 0.102625 3.118432
v -2.928421 0.095281 2.834383
v -2.877927 0.074366 2.593578
v -2.802357 0.043064 2.432677
v -2.781442 0.074366 3.804187
v -2.839281 0.132204 3.643286
v -2.877927 0.170850 3.402481
v -2.891498 0.184421 3.118432
v -2.877927 0.170850 2.834383
v -2.839281 0.132204 2.593578
v -2.781442 0.074366 2.432677
v -2.750140 0.095281 3.804187
v -2.781442 0.170850 3.643286
v -2.802357 0.221344 3.402481
v -2.809702 0.239075 3.118432
v -2.802357 0.221344 2.834383
v -2.781442 0.170850 2.593578
v -2.750140 0.095281 2.432677
v -2.713217 0.006141 3.860687
v -2.713217 0.102625 3.804187
v -2.713217 0.184421 3.643286
v -2.713217 0.239075 3.402481
v -2.713217 0.258267 3.118432
v -2.713217 0.239075 2.834383
v -2.713217 0.184421 2.593578
v -2.713217 0.102625 2.432677
v -2.676294 0.095281 3.804187
v -2.644992 0.170850 3.643286
v -2.624077 0.221344 3.402481
v -2.616732 0.239075 3.118432
v -2.624077 0.221344 2.834383
v -2.644992 0.170850 2.593578
v -2.676294 0.095281 2.432677
v -2.644992 0.074366 3.804187
v -2.587153 0.132204 3.643286
v -2.548507 0.170850 3.402481
v -2.534936 0.184421 3.118432
v -2.548507 0.170850 2.834383
v -2.587153 0.132204 2.593578
v -2.644992 0.074366 2.432677
v -2.713217 0.006141 2.376176
v -2.624077 0.043064 3.804187
v -2.548507 0.074366 3.643286
v -2.498013 0.095281 3.402481
v -2.480282 0.102625 3.118432
v -2.498013 0.095281 2.834383
v -2.548507 0.074366 2.593578
v -2.624077 0.043064 2.432677
v -2.616732 0.006141 3.804187
v -2.534936 0.006140 3.643286
v -2.480282 0.006140 3.402481
v -2.461090 0.006140 3.118432
v -2.480282 0.006140 2.834383
v -2.534936 0.006140 2.593578
v -2.616732 0.006140 2.432677
v -2.624077 -0.030783 3.804187
v -2.548507 -0.062085 3.643286
v -2.498013 -0.083000 3.402481
v -2.480282 -0.090344 3.118432
v -2.498013 -0.083000 2.834383
v -2.548507 -0.062085 2.593578
v -2.624077 -0.030783 2.432677
v -2.644992 -0.062085 3.804187
v -2.587154 -0.119923 3.643286
v -2.548507 -0.158569 3.402481
v -2.534937 -0.172140 3.118432
v -2.548507 -0.158569 2.834383
v -2.587154 -0.119923 2.593578
v -2.644992 -0.062085 2.432677
v -2.676294 -0.083000 3.804187
v -2.644992 -0.158569 3.643286
v -2.624077 -0.209063 3.402481
v -2.616732 -0.226794 3.118432
v -2.624077 -0.209063 2.834383
v -2.644992 -0.158569 2.593578
v -2.676294 -0.083000 2.432677
v -2.713217 -0.090344 3.804187
v -2.713217 -0.245986 3.118432
v -2.713217 -0.172140 2.593578
v -2.713217 -0.199467 3.522883
v -2.791900 -0.183816 3.522883
v -2.858603 -0.139246 3.522883
v -2.903174 -0.072542 3.522883
v -2.918825 0.006141 3.522883
v -2.903174 0.084823 3.522883
v -2.858603 0.151527 3.522883
v -2.791900 0.196097 3.522883
v -2.713217 0.211748 3.522883
v -2.634534 0.196097 3.522883
v -2.567830 0.151527 3.522883
v -2.523260 0.084823 3.522883
v -2.507609 0.006140 3.522883
v -2.523260 -0.072542 3.522883
v -2.567830 -0.139246 3.522883
v -2.634534 -0.183816 3.522883
v -2.765791 -0.120785 3.723736
v -2.810361 -0.091004 3.723736
v -2.840142 -0.046434 3.723736
v -2.850600 0.006141 3.723736
v -2.840142 0.058715 3.723736
v -2.810361 0.103285 3.723736
v -2.765791 0.133066 3.723736
v -2.713217 0.143523 3.723736
v -2.660643 0.133066 3.723736
v -2.616073 0.103285 3.723736
v -2.586292 0.058715 3.723736
v -2.575835 0.006140 3.723736
v -2.586292 -0.046434 3.723736
v -2.616073 -0.091004 3.723736
v -2.660643 -0.120785 3.723736
v -2.713217 -0.131242 3.723736
v -2.806030 -0.217929 3.260457
v -2.884712 -0.165355 3.260457
v -2.937286 -0.086672 3.260457
v -2.955748 0.006141 3.260457
v -2.937286 0.098953 3.260457
v -2.884712 0.177636 3.260457
v -2.806030 0.230210 3.260457
v -2.713217 0.248671 3.260457
v -2.620404 0.230210 3.260457
v -2.541722 0.177636 3.260457
v -2.489148 0.098953 3.260457
v -2.470686 0.006140 3.260457
v -2.489148 -0.086672 3.260457
v -2.541722 -0.165355 3.260457
v -2.620405 -0.217929 3.260457
v -2.713217 -0.236390 3.260457
v -2.806030 -0.217929 2.976407
v -2.884712 -0.165355 2.976407
v -2.937286 -0.086672 2.976407
v -2.955748 0.006141 2.976407
v -2.937286 0.098953 2.976407
v -2.884712 0.177636 2.976407
v -2.806030 0.230210 2.976407
v -2.713217 0.248671 2.976407
v -2.620404 0.230210 2.976407
v -2.541722 0.177636 2.976407
v -2.489148 0.098953 2.976407
v -2.470686 0.006140 2.976407
v -2.489148 -0.086672 2.976407
v -2.541722 -0.165355 2.976407
v -2.620405 -0.217929 2.976407
v -2.713217 -0.236390 2.976407
v -2.813817 -0.236729 2.834383
v -2.790213 -0.179743 2.593578
v -2.713217 -0.256739 2.834383
v -2.813817 -0.236728 3.402481
v -2.713217 -0.256739 3.402481
v -2.713217 -0.195059 3.643286
v -2.790213 -0.179743 3.643286
v -2.899101 -0.179743 2.834383
v -2.855486 -0.136129 2.593578
v -2.956086 -0.094459 2.834383
v -2.899101 -0.070855 2.593578
v -2.976096 -0.102748 3.118432
v -2.914416 -0.195059 3.118432
v -2.899101 -0.179743 3.402481
v -2.956086 -0.094459 3.402481
v -2.899101 -0.070855 3.643286
v -2.855486 -0.136129 3.643286
v -2.790213 -0.070855 3.804187
v -2.813817 -0.035529 3.804187
v -2.976096 0.006141 2.834383
v -2.914416 0.006141 2.593578
v -2.956086 0.106740 2.834383
v -2.899101 0.083136 2.593578
v -2.956086 0.106740 3.402481
v -2.976096 0.006141 3.402481
v -2.914416 0.006141 3.643286
v -2.899101 0.083136 3.643286
v -2.813817 0.047810 3.804187
v -2.822105 0.006141 3.804187
v -2.976096 0.115029 3.118432
v -2.997756 0.006141 3.118432
v -2.899101 0.192025 2.834383
v -2.855486 0.148410 2.593578
v -2.813817 0.249010 2.834383
v -2.790213 0.192024 2.593578
v -2.790213 0.192024 3.643286
v -2.855486 0.148410 3.643286
v -2.790213 0.083136 3.804187
v -2.754887 0.106740 3.804187
v -2.914416 0.207340 3.118432
v -2.822105 0.269020 3.118432
v -2.813817 0.249010 3.402481
v -2.899101 0.192025 3.402481
v -2.713217 0.269020 2.834383
v -2.713217 0.207340 2.593578
v -2.612617 0.249010 2.834383
v -2.636221 0.192024 2.593578
v -2.671547 0.106740 3.804187
v -2.713217 0.115029 3.804187
v -2.604329 0.269020 3.118432
v -2.713217 0.290679 3.118432
v -2.713217 0.269020 3.402481
v -2.612617 0.249010 3.402481
v -2.636221 0.192024 3.643286
v -2.713217 0.207340 3.643286
v -2.527333 0.192024 2.834383
v -2.570948 0.148410 2.593578
v -2.470348 0.106740 2.834383
v -2.527333 0.083136 2.593578
v -2.512018 0.207340 3.118432
v -2.450337 0.115029 3.118432
v -2.470348 0.106740 3.402481
v -2.527333 0.192024 3.402481
v -2.570948 0.148410 3.643286
v -2.527333 0.083136 3.643286
v -2.612617 0.047810 3.804187
v -2.636221 0.083136 3.804187
v -2.450337 0.006140 2.834383
v -2.512018 0.006140 2.593578
v -2.470348 -0.094459 2.834383
v -2.527333 -0.070855 2.593578
v -2.450337 -0.102748 3.118432
v -2.428678 0.006140 3.118432
v -2.450337 0.006140 3.402481
v -2.470348 -0.094459 3.402481
v -2.527333 -0.070855 3.643286
v -2.512018 0.006140 3.643286
v -2.604329 0.006140 3.804187
v -2.612617 -0.035529 3.804187
v -2.527333 -0.179743 2.834383
v -2.570948 -0.136129 2.593578
v -2.612617 -0.236728 2.834383
v -2.636221 -0.179743 2.593578
v -2.512018 -0.195059 3.118432
v -2.604329 -0.256739 3.118432
v -2.612617 -0.236728 3.402481
v -2.527333 -0.179743 3.402481
v -2.570948 -0.136129 3.643286
v -2.636221 -0.179743 3.643286
v -2.671547 -0.094459 3.804187
v -2.636221 -0.070855 3.804187
v -2.713217 -0.195059 2.593578
v -2.713217 -0.278398 3.118432
v -2.822105 -0.256739 3.118432
v -2.754887 -0.094459 3.804187
v -2.713217 -0.102748 3.804187
v -2.713217 -0.225899 3.522883
v -2.802015 -0.208236 3.522883
v -2.877294 -0.157936 3.522883
v -2.927593 -0.082657 3.522883
v -2.945256 0.006141 3.522883
v -2.927593 0.094938 3.522883
v -2.877294 0.170217 3.522883
v -2.802015 0.220517 3.522883
v -2.713217 0.238180 3.522883
v -2.624419 0.220517 3.522883
v -2.549140 0.170217 3.522883
v -2.498840 0.094938 3.522883
v -2.481178 0.006140 3.522883
v -2.498841 -0.082657 3.522883
v -2.549140 -0.157936 3.522883
v -2.624420 -0.208236 3.522883
v -2.772550 -0.137101 3.723736
v -2.822850 -0.103492 3.723736
v -2.856459 -0.053192 3.723736
v -2.868261 0.006141 3.723736
v -2.856459 0.065473 3.723736
v -2.822850 0.115773 3.723736
v -2.772550 0.149382 3.723736
v -2.713217 0.161184 3.723736
v -2.653884 0.149382 3.723736
v -2.603584 0.115773 3.723736
v -2.569975 0.065473 3.723736
v -2.558173 0.006140 3.723736
v -2.569975 -0.053192 3.723736
v -2.603585 -0.103492 3.723736
v -2.653884 -0.137101 3.723736
v -2.713217 -0.148903 3.723736
v -2.817961 -0.246734 3.260457
v -2.906759 -0.187401 3.260457
v -2.966091 -0.098603 3.260457
v -2.986926 0.006141 3.260457
v -2.966091 0.110885 3.260457
v -2.906759 0.199682 3.260457
v -2.817961 0.259015 3.260457
v -2.713217 0.279850 3.260457
v -2.608473 0.259015 3.260457
v -2.519675 0.199682 3.260457
v -2.460343 0.110884 3.260457
v -2.439508 0.006140 3.260457
v -2.460343 -0.098604 3.260457
v -2.519676 -0.187401 3.260457
v -2.608473 -0.246734 3.260457
v -2.713217 -0.267569 3.260457
v -2.817961 -0.246734 2.976407
v -2.906759 -0.187401 2.976407
v -2.966091 -0.098603 2.976407
v -2.986926 0.006141 2.976407
v -2.966091 0.110885 2.976407
v -2.906759 0.199682 2.976407
v -2.817961 0.259015 2.976407
v -2.713217 0.279850 2.976407
v -2.608473 0.259015 2.976407
v -2.519675 0.199682 2.976407
v -2.460343 0.110884 2.976407
v -2.439508 0.006140 2.976407
v -2.460343 -0.098604 2.976407
v -2.519676 -0.187401 2.976407
v -2.608473 -0.246734 2.976407
v -2.713217 -0.267569 2.976407
v -2.621044 0.074653 -0.000001
v -2.621044 0.074653 2.373015
v -2.621044 -0.062372 -0.000001
v -2.621044 -0.062372 2.373015
v -2.758069 0.074653 -0.000001
v -2.758069 0.074653 2.373015
v -2.758069 -0.062372 -0.000001
v -2.758069 -0.062372 2.373015
v -2.826735 0.055070 1.893344
v -2.741212 0.096630 2.019906
v -2.738118 -0.127288 1.893344
v -2.652595 -0.085728 2.019906
v -3.028039 0.087829 2.696405
v -2.942516 0.129389 2.822967
v -2.836754 -0.305802 2.696405
v -2.751231 -0.264243 2.822967
v -2.782221 -0.036532 1.893344
v -2.696698 0.005028 2.019906
v -3.117632 -0.199525 3.189183
v -3.032109 -0.157965 3.315745
v -2.643707 -0.245314 2.237652
v -2.558184 -0.203754 2.364214
v -2.854414 0.188286 2.237652
v -2.768892 0.229846 2.364214
v -2.788791 -0.039724 2.375700
v -2.874314 -0.081284 2.249138
v -2.561437 -0.045609 2.128730
v -2.646960 -0.087169 2.255292
v -2.650054 0.136749 2.128730
v -2.735577 0.095189 2.255292
v -2.360133 -0.078368 2.931792
v -2.445657 -0.119928 3.058353
v -2.551419 0.315264 2.931792
v -2.636942 0.273704 3.058353
v -2.605951 0.045993 2.128730
v -2.691474 0.004433 2.255292
v -2.270540 0.208986 3.424569
v -2.356063 0.167426 3.551131
v -2.744465 0.254775 2.473039
v -2.829988 0.213215 2.599600
v -2.533758 -0.178825 2.473039
v -2.619281 -0.220385 2.599600
v -2.599381 0.049185 2.611086
v -2.513859 0.090745 2.484524
v -2.746756 -0.060586 1.185705
v -2.746756 -0.040510 1.263918
v -2.643334 -0.060586 1.185704
v -2.643334 -0.040510 1.263918
v -2.806666 -0.296056 1.531526
v -2.806666 -0.275979 1.609739
v -2.583423 -0.296056 1.531526
v -2.583423 -0.275980 1.609739
v -2.694805 -0.060586 1.185705
v -2.694805 -0.040510 1.263918
v -2.694805 -0.489486 1.723437
v -2.694805 -0.469409 1.801651
v -2.568135 -0.112153 1.354453
v -2.568135 -0.092076 1.432666
v -2.814046 -0.112153 1.354453
v -2.814046 -0.092076 1.432666
v -2.694805 -0.158271 1.411561
v -2.694805 -0.178348 1.333348
v -2.641417 0.062796 1.159618
v -2.641417 0.028524 1.232733
v -2.744838 0.062796 1.159618
v -2.744838 0.028524 1.232733
v -2.581506 0.229842 1.543198
v -2.581506 0.195570 1.616313
v -2.804749 0.229842 1.543198
v -2.804749 0.195570 1.616313
v -2.693367 0.062796 1.159618
v -2.693367 0.028524 1.232733
v -2.693367 0.384206 1.767735
v -2.693367 0.349934 1.840850
v -2.820037 0.082079 1.335012
v -2.820037 0.047807 1.408127
v -2.574127 0.082079 1.335012
v -2.574127 0.047807 1.408127
v -2.693367 0.116772 1.399701
v -2.693367 0.151044 1.326586
v -2.758754 -0.033073 0.553979
v -2.749830 -0.015089 0.632192
v -2.666112 -0.079046 0.553979
v -2.657187 -0.061062 0.632192
v -2.917092 -0.217367 0.899800
v -2.908167 -0.199383 0.978013
v -2.717118 -0.316604 0.899800
v -2.708193 -0.298620 0.978013
v -2.712218 -0.056166 0.553979
v -2.703294 -0.038182 0.632192
v -2.902874 -0.440360 1.091712
v -2.893949 -0.422376 1.169925
v -2.621674 -0.158665 0.722727
v -2.612750 -0.140681 0.800941
v -2.841953 -0.049353 0.722727
v -2.833028 -0.031369 0.800940
v -2.755641 -0.143669 0.779835
v -2.764566 -0.161653 0.701622
v -2.609548 0.030623 0.527892
v -2.624783 -0.000077 0.601007
v -2.702190 0.076597 0.527892
v -2.717425 0.045897 0.601007
v -2.481626 0.153627 0.911472
v -2.496861 0.122927 0.984587
v -2.681600 0.252863 0.911472
v -2.696835 0.222163 0.984587
v -2.656084 0.053717 0.527892
v -2.671319 0.023017 0.601007
v -2.513210 0.341625 1.136009
v -2.528445 0.310925 1.209124
v -2.760979 0.127298 0.703287
v -2.776214 0.096598 0.776402
v -2.540700 0.017985 0.703287
v -2.555935 -0.012715 0.776401
v -2.632090 0.102067 0.767975
v -2.616856 0.132767 0.694860
v -2.727109 -0.078089 1.721627
v -2.734982 -0.059621 1.799840
v -2.631971 -0.037532 1.721627
v -2.639844 -0.019064 1.799840
v -2.689881 -0.318192 2.067448
v -2.697753 -0.299724 2.145661
v -2.484519 -0.230647 2.067448
v -2.492392 -0.212178 2.145661
v -2.679320 -0.057717 1.721627
v -2.687193 -0.039248 1.799840
v -2.511125 -0.452262 2.259359
v -2.518998 -0.433793 2.337573
v -2.542574 -0.055479 1.890375
v -2.550447 -0.037011 1.968588
v -2.768787 -0.151914 1.890375
v -2.776660 -0.133445 1.968588
v -2.641012 -0.147577 1.947483
v -2.633139 -0.166046 1.869270
v -2.678592 0.076719 1.695539
v -2.665152 0.045192 1.768654
v -2.773730 0.036162 1.695539
v -2.760290 0.004635 1.768654
v -2.688988 0.253879 2.079120
v -2.675549 0.222352 2.152235
v -2.894350 0.166334 2.079120
v -2.880909 0.134806 2.152235
v -2.726382 0.056346 1.695539
v -2.712942 0.024819 1.768654
v -2.852424 0.352011 2.303657
v -2.838984 0.320484 2.376772
v -2.850467 0.024411 1.870934
v -2.837027 -0.007116 1.944049
v -2.624254 0.120846 1.870934
v -2.610814 0.089318 1.944049
v -2.747549 0.105999 1.935623
v -2.760989 0.137526 1.862508
v -4.093026 -0.172140 3.643286
v -4.093026 -0.226794 3.402481
v -4.093026 -0.226794 2.834383
v -4.093026 -0.090344 2.432677
v -4.129950 -0.083000 3.804187
v -4.161252 -0.158569 3.643286
v -4.182167 -0.209063 3.402481
v -4.189511 -0.226794 3.118432
v -4.182167 -0.209063 2.834383
v -4.161252 -0.158569 2.593578
v -4.129950 -0.083000 2.432677
v -4.161252 -0.062085 3.804187
v -4.219090 -0.119923 3.643286
v -4.257736 -0.158569 3.402481
v -4.271307 -0.172140 3.118432
v -4.257736 -0.158569 2.834383
v -4.219090 -0.119923 2.593578
v -4.161252 -0.062085 2.432677
v -4.182167 -0.030783 3.804187
v -4.257736 -0.062084 3.643286
v -4.308230 -0.083000 3.402481
v -4.325961 -0.090344 3.118432
v -4.308230 -0.083000 2.834383
v -4.257736 -0.062084 2.593578
v -4.182167 -0.030783 2.432677
v -4.189511 0.006141 3.804187
v -4.271307 0.006141 3.643286
v -4.325961 0.006141 3.402481
v -4.345153 0.006141 3.118432
v -4.325961 0.006141 2.834383
v -4.271307 0.006141 2.593578
v -4.189511 0.006141 2.432677
v -4.182167 0.043064 3.804187
v -4.257736 0.074366 3.643286
v -4.308230 0.095281 3.402481
v -4.325961 0.102625 3.118432
v -4.308230 0.095281 2.834383
v -4.257736 0.074366 2.593578
v -4.182167 0.043064 2.432677
v -4.161252 0.074366 3.804187
v -4.219090 0.132204 3.643286
v -4.257736 0.170850 3.402481
v -4.271307 0.184421 3.118432
v -4.257736 0.170850 2.834383
v -4.219090 0.132204 2.593578
v -4.161252 0.074366 2.432677
v -4.129949 0.095281 3.804187
v -4.161252 0.170850 3.643286
v -4.182167 0.221344 3.402481
v -4.189511 0.239075 3.118432
v -4.182167 0.221344 2.834383
v -4.161252 0.170850 2.593578
v -4.129949 0.095281 2.432677
v -4.093026 0.006141 3.860687
v -4.093026 0.102625 3.804187
v -4.093026 0.184421 3.643286
v -4.093026 0.239075 3.402481
v -4.093026 0.258267 3.118432
v -4.093026 0.239075 2.834383
v -4.093026 0.184421 2.593578
v -4.093026 0.102625 2.432677
v -4.056103 0.095281 3.804187
v -4.024801 0.170850 3.643286
v -4.003886 0.221344 3.402481
v -3.996542 0.239075 3.118432
v -4.003886 0.221344 2.834383
v -4.024801 0.170850 2.593578
v -4.056103 0.095281 2.432677
v -4.024801 0.074366 3.804187
v -3.966963 0.132204 3.643286
v -3.928316 0.170850 3.402481
v -3.914746 0.184421 3.118432
v -3.928316 0.170850 2.834383
v -3.966963 0.132204 2.593578
v -4.024801 0.074366 2.432677
v -4.093026 0.006141 2.376176
v -4.003886 0.043064 3.804187
v -3.928316 0.074366 3.643286
v -3.877822 0.095281 3.402481
v -3.860091 0.102625 3.118432
v -3.877822 0.095281 2.834383
v -3.928316 0.074366 2.593578
v -4.003886 0.043064 2.432677
v -3.996542 0.006141 3.804187
v -3.914746 0.006140 3.643286
v -3.860091 0.006140 3.402481
v -3.840899 0.006140 3.118432
v -3.860091 0.006140 2.834383
v -3.914746 0.006140 2.593578
v -3.996542 0.006140 2.432677
v -4.003886 -0.030783 3.804187
v -3.928316 -0.062085 3.643286
v -3.877822 -0.083000 3.402481
v -3.860091 -0.090344 3.118432
v -3.877822 -0.083000 2.834383
v -3.928316 -0.062085 2.593578
v -4.003886 -0.030783 2.432677
v -4.024801 -0.062085 3.804187
v -3.966963 -0.119923 3.643286
v -3.928317 -0.158569 3.402481
v -3.914746 -0.172140 3.118432
v -3.928317 -0.158569 2.834383
v -3.966963 -0.119923 2.593578
v -4.024801 -0.062085 2.432677
v -4.056103 -0.083000 3.804187
v -4.024801 -0.158569 3.643286
v -4.003886 -0.209063 3.402481
v -3.996542 -0.226794 3.118432
v -4.003886 -0.209063 2.834383
v -4.024801 -0.158569 2.593578
v -4.056103 -0.083000 2.432677
v -4.093026 -0.090344 3.804187
v -4.093027 -0.245986 3.118432
v -4.093026 -0.172140 2.593578
v -4.093026 -0.199467 3.522883
v -4.171709 -0.183816 3.522883
v -4.238413 -0.139246 3.522883
v -4.282983 -0.072542 3.522883
v -4.298634 0.006141 3.522883
v -4.282983 0.084823 3.522883
v -4.238413 0.151527 3.522883
v -4.171709 0.196097 3.522883
v -4.093026 0.211748 3.522883
v -4.014343 0.196097 3.522883
v -3.947639 0.151527 3.522883
v -3.903069 0.084823 3.522883
v -3.887419 0.006140 3.522883
v -3.903069 -0.072542 3.522883
v -3.947639 -0.139246 3.522883
v -4.014344 -0.183816 3.522883
v -4.145600 -0.120785 3.723736
v -4.190170 -0.091004 3.723736
v -4.219951 -0.046434 3.723736
v -4.230409 0.006141 3.723736
v -4.219951 0.058715 3.723736
v -4.190170 0.103285 3.723736
v -4.145600 0.133066 3.723736
v -4.093026 0.143523 3.723736
v -4.040452 0.133066 3.723736
v -3.995882 0.103285 3.723736
v -3.966101 0.058715 3.723736
v -3.955644 0.006140 3.723736
v -3.966101 -0.046434 3.723736
v -3.995882 -0.091004 3.723736
v -4.040452 -0.120785 3.723736
v -4.093026 -0.131242 3.723736
v -4.185839 -0.217929 3.260457
v -4.264522 -0.165355 3.260457
v -4.317096 -0.086672 3.260457
v -4.335557 0.006141 3.260457
v -4.317096 0.098953 3.260457
v -4.264522 0.177636 3.260457
v -4.185839 0.230210 3.260457
v -4.093026 0.248671 3.260457
v -4.000214 0.230210 3.260457
v -3.921531 0.177636 3.260457
v -3.868957 0.098953 3.260457
v -3.850495 0.006140 3.260457
v -3.868957 -0.086672 3.260457
v -3.921531 -0.165355 3.260457
v -4.000214 -0.217929 3.260457
v -4.093026 -0.236390 3.260457
v -4.185839 -0.217929 2.976407
v -4.264522 -0.165355 2.976407
v -4.317096 -0.086672 2.976407
v -4.335557 0.006141 2.976407
v -4.317096 0.098953 2.976407
v -4.264522 0.177636 2.976407
v -4.185839 0.230210 2.976407
v -4.093026 0.248671 2.976407
v -4.000214 0.230210 2.976407
v -3.921531 0.177636 2.976407
v -3.868957 0.098953 2.976407
v -3.850495 0.006140 2.976407
v -3.868957 -0.086672 2.976407
v -3.921531 -0.165355 2.976407
v -4.000214 -0.217929 2.976407
v -4.093026 -0.236390 2.976407
v -4.193625 -0.236729 2.834383
v -4.170022 -0.179743 2.593578
v -4.093026 -0.256739 2.834383
v -4.193625 -0.236728 3.402481
v -4.093026 -0.256739 3.402481
v -4.093026 -0.195059 3.643286
v -4.170022 -0.179743 3.643286
v -4.278910 -0.179743 2.834383
v -4.235296 -0.136129 2.593578
v -4.335895 -0.094459 2.834383
v -4.278910 -0.070855 2.593578
v -4.355906 -0.102748 3.118432
v -4.294225 -0.195059 3.118432
v -4.278910 -0.179743 3.402481
v -4.335895 -0.094459 3.402481
v -4.278910 -0.070855 3.643286
v -4.235296 -0.136129 3.643286
v -4.170022 -0.070855 3.804187
v -4.193625 -0.035529 3.804187
v -4.355906 0.006141 2.834383
v -4.294225 0.006141 2.593578
v -4.335895 0.106740 2.834383
v -4.278910 0.083136 2.593578
v -4.335895 0.106740 3.402481
v -4.355906 0.006141 3.402481
v -4.294225 0.006141 3.643286
v -4.278910 0.083136 3.643286
v -4.193625 0.047810 3.804187
v -4.201914 0.006141 3.804187
v -4.355906 0.115029 3.118432
v -4.377565 0.006141 3.118432
v -4.278910 0.192025 2.834383
v -4.235296 0.148410 2.593578
v -4.193625 0.249010 2.834383
v -4.170022 0.192024 2.593578
v -4.170022 0.192024 3.643286
v -4.235296 0.148410 3.643286
v -4.170022 0.083136 3.804187
v -4.134696 0.106740 3.804187
v -4.294225 0.207340 3.118432
v -4.201914 0.269020 3.118432
v -4.193625 0.249010 3.402481
v -4.278910 0.192025 3.402481
v -4.093026 0.269020 2.834383
v -4.093026 0.207340 2.593578
v -3.992426 0.249010 2.834383
v -4.016030 0.192024 2.593578
v -4.051357 0.106740 3.804187
v -4.093026 0.115029 3.804187
v -3.984138 0.269020 3.118432
v -4.093026 0.290679 3.118432
v -4.093026 0.269020 3.402481
v -3.992426 0.249010 3.402481
v -4.016030 0.192024 3.643286
v -4.093026 0.207340 3.643286
v -3.907142 0.192024 2.834383
v -3.950757 0.148410 2.593578
v -3.850157 0.106740 2.834383
v -3.907142 0.083136 2.593578
v -3.891827 0.207340 3.118432
v -3.830147 0.115029 3.118432
v -3.850157 0.106740 3.402481
v -3.907142 0.192024 3.402481
v -3.950757 0.148410 3.643286
v -3.907142 0.083136 3.643286
v -3.992426 0.047810 3.804187
v -4.016031 0.083136 3.804187
v -3.830147 0.006140 2.834383
v -3.891827 0.006140 2.593578
v -3.850157 -0.094459 2.834383
v -3.907142 -0.070855 2.593578
v -3.830147 -0.102748 3.118432
v -3.808487 0.006140 3.118432
v -3.830147 0.006140 3.402481
v -3.850157 -0.094459 3.402481
v -3.907142 -0.070855 3.643286
v -3.891827 0.006140 3.643286
v -3.984138 0.006140 3.804187
v -3.992426 -0.035529 3.804187
v -3.907142 -0.179743 2.834383
v -3.950757 -0.136129 2.593578
v -3.992427 -0.236728 2.834383
v -4.016031 -0.179743 2.593578
v -3.891827 -0.195059 3.118432
v -3.984138 -0.256739 3.118432
v -3.992427 -0.236728 3.402481
v -3.907142 -0.179743 3.402481
v -3.950757 -0.136129 3.643286
v -4.016031 -0.179743 3.643286
v -4.051357 -0.094459 3.804187
v -4.016031 -0.070855 3.804187
v -4.093026 -0.195059 2.593578
v -4.093027 -0.278398 3.118432
v -4.201914 -0.256739 3.118432
v -4.134696 -0.094459 3.804187
v -4.093026 -0.102748 3.804187
v -4.093026 -0.225899 3.522883
v -4.181824 -0.208236 3.522883
v -4.257102 -0.157936 3.522883
v -4.307403 -0.082657 3.522883
v -4.325066 0.006141 3.522883
v -4.307403 0.094938 3.522883
v -4.257102 0.170217 3.522883
v -4.181824 0.220517 3.522883
v -4.093026 0.238180 3.522883
v -4.004229 0.220517 3.522883
v -3.928949 0.170217 3.522883
v -3.878650 0.094938 3.522883
v -3.860987 0.006140 3.522883
v -3.878650 -0.082657 3.522883
v -3.928950 -0.157936 3.522883
v -4.004229 -0.208236 3.522883
v -4.152359 -0.137101 3.723736
v -4.202659 -0.103492 3.723736
v -4.236268 -0.053192 3.723736
v -4.248070 0.006141 3.723736
v -4.236268 0.065473 3.723736
v -4.202659 0.115773 3.723736
v -4.152359 0.149382 3.723736
v -4.093026 0.161184 3.723736
v -4.033693 0.149382 3.723736
v -3.983393 0.115773 3.723736
v -3.949784 0.065473 3.723736
v -3.937982 0.006140 3.723736
v -3.949784 -0.053192 3.723736
v -3.983394 -0.103492 3.723736
v -4.033694 -0.137101 3.723736
v -4.093026 -0.148903 3.723736
v -4.197770 -0.246734 3.260457
v -4.286568 -0.187401 3.260457
v -4.345901 -0.098603 3.260457
v -4.366735 0.006141 3.260457
v -4.345900 0.110885 3.260457
v -4.286568 0.199682 3.260457
v -4.197770 0.259015 3.260457
v -4.093026 0.279850 3.260457
v -3.988282 0.259015 3.260457
v -3.899485 0.199682 3.260457
v -3.840152 0.110884 3.260457
v -3.819317 0.006140 3.260457
v -3.840152 -0.098604 3.260457
v -3.899485 -0.187401 3.260457
v -3.988282 -0.246734 3.260457
v -4.093026 -0.267569 3.260457
v -4.197770 -0.246734 2.976407
v -4.286568 -0.187401 2.976407
v -4.345901 -0.098603 2.976407
v -4.366735 0.006141 2.976407
v -4.345900 0.110885 2.976407
v -4.286568 0.199682 2.976407
v -4.197770 0.259015 2.976407
v -4.093026 0.279850 2.976407
v -3.988282 0.259015 2.976407
v -3.899485 0.199682 2.976407
v -3.840152 0.110884 2.976407
v -3.819317 0.006140 2.976407
v -3.840152 -0.098604 2.976407
v -3.899485 -0.187401 2.976407
v -3.988282 -0.246734 2.976407
v -4.093026 -0.267569 2.976407
v -4.000853 0.074653 -0.000001
v -4.000853 0.074653 2.373015
v -4.000853 -0.062372 -0.000001
v -4.000853 -0.062372 2.373015
v -4.137878 0.074653 -0.000001
v -4.137878 0.074653 2.373015
v -4.137878 -0.062372 -0.000001
v -4.137878 -0.062372 2.373015
v -4.206544 0.055070 1.893344
v -4.121021 0.096630 2.019906
v -4.117927 -0.127288 1.893344
v -4.032404 -0.085728 2.019906
v -4.407848 0.087829 2.696405
v -4.322325 0.129389 2.822967
v -4.216563 -0.305802 2.696405
v -4.131040 -0.264243 2.822967
v -4.162030 -0.036532 1.893344
v -4.076507 0.005028 2.019906
v -4.497441 -0.199525 3.189183
v -4.411919 -0.157965 3.315745
v -4.023517 -0.245314 2.237652
v -3.937993 -0.203754 2.364214
v -4.234224 0.188286 2.237652
v -4.148701 0.229846 2.364214
v -4.168600 -0.039724 2.375700
v -4.254123 -0.081284 2.249138
v -3.941247 -0.045609 2.128730
v -4.026770 -0.087169 2.255292
v -4.029863 0.136749 2.128730
v -4.115386 0.095189 2.255292
v -3.739943 -0.078368 2.931792
v -3.825466 -0.119928 3.058353
v -3.931228 0.315264 2.931792
v -4.016751 0.273704 3.058353
v -3.985760 0.045993 2.128730
v -4.071283 0.004433 2.255292
v -3.650349 0.208986 3.424569
v -3.735872 0.167426 3.551131
v -4.124274 0.254775 2.473039
v -4.209797 0.213215 2.599600
v -3.913567 -0.178825 2.473039
v -3.999090 -0.220385 2.599600
v -3.979191 0.049185 2.611086
v -3.893668 0.090745 2.484524
v -4.126565 -0.060586 1.185705
v -4.126565 -0.040510 1.263918
v -4.023143 -0.060586 1.185704
v -4.023143 -0.040510 1.263918
v -4.186475 -0.296056 1.531526
v -4.186475 -0.275979 1.609739
v -3.963232 -0.296056 1.531526
v -3.963232 -0.275980 1.609739
v -4.074614 -0.060586 1.185705
v -4.074614 -0.040510 1.263918
v -4.074614 -0.489486 1.723437
v -4.074614 -0.469409 1.801651
v -3.947944 -0.112153 1.354453
v -3.947944 -0.092076 1.432666
v -4.193854 -0.112153 1.354453
v -4.193854 -0.092076 1.432666
v -4.074614 -0.158271 1.411561
v -4.074614 -0.178348 1.333348
v -4.021226 0.062796 1.159618
v -4.021226 0.028524 1.232733
v -4.124648 0.062796 1.159618
v -4.124648 0.028524 1.232733
v -3.961315 0.229842 1.543198
v -3.961315 0.195570 1.616313
v -4.184558 0.229842 1.543198
v -4.184558 0.195570 1.616313
v -4.073176 0.062796 1.159618
v -4.073176 0.028524 1.232733
v -4.073176 0.384206 1.767735
v -4.073176 0.349934 1.840850
v -4.199846 0.082079 1.335012
v -4.199846 0.047807 1.408127
v -3.953936 0.082079 1.335012
v -3.953936 0.047807 1.408127
v -4.073176 0.116772 1.399701
v -4.073176 0.151044 1.326586
v -4.138563 -0.033073 0.553979
v -4.129638 -0.015089 0.632192
v -4.045921 -0.079046 0.553979
v -4.036996 -0.061062 0.632192
v -4.296901 -0.217367 0.899800
v -4.287976 -0.199383 0.978013
v -4.096927 -0.316604 0.899800
v -4.088003 -0.298620 0.978013
v -4.092027 -0.056166 0.553979
v -4.083103 -0.038182 0.632192
v -4.282683 -0.440360 1.091712
v -4.273758 -0.422376 1.169925
v -4.001483 -0.158665 0.722727
v -3.992559 -0.140681 0.800941
v -4.221762 -0.049353 0.722727
v -4.212837 -0.031369 0.800940
v -4.135450 -0.143669 0.779835
v -4.144375 -0.161653 0.701622
v -3.989357 0.030623 0.527892
v -4.004592 -0.000077 0.601007
v -4.082000 0.076597 0.527892
v -4.097234 0.045897 0.601007
v -3.861435 0.153627 0.911472
v -3.876670 0.122927 0.984587
v -4.061409 0.252863 0.911472
v -4.076644 0.222163 0.984587
v -4.035893 0.053717 0.527892
v -4.051128 0.023017 0.601007
v -3.893019 0.341625 1.136009
v -3.908254 0.310925 1.209124
v -4.140788 0.127298 0.703287
v -4.156023 0.096598 0.776402
v -3.920510 0.017985 0.703287
v -3.935745 -0.012715 0.776401
v -4.011899 0.102067 0.767975
v -3.996665 0.132767 0.694860
v -4.106918 -0.078089 1.721627
v -4.114791 -0.059621 1.799840
v -4.011780 -0.037532 1.721627
v -4.019653 -0.019064 1.799840
v -4.069690 -0.318192 2.067448
v -4.077563 -0.299724 2.145661
v -3.864328 -0.230647 2.067448
v -3.872201 -0.212178 2.145661
v -4.059129 -0.057717 1.721627
v -4.067002 -0.039248 1.799840
v -3.890934 -0.452262 2.259359
v -3.898808 -0.433793 2.337573
v -3.922383 -0.055479 1.890375
v -3.930256 -0.037011 1.968588
v -4.148596 -0.151914 1.890375
v -4.156469 -0.133445 1.968588
v -4.020821 -0.147577 1.947483
v -4.012949 -0.166046 1.869270
v -4.058402 0.076719 1.695539
v -4.044961 0.045192 1.768654
v -4.153539 0.036162 1.695539
v -4.140099 0.004635 1.768654
v -4.068798 0.253879 2.079120
v -4.055357 0.222352 2.152235
v -4.274159 0.166334 2.079120
v -4.260719 0.134806 2.152235
v -4.106191 0.056346 1.695539
v -4.092751 0.024819 1.768654
v -4.232233 0.352011 2.303657
v -4.218793 0.320484 2.376772
v -4.230277 0.024411 1.870934
v -4.216836 -0.007116 1.944049
v -4.004064 0.120846 1.870934
v -3.990623 0.089318 1.944049
v -4.127358 0.105999 1.935623
v -4.140798 0.137526 1.862508
v -4.093026 3.069466 3.643286
v -4.093026 3.014811 3.402481
v -4.093026 3.014811 2.834383
v -4.093026 3.151261 2.432677
v -4.129950 3.158606 3.804187
v -4.161252 3.083036 3.643286
v -4.182167 3.032542 3.402481
v -4.189511 3.014811 3.118432
v -4.182167 3.032542 2.834383
v -4.161252 3.083036 2.593578
v -4.129950 3.158606 2.432677
v -4.161252 3.179521 3.804187
v -4.219090 3.121683 3.643286
v -4.257736 3.083036 3.402481
v -4.271307 3.069466 3.118432
v -4.257736 3.083036 2.834383
v -4.219090 3.121683 2.593578
v -4.161252 3.179521 2.432677
v -4.182167 3.210823 3.804187
v -4.257736 3.179521 3.643286
v -4.308230 3.158606 3.402481
v -4.325961 3.151261 3.118432
v -4.308230 3.158606 2.834383
v -4.257736 3.179521 2.593578
v -4.182167 3.210823 2.432677
v -4.189511 3.247746 3.804187
v -4.271307 3.247746 3.643286
v -4.325961 3.247746 3.402481
v -4.345153 3.247746 3.118432
v -4.325961 3.247746 2.834383
v -4.271307 3.247746 2.593578
v -4.189511 3.247746 2.432677
v -4.182167 3.284669 3.804187
v -4.257736 3.315971 3.643286
v -4.308230 3.336886 3.402481
v -4.325961 3.344231 3.118432
v -4.308230 3.336886 2.834383
v -4.257736 3.315971 2.593578
v -4.182167 3.284669 2.432677
v -4.161252 3.315971 3.804187
v -4.219090 3.373810 3.643286
v -4.257736 3.412456 3.402481
v -4.271307 3.426027 3.118432
v -4.257736 3.412456 2.834383
v -4.219090 3.373810 2.593578
v -4.161252 3.315971 2.432677
v -4.129949 3.336886 3.804187
v -4.161252 3.412456 3.643286
v -4.182167 3.462950 3.402481
v -4.189511 3.480681 3.118432
v -4.182167 3.462950 2.834383
v -4.161252 3.412456 2.593578
v -4.129949 3.336886 2.432677
v -4.093026 3.247746 3.860687
v -4.093026 3.344231 3.804187
v -4.093026 3.426027 3.643286
v -4.093026 3.480681 3.402481
v -4.093026 3.499873 3.118432
v -4.093026 3.480681 2.834383
v -4.093026 3.426027 2.593578
v -4.093026 3.344231 2.432677
v -4.056103 3.336886 3.804187
v -4.024801 3.412456 3.643286
v -4.003886 3.462950 3.402481
v -3.996542 3.480681 3.118432
v -4.003886 3.462950 2.834383
v -4.024801 3.412456 2.593578
v -4.056103 3.336886 2.432677
v -4.024801 3.315971 3.804187
v -3.966963 3.373810 3.643286
v -3.928316 3.412456 3.402481
v -3.914746 3.426027 3.118432
v -3.928316 3.412456 2.834383
v -3.966963 3.373810 2.593578
v -4.024801 3.315971 2.432677
v -4.093026 3.247746 2.376176
v -4.003886 3.284669 3.804187
v -3.928316 3.315971 3.643286
v -3.877822 3.336886 3.402481
v -3.860091 3.344231 3.118432
v -3.877822 3.336886 2.834383
v -3.928316 3.315971 2.593578
v -4.003886 3.284669 2.432677
v -3.996542 3.247746 3.804187
v -3.914746 3.247746 3.643286
v -3.860091 3.247746 3.402481
v -3.840899 3.247746 3.118432
v -3.860091 3.247746 2.834383
v -3.914746 3.247746 2.593578
v -3.996542 3.247746 2.432677
v -4.003886 3.210823 3.804187
v -3.928316 3.179521 3.643286
v -3.877822 3.158606 3.402481
v -3.860091 3.151261 3.118432
v -3.877822 3.158606 2.834383
v -3.928316 3.179521 2.593578
v -4.003886 3.210823 2.432677
v -4.024801 3.179521 3.804187
v -3.966963 3.121683 3.643286
v -3.928317 3.083036 3.402481
v -3.914746 3.069465 3.118432
v -3.928317 3.083036 2.834383
v -3.966963 3.121683 2.593578
v -4.024801 3.179521 2.432677
v -4.056103 3.158606 3.804187
v -4.024801 3.083036 3.643286
v -4.003886 3.032542 3.402481
v -3.996542 3.014811 3.118432
v -4.003886 3.032542 2.834383
v -4.024801 3.083036 2.593578
v -4.056103 3.158606 2.432677
v -4.093026 3.151261 3.804187
v -4.093027 2.995619 3.118432
v -4.093026 3.069466 2.593578
v -4.093026 3.042138 3.522883
v -4.171709 3.057789 3.522883
v -4.238413 3.102360 3.522883
v -4.282983 3.169064 3.522883
v -4.298634 3.247746 3.522883
v -4.282983 3.326429 3.522883
v -4.238413 3.393133 3.522883
v -4.171709 3.437703 3.522883
v -4.093026 3.453354 3.522883
v -4.014343 3.437703 3.522883
v -3.947639 3.393133 3.522883
v -3.903069 3.326429 3.522883
v -3.887419 3.247746 3.522883
v -3.903069 3.169064 3.522883
v -3.947639 3.102360 3.522883
v -4.014344 3.057790 3.522883
v -4.145600 3.120821 3.723736
v -4.190170 3.150602 3.723736
v -4.219951 3.195172 3.723736
v -4.230409 3.247746 3.723736
v -4.219951 3.300320 3.723736
v -4.190170 3.344891 3.723736
v -4.145600 3.374671 3.723736
v -4.093026 3.385129 3.723736
v -4.040452 3.374671 3.723736
v -3.995882 3.344890 3.723736
v -3.966101 3.300320 3.723736
v -3.955644 3.247746 3.723736
v -3.966101 3.195172 3.723736
v -3.995882 3.150602 3.723736
v -4.040452 3.120821 3.723736
v -4.093026 3.110363 3.723736
v -4.185839 3.023677 3.260457
v -4.264522 3.076251 3.260457
v -4.317096 3.154934 3.260457
v -4.335557 3.247746 3.260457
v -4.317096 3.340559 3.260457
v -4.264522 3.419241 3.260457
v -4.185839 3.471815 3.260457
v -4.093026 3.490277 3.260457
v -4.000214 3.471815 3.260457
v -3.921531 3.419241 3.260457
v -3.868957 3.340559 3.260457
v -3.850495 3.247746 3.260457
v -3.868957 3.154934 3.260457
v -3.921531 3.076251 3.260457
v -4.000214 3.023677 3.260457
v -4.093026 3.005215 3.260457
v -4.185839 3.023677 2.976407
v -4.264522 3.076251 2.976407
v -4.317096 3.154934 2.976407
v -4.335557 3.247746 2.976407
v -4.317096 3.340559 2.976407
v -4.264522 3.419241 2.976407
v -4.185839 3.471815 2.976407
v -4.093026 3.490277 2.976407
v -4.000214 3.471815 2.976407
v -3.921531 3.419241 2.976407
v -3.868957 3.340559 2.976407
v -3.850495 3.247746 2.976407
v -3.868957 3.154934 2.976407
v -3.921531 3.076251 2.976407
v -4.000214 3.023677 2.976407
v -4.093026 3.005215 2.976407
v -4.193625 3.004877 2.834383
v -4.170022 3.061862 2.593578
v -4.093026 2.984867 2.834383
v -4.193625 3.004877 3.402481
v -4.093026 2.984867 3.402481
v -4.093026 3.046547 3.643286
v -4.170022 3.061862 3.643286
v -4.278910 3.061862 2.834383
v -4.235296 3.105477 2.593578
v -4.335895 3.147146 2.834383
v -4.278910 3.170750 2.593578
v -4.355906 3.138858 3.118432
v -4.294225 3.046547 3.118432
v -4.278910 3.061862 3.402481
v -4.335895 3.147146 3.402481
v -4.278910 3.170750 3.643286
v -4.235296 3.105477 3.643286
v -4.170022 3.170750 3.804187
v -4.193625 3.206076 3.804187
v -4.355906 3.247746 2.834383
v -4.294225 3.247746 2.593578
v -4.335895 3.348346 2.834383
v -4.278910 3.324742 2.593578
v -4.335895 3.348346 3.402481
v -4.355906 3.247746 3.402481
v -4.294225 3.247746 3.643286
v -4.278910 3.324742 3.643286
v -4.193625 3.289416 3.804187
v -4.201914 3.247746 3.804187
v -4.355906 3.356634 3.118432
v -4.377565 3.247746 3.118432
v -4.278910 3.433630 2.834383
v -4.235296 3.390016 2.593578
v -4.193625 3.490615 2.834383
v -4.170022 3.433630 2.593578
v -4.170022 3.433630 3.643286
v -4.235296 3.390016 3.643286
v -4.170022 3.324742 3.804187
v -4.134696 3.348346 3.804187
v -4.294225 3.448946 3.118432
v -4.201914 3.510626 3.118432
v -4.193625 3.490615 3.402481
v -4.278910 3.433630 3.402481
v -4.093026 3.510626 2.834383
v -4.093026 3.448945 2.593578
v -3.992426 3.490615 2.834383
v -4.016030 3.433630 2.593578
v -4.051357 3.348346 3.804187
v -4.093026 3.356634 3.804187
v -3.984138 3.510626 3.118432
v -4.093026 3.532285 3.118432
v -4.093026 3.510626 3.402481
v -3.992426 3.490615 3.402481
v -4.016030 3.433630 3.643286
v -4.093026 3.448945 3.643286
v -3.907142 3.433630 2.834383
v -3.950757 3.390015 2.593578
v -3.850157 3.348346 2.834383
v -3.907142 3.324742 2.593578
v -3.891827 3.448945 3.118432
v -3.830147 3.356634 3.118432
v -3.850157 3.348346 3.402481
v -3.907142 3.433630 3.402481
v -3.950757 3.390015 3.643286
v -3.907142 3.324742 3.643286
v -3.992426 3.289416 3.804187
v -4.016031 3.324742 3.804187
v -3.830147 3.247746 2.834383
v -3.891827 3.247746 2.593578
v -3.850157 3.147146 2.834383
v -3.907142 3.170750 2.593578
v -3.830147 3.138858 3.118432
v -3.808487 3.247746 3.118432
v -3.830147 3.247746 3.402481
v -3.850157 3.147146 3.402481
v -3.907142 3.170750 3.643286
v -3.891827 3.247746 3.643286
v -3.984138 3.247746 3.804187
v -3.992426 3.206076 3.804187
v -3.907142 3.061862 2.834383
v -3.950757 3.105477 2.593578
v -3.992427 3.004877 2.834383
v -4.016031 3.061862 2.593578
v -3.891827 3.046547 3.118432
v -3.984138 2.984867 3.118432
v -3.992427 3.004877 3.402481
v -3.907142 3.061862 3.402481
v -3.950757 3.105477 3.643286
v -4.016031 3.061862 3.643286
v -4.051357 3.147146 3.804187
v -4.016031 3.170750 3.804187
v -4.093026 3.046547 2.593578
v -4.093027 2.963207 3.118432
v -4.201914 2.984867 3.118432
v -4.134696 3.147146 3.804187
v -4.093026 3.138858 3.804187
v -4.093026 3.015707 3.522883
v -4.181824 3.033370 3.522883
v -4.257102 3.083669 3.522883
v -4.307403 3.158949 3.522883
v -4.325066 3.247746 3.522883
v -4.307403 3.336544 3.522883
v -4.257102 3.411823 3.522883
v -4.181824 3.462122 3.522883
v -4.093026 3.479785 3.522883
v -4.004229 3.462122 3.522883
v -3.928949 3.411823 3.522883
v -3.878650 3.336544 3.522883
v -3.860987 3.247746 3.522883
v -3.878650 3.158948 3.522883
v -3.928950 3.083669 3.522883
v -4.004229 3.033370 3.522883
v -4.152359 3.104504 3.723736
v -4.202659 3.138114 3.723736
v -4.236268 3.188413 3.723736
v -4.248070 3.247746 3.723736
v -4.236268 3.307079 3.723736
v -4.202659 3.357378 3.723736
v -4.152359 3.390988 3.723736
v -4.093026 3.402790 3.723736
v -4.033693 3.390988 3.723736
v -3.983393 3.357378 3.723736
v -3.949784 3.307079 3.723736
v -3.937982 3.247746 3.723736
v -3.949784 3.188413 3.723736
v -3.983394 3.138114 3.723736
v -4.033694 3.104504 3.723736
v -4.093026 3.092702 3.723736
v -4.197770 2.994872 3.260457
v -4.286568 3.054204 3.260457
v -4.345901 3.143002 3.260457
v -4.366735 3.247746 3.260457
v -4.345900 3.352490 3.260457
v -4.286568 3.441288 3.260457
v -4.197770 3.500620 3.260457
v -4.093026 3.521455 3.260457
v -3.988282 3.500620 3.260457
v -3.899485 3.441288 3.260457
v -3.840152 3.352490 3.260457
v -3.819317 3.247746 3.260457
v -3.840152 3.143002 3.260457
v -3.899485 3.054204 3.260457
v -3.988282 2.994872 3.260457
v -4.093026 2.974037 3.260457
v -4.197770 2.994872 2.976407
v -4.286568 3.054204 2.976407
v -4.345901 3.143002 2.976407
v -4.366735 3.247746 2.976407
v -4.345900 3.352490 2.976407
v -4.286568 3.441288 2.976407
v -4.197770 3.500620 2.976407
v -4.093026 3.521455 2.976407
v -3.988282 3.500620 2.976407
v -3.899485 3.441288 2.976407
v -3.840152 3.352490 2.976407
v -3.819317 3.247746 2.976407
v -3.840152 3.143002 2.976407
v -3.899485 3.054204 2.976407
v -3.988282 2.994872 2.976407
v -4.093026 2.974037 2.976407
v -4.000853 3.316259 -0.000001
v -4.000853 3.316259 2.373015
v -4.000853 3.179233 -0.000001
v -4.000853 3.179233 2.373015
v -4.137878 3.316259 -0.000001
v -4.137878 3.316259 2.373015
v -4.137878 3.179233 -0.000001
v -4.137878 3.179233 2.373015
v -4.206544 3.296676 1.893344
v -4.121021 3.338235 2.019906
v -4.117927 3.114317 1.893344
v -4.032404 3.155877 2.019906
v -4.407848 3.329435 2.696405
v -4.322325 3.370995 2.822967
v -4.216563 2.935803 2.696405
v -4.131040 2.977363 2.822967
v -4.162030 3.205074 1.893344
v -4.076507 3.246634 2.019906
v -4.497441 3.042081 3.189183
v -4.411919 3.083641 3.315745
v -4.023517 2.996292 2.237652
v -3.937993 3.037852 2.364214
v -4.234224 3.429891 2.237652
v -4.148701 3.471451 2.364214
v -4.168600 3.201881 2.375700
v -4.254123 3.160321 2.249138
v -3.941247 3.195997 2.128730
v -4.026770 3.154437 2.255292
v -4.029863 3.378355 2.128730
v -4.115386 3.336795 2.255292
v -3.739943 3.163238 2.931792
v -3.825466 3.121678 3.058353
v -3.931228 3.556869 2.931792
v -4.016751 3.515309 3.058353
v -3.985760 3.287598 2.128730
v -4.071283 3.246038 2.255292
v -3.650349 3.450591 3.424569
v -3.735872 3.409031 3.551131
v -4.124274 3.496380 2.473039
v -4.209797 3.454820 2.599600
v -3.913567 3.062781 2.473039
v -3.999090 3.021221 2.599600
v -3.979191 3.290791 2.611086
v -3.893668 3.332351 2.484524
v -4.126565 3.181020 1.185705
v -4.126565 3.201096 1.263918
v -4.023143 3.181020 1.185704
v -4.023143 3.201096 1.263918
v -4.186475 2.945550 1.531526
v -4.186475 2.965626 1.609739
v -3.963232 2.945549 1.531526
v -3.963232 2.965626 1.609739
v -4.074614 3.181020 1.185705
v -4.074614 3.201096 1.263918
v -4.074614 2.752120 1.723437
v -4.074614 2.772196 1.801651
v -3.947944 3.129453 1.354453
v -3.947944 3.149529 1.432666
v -4.193854 3.129453 1.354453
v -4.193854 3.149529 1.432666
v -4.074614 3.083334 1.411561
v -4.074614 3.063258 1.333348
v -4.021226 3.304401 1.159618
v -4.021226 3.270129 1.232733
v -4.124648 3.304402 1.159618
v -4.124648 3.270129 1.232733
v -3.961315 3.471448 1.543198
v -3.961315 3.437176 1.616313
v -4.184558 3.471448 1.543198
v -4.184558 3.437176 1.616313
v -4.073176 3.304402 1.159618
v -4.073176 3.270129 1.232733
v -4.073176 3.625812 1.767735
v -4.073176 3.591539 1.840850
v -4.199846 3.323685 1.335012
v -4.199846 3.289413 1.408127
v -3.953936 3.323685 1.335012
v -3.953936 3.289413 1.408127
v -4.073176 3.358378 1.399701
v -4.073176 3.392650 1.326586
v -4.138563 3.208533 0.553979
v -4.129638 3.226517 0.632192
v -4.045921 3.162560 0.553979
v -4.036996 3.180543 0.632192
v -4.296901 3.024238 0.899800
v -4.287976 3.042222 0.978013
v -4.096927 2.925001 0.899800
v -4.088003 2.942986 0.978013
v -4.092027 3.185440 0.553979
v -4.083103 3.203424 0.632192
v -4.282683 2.801245 1.091712
v -4.273758 2.819229 1.169925
v -4.001483 3.082941 0.722727
v -3.992559 3.100924 0.800941
v -4.221762 3.192253 0.722727
v -4.212837 3.210237 0.800940
v -4.135450 3.097937 0.779835
v -4.144375 3.079953 0.701622
v -3.989357 3.272229 0.527892
v -4.004592 3.241529 0.601007
v -4.082000 3.318202 0.527892
v -4.097234 3.287502 0.601007
v -3.861435 3.395232 0.911472
v -3.876670 3.364532 0.984587
v -4.061409 3.494469 0.911472
v -4.076644 3.463769 0.984587
v -4.035893 3.295322 0.527892
v -4.051128 3.264622 0.601007
v -3.893019 3.583231 1.136009
v -3.908254 3.552531 1.209124
v -4.140788 3.368903 0.703287
v -4.156023 3.338203 0.776402
v -3.920510 3.259591 0.703287
v -3.935745 3.228890 0.776401
v -4.011899 3.343672 0.767975
v -3.996665 3.374372 0.694860
v -4.106918 3.163516 1.721627
v -4.114791 3.181985 1.799840
v -4.011780 3.204073 1.721627
v -4.019653 3.222542 1.799840
v -4.069690 2.923413 2.067448
v -4.077563 2.941882 2.145661
v -3.864328 3.010959 2.067448
v -3.872201 3.029427 2.145661
v -4.059129 3.183889 1.721627
v -4.067002 3.202357 1.799840
v -3.890934 2.789344 2.259359
v -3.898808 2.807812 2.337573
v -3.922383 3.186126 1.890375
v -3.930256 3.204595 1.968588
v -4.148596 3.089692 1.890375
v -4.156469 3.108160 1.968588
v -4.020821 3.094028 1.947483
v -4.012949 3.075560 1.869270
v -4.058402 3.318325 1.695539
v -4.044961 3.286797 1.768654
v -4.153539 3.277767 1.695539
v -4.140099 3.246240 1.768654
v -4.068798 3.495485 2.079120
v -4.055357 3.463957 2.152235
v -4.274159 3.407939 2.079120
v -4.260719 3.376412 2.152235
v -4.106191 3.297952 1.695539
v -4.092751 3.266425 1.768654
v -4.232233 3.593617 2.303657
v -4.218793 3.562090 2.376772
v -4.230277 3.266017 1.870934
v -4.216836 3.234489 1.944049
v -4.004064 3.362451 1.870934
v -3.990623 3.330924 1.944049
v -4.127358 3.347605 1.935623
v -4.140798 3.379132 1.862508
v -2.713217 3.069466 3.643286
v -2.713217 3.014811 3.402481
v -2.713217 3.014811 2.834383
v -2.713217 3.151261 2.432677
v -2.750140 3.158606 3.804187
v -2.781442 3.083036 3.643286
v -2.802357 3.032542 3.402481
v -2.809702 3.014811 3.118432
v -2.802357 3.032542 2.834383
v -2.781442 3.083036 2.593578
v -2.750140 3.158606 2.432677
v -2.781442 3.179521 3.804187
v -2.839281 3.121683 3.643286
v -2.877927 3.083036 3.402481
v -2.891498 3.069466 3.118432
v -2.877927 3.083036 2.834383
v -2.839281 3.121683 2.593578
v -2.781442 3.179521 2.432677
v -2.802357 3.210823 3.804187
v -2.877927 3.179521 3.643286
v -2.928421 3.158606 3.402481
v -2.946152 3.151261 3.118432
v -2.928421 3.158606 2.834383
v -2.877927 3.179521 2.593578
v -2.802357 3.210823 2.432677
v -2.809702 3.247746 3.804187
v -2.891498 3.247746 3.643286
v -2.946152 3.247746 3.402481
v -2.965344 3.247746 3.118432
v -2.946152 3.247746 2.834383
v -2.891498 3.247746 2.593578
v -2.809702 3.247746 2.432677
v -2.802357 3.284669 3.804187
v -2.877927 3.315971 3.643286
v -2.928421 3.336886 3.402481
v -2.946152 3.344231 3.118432
v -2.928421 3.336886 2.834383
v -2.877927 3.315971 2.593578
v -2.802357 3.284669 2.432677
v -2.781442 3.315971 3.804187
v -2.839281 3.373810 3.643286
v -2.877927 3.412456 3.402481
v -2.891498 3.426027 3.118432
v -2.877927 3.412456 2.834383
v -2.839281 3.373810 2.593578
v -2.781442 3.315971 2.432677
v -2.750140 3.336886 3.804187
v -2.781442 3.412456 3.643286
v -2.802357 3.462950 3.402481
v -2.809702 3.480681 3.118432
v -2.802357 3.462950 2.834383
v -2.781442 3.412456 2.593578
v -2.750140 3.336886 2.432677
v -2.713217 3.247746 3.860687
v -2.713217 3.344231 3.804187
v -2.713217 3.426027 3.643286
v -2.713217 3.480681 3.402481
v -2.713217 3.499873 3.118432
v -2.713217 3.480681 2.834383
v -2.713217 3.426027 2.593578
v -2.713217 3.344231 2.432677
v -2.676294 3.336886 3.804187
v -2.644992 3.412456 3.643286
v -2.624077 3.462950 3.402481
v -2.616732 3.480681 3.118432
v -2.624077 3.462950 2.834383
v -2.644992 3.412456 2.593578
v -2.676294 3.336886 2.432677
v -2.644992 3.315971 3.804187
v -2.587153 3.373810 3.643286
v -2.548507 3.412456 3.402481
v -2.534936 3.426027 3.118432
v -2.548507 3.412456 2.834383
v -2.587153 3.373810 2.593578
v -2.644992 3.315971 2.432677
v -2.713217 3.247746 2.376176
v -2.624077 3.284669 3.804187
v -2.548507 3.315971 3.643286
v -2.498013 3.336886 3.402481
v -2.480282 3.344231 3.118432
v -2.498013 3.336886 2.834383
v -2.548507 3.315971 2.593578
v -2.624077 3.284669 2.432677
v -2.616732 3.247746 3.804187
v -2.534936 3.247746 3.643286
v -2.480282 3.247746 3.402481
v -2.461090 3.247746 3.118432
v -2.480282 3.247746 2.834383
v -2.534936 3.247746 2.593578
v -2.616732 3.247746 2.432677
v -2.624077 3.210823 3.804187
v -2.548507 3.179521 3.643286
v -2.498013 3.158606 3.402481
v -2.480282 3.151261 3.118432
v -2.498013 3.158606 2.834383
v -2.548507 3.179521 2.593578
v -2.624077 3.210823 2.432677
v -2.644992 3.179521 3.804187
v -2.587154 3.121683 3.643286
v -2.548507 3.083036 3.402481
v -2.534937 3.069465 3.118432
v -2.548507 3.083036 2.834383
v -2.587154 3.121683 2.593578
v -2.644992 3.179521 2.432677
v -2.676294 3.158606 3.804187
v -2.644992 3.083036 3.643286
v -2.624077 3.032542 3.402481
v -2.616732 3.014811 3.118432
v -2.624077 3.032542 2.834383
v -2.644992 3.083036 2.593578
v -2.676294 3.158606 2.432677
v -2.713217 3.151261 3.804187
v -2.713217 2.995619 3.118432
v -2.713217 3.069466 2.593578
v -2.713217 3.042138 3.522883
v -2.791900 3.057789 3.522883
v -2.858603 3.102360 3.522883
v -2.903174 3.169064 3.522883
v -2.918825 3.247746 3.522883
v -2.903174 3.326429 3.522883
v -2.858603 3.393133 3.522883
v -2.791900 3.437703 3.522883
v -2.713217 3.453354 3.522883
v -2.634534 3.437703 3.522883
v -2.567830 3.393133 3.522883
v -2.523260 3.326429 3.522883
v -2.507609 3.247746 3.522883
v -2.523260 3.169064 3.522883
v -2.567830 3.102360 3.522883
v -2.634534 3.057790 3.522883
v -2.765791 3.120821 3.723736
v -2.810361 3.150602 3.723736
v -2.840142 3.195172 3.723736
v -2.850600 3.247746 3.723736
v -2.840142 3.300320 3.723736
v -2.810361 3.344891 3.723736
v -2.765791 3.374671 3.723736
v -2.713217 3.385129 3.723736
v -2.660643 3.374671 3.723736
v -2.616073 3.344890 3.723736
v -2.586292 3.300320 3.723736
v -2.575835 3.247746 3.723736
v -2.586292 3.195172 3.723736
v -2.616073 3.150602 3.723736
v -2.660643 3.120821 3.723736
v -2.713217 3.110363 3.723736
v -2.806030 3.023677 3.260457
v -2.884712 3.076251 3.260457
v -2.937286 3.154934 3.260457
v -2.955748 3.247746 3.260457
v -2.937286 3.340559 3.260457
v -2.884712 3.419241 3.260457
v -2.806030 3.471815 3.260457
v -2.713217 3.490277 3.260457
v -2.620404 3.471815 3.260457
v -2.541722 3.419241 3.260457
v -2.489148 3.340559 3.260457
v -2.470686 3.247746 3.260457
v -2.489148 3.154934 3.260457
v -2.541722 3.076251 3.260457
v -2.620405 3.023677 3.260457
v -2.713217 3.005215 3.260457
v -2.806030 3.023677 2.976407
v -2.884712 3.076251 2.976407
v -2.937286 3.154934 2.976407
v -2.955748 3.247746 2.976407
v -2.937286 3.340559 2.976407
v -2.884712 3.419241 2.976407
v -2.806030 3.471815 2.976407
v -2.713217 3.490277 2.976407
v -2.620404 3.471815 2.976407
v -2.541722 3.419241 2.976407
v -2.489148 3.340559 2.976407
v -2.470686 3.247746 2.976407
v -2.489148 3.154934 2.976407
v -2.541722 3.076251 2.976407
v -2.620405 3.023677 2.976407
v -2.713217 3.005215 2.976407
v -2.813817 3.004877 2.834383
v -2.790213 3.061862 2.593578
v -2.713217 2.984867 2.834383
v -2.813817 3.004877 3.402481
v -2.713217 2.984867 3.402481
v -2.713217 3.046547 3.643286
v -2.790213 3.061862 3.643286
v -2.899101 3.061862 2.834383
v -2.855486 3.105477 2.593578
v -2.956086 3.147146 2.834383
v -2.899101 3.170750 2.593578
v -2.976096 3.138858 3.118432
v -2.914416 3.046547 3.118432
v -2.899101 3.061862 3.402481
v -2.956086 3.147146 3.402481
v -2.899101 3.170750 3.643286
v -2.855486 3.105477 3.643286
v -2.790213 3.170750 3.804187
v -2.813817 3.206076 3.804187
v -2.976096 3.247746 2.834383
v -2.914416 3.247746 2.593578
v -2.956086 3.348346 2.834383
v -2.899101 3.324742 2.593578
v -2.956086 3.348346 3.402481
v -2.976096 3.247746 3.402481
v -2.914416 3.247746 3.643286
v -2.899101 3.324742 3.643286
v -2.813817 3.289416 3.804187
v -2.822105 3.247746 3.804187
v -2.976096 3.356634 3.118432
v -2.997756 3.247746 3.118432
v -2.899101 3.433630 2.834383
v -2.855486 3.390016 2.593578
v -2.813817 3.490615 2.834383
v -2.790213 3.433630 2.593578
v -2.790213 3.433630 3.643286
v -2.855486 3.390016 3.643286
v -2.790213 3.324742 3.804187
v -2.754887 3.348346 3.804187
v -2.914416 3.448946 3.118432
v -2.822105 3.510626 3.118432
v -2.813817 3.490615 3.402481
v -2.899101 3.433630 3.402481
v -2.713217 3.510626 2.834383
v -2.713217 3.448945 2.593578
v -2.612617 3.490615 2.834383
v -2.636221 3.433630 2.593578
v -2.671547 3.348346 3.804187
v -2.713217 3.356634 3.804187
v -2.604329 3.510626 3.118432
v -2.713217 3.532285 3.118432
v -2.713217 3.510626 3.402481
v -2.612617 3.490615 3.402481
v -2.636221 3.433630 3.643286
v -2.713217 3.448945 3.643286
v -2.527333 3.433630 2.834383
v -2.570948 3.390015 2.593578
v -2.470348 3.348346 2.834383
v -2.527333 3.324742 2.593578
v -2.512018 3.448945 3.118432
v -2.450337 3.356634 3.118432
v -2.470348 3.348346 3.402481
v -2.527333 3.433630 3.402481
v -2.570948 3.390015 3.643286
v -2.527333 3.324742 3.643286
v -2.612617 3.289416 3.804187
v -2.636221 3.324742 3.804187
v -2.450337 3.247746 2.834383
v -2.512018 3.247746 2.593578
v -2.470348 3.147146 2.834383
v -2.527333 3.170750 2.593578
v -2.450337 3.138858 3.118432
v -2.428678 3.247746 3.118432
v -2.450337 3.247746 3.402481
v -2.470348 3.147146 3.402481
v -2.527333 3.170750 3.643286
v -2.512018 3.247746 3.643286
v -2.604329 3.247746 3.804187
v -2.612617 3.206076 3.804187
v -2.527333 3.061862 2.834383
v -2.570948 3.105477 2.593578
v -2.612617 3.004877 2.834383
v -2.636221 3.061862 2.593578
v -2.512018 3.046547 3.118432
v -2.604329 2.984867 3.118432
v -2.612617 3.004877 3.402481
v -2.527333 3.061862 3.402481
v -2.570948 3.105477 3.643286
v -2.636221 3.061862 3.643286
v -2.671547 3.147146 3.804187
v -2.636221 3.170750 3.804187
v -2.713217 3.046547 2.593578
v -2.713217 2.963207 3.118432
v -2.822105 2.984867 3.118432
v -2.754887 3.147146 3.804187
v -2.713217 3.138858 3.804187
v -2.713217 3.015707 3.522883
v -2.802015 3.033370 3.522883
v -2.877294 3.083669 3.522883
v -2.927593 3.158949 3.522883
v -2.945256 3.247746 3.522883
v -2.927593 3.336544 3.522883
v -2.877294 3.411823 3.522883
v -2.802015 3.462122 3.522883
v -2.713217 3.479785 3.522883
v -2.624419 3.462122 3.522883
v -2.549140 3.411823 3.522883
v -2.498840 3.336544 3.522883
v -2.481178 3.247746 3.522883
v -2.498841 3.158948 3.522883
v -2.549140 3.083669 3.522883
v -2.624420 3.033370 3.522883
v -2.772550 3.104504 3.723736
v -2.822850 3.138114 3.723736
v -2.856459 3.188413 3.723736
v -2.868261 3.247746 3.723736
v -2.856459 3.307079 3.723736
v -2.822850 3.357378 3.723736
v -2.772550 3.390988 3.723736
v -2.713217 3.402790 3.723736
v -2.653884 3.390988 3.723736
v -2.603584 3.357378 3.723736
v -2.569975 3.307079 3.723736
v -2.558173 3.247746 3.723736
v -2.569975 3.188413 3.723736
v -2.603585 3.138114 3.723736
v -2.653884 3.104504 3.723736
v -2.713217 3.092702 3.723736
v -2.817961 2.994872 3.260457
v -2.906759 3.054204 3.260457
v -2.966091 3.143002 3.260457
v -2.986926 3.247746 3.260457
v -2.966091 3.352490 3.260457
v -2.906759 3.441288 3.260457
v -2.817961 3.500620 3.260457
v -2.713217 3.521455 3.260457
v -2.608473 3.500620 3.260457
v -2.519675 3.441288 3.260457
v -2.460343 3.352490 3.260457
v -2.439508 3.247746 3.260457
v -2.460343 3.143002 3.260457
v -2.519676 3.054204 3.260457
v -2.608473 2.994872 3.260457
v -2.713217 2.974037 3.260457
v -2.817961 2.994872 2.976407
v -2.906759 3.054204 2.976407
v -2.966091 3.143002 2.976407
v -2.986926 3.247746 2.976407
v -2.966091 3.352490 2.976407
v -2.906759 3.441288 2.976407
v -2.817961 3.500620 2.976407
v -2.713217 3.521455 2.976407
v -2.608473 3.500620 2.976407
v -2.519675 3.441288 2.976407
v -2.460343 3.352490 2.976407
v -2.439508 3.247746 2.976407
v -2.460343 3.143002 2.976407
v -2.519676 3.054204 2.976407
v -2.608473 2.994872 2.976407
v -2.713217 2.974037 2.976407
v -2.621044 3.316259 -0.000001
v -2.621044 3.316259 2.373015
v -2.621044 3.179233 -0.000001
v -2.621044 3.179233 2.373015
v -2.758069 3.316259 -0.000001
v -2.758069 3.316259 2.373015
v -2.758069 3.179233 -0.000001
v -2.758069 3.179233 2.373015
v -2.826735 3.296676 1.893344
v -2.741212 3.338235 2.019906
v -2.738118 3.114317 1.893344
v -2.652595 3.155877 2.019906
v -3.028039 3.329435 2.696405
v -2.942516 3.370995 2.822967
v -2.836754 2.935803 2.696405
v -2.751231 2.977363 2.822967
v -2.782221 3.205074 1.893344
v -2.696698 3.246634 2.019906
v -3.117632 3.042081 3.189183
v -3.032109 3.083641 3.315745
v -2.643707 2.996292 2.237652
v -2.558184 3.037852 2.364214
v -2.854414 3.429891 2.237652
v -2.768892 3.471451 2.364214
v -2.788791 3.201881 2.375700
v -2.874314 3.160321 2.249138
v -2.561437 3.195997 2.128730
v -2.646960 3.154437 2.255292
v -2.650054 3.378355 2.128730
v -2.735577 3.336795 2.255292
v -2.360133 3.163238 2.931792
v -2.445657 3.121678 3.058353
v -2.551419 3.556869 2.931792
v -2.636942 3.515309 3.058353
v -2.605951 3.287598 2.128730
v -2.691474 3.246038 2.255292
v -2.270540 3.450591 3.424569
v -2.356063 3.409031 3.551131
v -2.744465 3.496380 2.473039
v -2.829988 3.454820 2.599600
v -2.533758 3.062781 2.473039
v -2.619281 3.021221 2.599600
v -2.599381 3.290791 2.611086
v -2.513859 3.332351 2.484524
v -2.746756 3.181020 1.185705
v -2.746756 3.201096 1.263918
v -2.643334 3.181020 1.185704
v -2.643334 3.201096 1.263918
v -2.806666 2.945550 1.531526
v -2.806666 2.965626 1.609739
v -2.583423 2.945549 1.531526
v -2.583423 2.965626 1.609739
v -2.694805 3.181020 1.185705
v -2.694805 3.201096 1.263918
v -2.694805 2.752120 1.723437
v -2.694805 2.772196 1.801651
v -2.568135 3.129453 1.354453
v -2.568135 3.149529 1.432666
v -2.814046 3.129453 1.354453
v -2.814046 3.149529 1.432666
v -2.694805 3.083334 1.411561
v -2.694805 3.063258 1.333348
v -2.641417 3.304401 1.159618
v -2.641417 3.270129 1.232733
v -2.744838 3.304402 1.159618
v -2.744838 3.270129 1.232733
v -2.581506 3.471448 1.543198
v -2.581506 3.437176 1.616313
v -2.804749 3.471448 1.543198
v -2.804749 3.437176 1.616313
v -2.693367 3.304402 1.159618
v -2.693367 3.270129 1.232733
v -2.693367 3.625812 1.767735
v -2.693367 3.591539 1.840850
v -2.820037 3.323685 1.335012
v -2.820037 3.289413 1.408127
v -2.574127 3.323685 1.335012
v -2.574127 3.289413 1.408127
v -2.693367 3.358378 1.399701
v -2.693367 3.392650 1.326586
v -2.758754 3.208533 0.553979
v -2.749830 3.226517 0.632192
v -2.666112 3.162560 0.553979
v -2.657187 3.180543 0.632192
v -2.917092 3.024238 0.899800
v -2.908167 3.042222 0.978013
v -2.717118 2.925001 0.899800
v -2.708193 2.942986 0.978013
v -2.712218 3.185440 0.553979
v -2.703294 3.203424 0.632192
v -2.902874 2.801245 1.091712
v -2.893949 2.819229 1.169925
v -2.621674 3.082941 0.722727
v -2.612750 3.100924 0.800941
v -2.841953 3.192253 0.722727
v -2.833028 3.210237 0.800940
v -2.755641 3.097937 0.779835
v -2.764566 3.079953 0.701622
v -2.609548 3.272229 0.527892
v -2.624783 3.241529 0.601007
v -2.702190 3.318202 0.527892
v -2.717425 3.287502 0.601007
v -2.481626 3.395232 0.911472
v -2.496861 3.364532 0.984587
v -2.681600 3.494469 0.911472
v -2.696835 3.463769 0.984587
v -2.656084 3.295322 0.527892
v -2.671319 3.264622 0.601007
v -2.513210 3.583231 1.136009
v -2.528445 3.552531 1.209124
v -2.760979 3.368903 0.703287
v -2.776214 3.338203 0.776402
v -2.540700 3.259591 0.703287
v -2.555935 3.228890 0.776401
v -2.632090 3.343672 0.767975
v -2.616856 3.374372 0.694860
v -2.727109 3.163516 1.721627
v -2.734982 3.181985 1.799840
v -2.631971 3.204073 1.721627
v -2.639844 3.222542 1.799840
v -2.689881 2.923413 2.067448
v -2.697753 2.941882 2.145661
v -2.484519 3.010959 2.067448
v -2.492392 3.029427 2.145661
v -2.679320 3.183889 1.721627
v -2.687193 3.202357 1.799840
v -2.511125 2.789344 2.259359
v -2.518998 2.807812 2.337573
v -2.542574 3.186126 1.890375
v -2.550447 3.204595 1.968588
v -2.768787 3.089692 1.890375
v -2.776660 3.108160 1.968588
v -2.641012 3.094028 1.947483
v -2.633139 3.075560 1.869270
v -2.678592 3.318325 1.695539
v -2.665152 3.286797 1.768654
v -2.773730 3.277767 1.695539
v -2.760290 3.246240 1.768654
v -2.688988 3.495485 2.079120
v -2.675549 3.463957 2.152235
v -2.894350 3.407939 2.079120
v -2.880909 3.376412 2.152235
v -2.726382 3.297952 1.695539
v -2.712942 3.266425 1.768654
v -2.852424 3.593617 2.303657
v -2.838984 3.562090 2.376772
v -2.850467 3.266017 1.870934
v -2.837027 3.234489 1.944049
v -2.624254 3.362451 1.870934
v -2.610814 3.330924 1.944049
v -2.747549 3.347605 1.935623
v -2.760989 3.379132 1.862508
v -1.385816 3.069466 3.643286
v -1.385816 3.014811 3.402481
v -1.385816 3.014811 2.834383
v -1.385816 3.151261 2.432677
v -1.422739 3.158606 3.804187
v -1.454041 3.083036 3.643286
v -1.474956 3.032542 3.402481
v -1.482301 3.014811 3.118432
v -1.474956 3.032542 2.834383
v -1.454041 3.083036 2.593578
v -1.422739 3.158606 2.432677
v -1.454041 3.179521 3.804187
v -1.511879 3.121683 3.643286
v -1.550525 3.083036 3.402481
v -1.564096 3.069466 3.118432
v -1.550525 3.083036 2.834383
v -1.511879 3.121683 2.593578
v -1.454041 3.179521 2.432677
v -1.474956 3.210823 3.804187
v -1.550525 3.179521 3.643286
v -1.601019 3.158606 3.402481
v -1.618751 3.151261 3.118432
v -1.601019 3.158606 2.834383
v -1.550525 3.179521 2.593578
v -1.474956 3.210823 2.432677
v -1.482301 3.247746 3.804187
v -1.564096 3.247746 3.643286
v -1.618751 3.247746 3.402481
v -1.637942 3.247746 3.118432
v -1.618751 3.247746 2.834383
v -1.564096 3.247746 2.593578
v -1.482301 3.247746 2.432677
v -1.474956 3.284669 3.804187
v -1.550525 3.315971 3.643286
v -1.601019 3.336886 3.402481
v -1.618750 3.344231 3.118432
v -1.601019 3.336886 2.834383
v -1.550525 3.315971 2.593578
v -1.474956 3.284669 2.432677
v -1.454041 3.315971 3.804187
v -1.511879 3.373810 3.643286
v -1.550525 3.412456 3.402481
v -1.564096 3.426027 3.118432
v -1.550525 3.412456 2.834383
v -1.511879 3.373810 2.593578
v -1.454041 3.315971 2.432677
v -1.422739 3.336886 3.804187
v -1.454041 3.412456 3.643286
v -1.474956 3.462950 3.402481
v -1.482300 3.480681 3.118432
v -1.474956 3.462950 2.834383
v -1.454041 3.412456 2.593578
v -1.422739 3.336886 2.432677
v -1.385816 3.247746 3.860687
v -1.385816 3.344231 3.804187
v -1.385816 3.426027 3.643286
v -1.385816 3.480681 3.402481
v -1.385816 3.499873 3.118432
v -1.385816 3.480681 2.834383
v -1.385816 3.426027 2.593578
v -1.385816 3.344231 2.432677
v -1.348892 3.336886 3.804187
v -1.317591 3.412456 3.643286
v -1.296675 3.462950 3.402481
v -1.289331 3.480681 3.118432
v -1.296675 3.462950 2.834383
v -1.317591 3.412456 2.593578
v -1.348892 3.336886 2.432677
v -1.317591 3.315971 3.804187
v -1.259752 3.373810 3.643286
v -1.221106 3.412456 3.402481
v -1.207535 3.426027 3.118432
v -1.221106 3.412456 2.834383
v -1.259752 3.373810 2.593578
v -1.317591 3.315971 2.432677
v -1.385816 3.247746 2.376176
v -1.296675 3.284669 3.804187
v -1.221106 3.315971 3.643286
v -1.170612 3.336886 3.402481
v -1.152881 3.344231 3.118432
v -1.170612 3.336886 2.834383
v -1.221106 3.315971 2.593578
v -1.296675 3.284669 2.432677
v -1.289331 3.247746 3.804187
v -1.207535 3.247746 3.643286
v -1.152881 3.247746 3.402481
v -1.133689 3.247746 3.118432
v -1.152881 3.247746 2.834383
v -1.207535 3.247746 2.593578
v -1.289331 3.247746 2.432677
v -1.296675 3.210823 3.804187
v -1.221106 3.179521 3.643286
v -1.170612 3.158606 3.402481
v -1.152881 3.151261 3.118432
v -1.170612 3.158606 2.834383
v -1.221106 3.179521 2.593578
v -1.296675 3.210823 2.432677
v -1.317591 3.179521 3.804187
v -1.259752 3.121683 3.643286
v -1.221106 3.083036 3.402481
v -1.207535 3.069465 3.118432
v -1.221106 3.083036 2.834383
v -1.259752 3.121683 2.593578
v -1.317591 3.179521 2.432677
v -1.348893 3.158606 3.804187
v -1.317591 3.083036 3.643286
v -1.296675 3.032542 3.402481
v -1.289331 3.014811 3.118432
v -1.296675 3.032542 2.834383
v -1.317591 3.083036 2.593578
v -1.348893 3.158606 2.432677
v -1.385816 3.151261 3.804187
v -1.385816 2.995619 3.118432
v -1.385816 3.069466 2.593578
v -1.385816 3.042138 3.522883
v -1.464498 3.057789 3.522883
v -1.531202 3.102360 3.522883
v -1.575773 3.169064 3.522883
v -1.591423 3.247746 3.522883
v -1.575772 3.326429 3.522883
v -1.531202 3.393133 3.522883
v -1.464498 3.437703 3.522883
v -1.385816 3.453354 3.522883
v -1.307133 3.437703 3.522883
v -1.240429 3.393133 3.522883
v -1.195859 3.326429 3.522883
v -1.180208 3.247746 3.522883
v -1.195859 3.169064 3.522883
v -1.240429 3.102360 3.522883
v -1.307133 3.057790 3.522883
v -1.438390 3.120821 3.723736
v -1.482960 3.150602 3.723736
v -1.512741 3.195172 3.723736
v -1.523198 3.247746 3.723736
v -1.512741 3.300320 3.723736
v -1.482960 3.344891 3.723736
v -1.438390 3.374671 3.723736
v -1.385816 3.385129 3.723736
v -1.333242 3.374671 3.723736
v -1.288671 3.344890 3.723736
v -1.258891 3.300320 3.723736
v -1.248433 3.247746 3.723736
v -1.258891 3.195172 3.723736
v -1.288671 3.150602 3.723736
v -1.333242 3.120821 3.723736
v -1.385816 3.110363 3.723736
v -1.478628 3.023677 3.260457
v -1.557311 3.076251 3.260457
v -1.609885 3.154934 3.260457
v -1.628346 3.247746 3.260457
v -1.609885 3.340559 3.260457
v -1.557311 3.419241 3.260457
v -1.478628 3.471815 3.260457
v -1.385816 3.490277 3.260457
v -1.293003 3.471815 3.260457
v -1.214320 3.419241 3.260457
v -1.161746 3.340559 3.260457
v -1.143285 3.247746 3.260457
v -1.161747 3.154934 3.260457
v -1.214321 3.076251 3.260457
v -1.293003 3.023677 3.260457
v -1.385816 3.005215 3.260457
v -1.478628 3.023677 2.976407
v -1.557311 3.076251 2.976407
v -1.609885 3.154934 2.976407
v -1.628346 3.247746 2.976407
v -1.609885 3.340559 2.976407
v -1.557311 3.419241 2.976407
v -1.478628 3.471815 2.976407
v -1.385816 3.490277 2.976407
v -1.293003 3.471815 2.976407
v -1.214320 3.419241 2.976407
v -1.161746 3.340559 2.976407
v -1.143285 3.247746 2.976407
v -1.161747 3.154934 2.976407
v -1.214321 3.076251 2.976407
v -1.293003 3.023677 2.976407
v -1.385816 3.005215 2.976407
v -1.486415 3.004877 2.834383
v -1.462811 3.061862 2.593578
v -1.385816 2.984867 2.834383
v -1.486415 3.004877 3.402481
v -1.385816 2.984867 3.402481
v -1.385816 3.046547 3.643286
v -1.462811 3.061862 3.643286
v -1.571700 3.061862 2.834383
v -1.528085 3.105477 2.593578
v -1.628685 3.147146 2.834383
v -1.571700 3.170750 2.593578
v -1.648695 3.138858 3.118432
v -1.587015 3.046547 3.118432
v -1.571700 3.061862 3.402481
v -1.628685 3.147146 3.402481
v -1.571700 3.170750 3.643286
v -1.528085 3.105477 3.643286
v -1.462811 3.170750 3.804187
v -1.486415 3.206076 3.804187
v -1.648695 3.247746 2.834383
v -1.587015 3.247746 2.593578
v -1.628685 3.348346 2.834383
v -1.571700 3.324742 2.593578
v -1.628685 3.348346 3.402481
v -1.648695 3.247746 3.402481
v -1.587015 3.247746 3.643286
v -1.571700 3.324742 3.643286
v -1.486415 3.289416 3.804187
v -1.494704 3.247746 3.804187
v -1.648695 3.356634 3.118432
v -1.670354 3.247746 3.118432
v -1.571700 3.433630 2.834383
v -1.528085 3.390016 2.593578
v -1.486415 3.490615 2.834383
v -1.462811 3.433630 2.593578
v -1.462811 3.433630 3.643286
v -1.528085 3.390016 3.643286
v -1.462811 3.324742 3.804187
v -1.427485 3.348346 3.804187
v -1.587015 3.448946 3.118432
v -1.494704 3.510626 3.118432
v -1.486415 3.490615 3.402481
v -1.571700 3.433630 3.402481
v -1.385816 3.510626 2.834383
v -1.385816 3.448945 2.593578
v -1.285216 3.490615 2.834383
v -1.308820 3.433630 2.593578
v -1.344146 3.348346 3.804187
v -1.385816 3.356634 3.804187
v -1.276927 3.510626 3.118432
v -1.385816 3.532285 3.118432
v -1.385816 3.510626 3.402481
v -1.285216 3.490615 3.402481
v -1.308820 3.433630 3.643286
v -1.385816 3.448945 3.643286
v -1.199932 3.433630 2.834383
v -1.243546 3.390015 2.593578
v -1.142947 3.348346 2.834383
v -1.199932 3.324742 2.593578
v -1.184616 3.448945 3.118432
v -1.122936 3.356634 3.118432
v -1.142947 3.348346 3.402481
v -1.199932 3.433630 3.402481
v -1.243546 3.390015 3.643286
v -1.199932 3.324742 3.643286
v -1.285216 3.289416 3.804187
v -1.308820 3.324742 3.804187
v -1.122936 3.247746 2.834383
v -1.184616 3.247746 2.593578
v -1.142947 3.147146 2.834383
v -1.199932 3.170750 2.593578
v -1.122936 3.138858 3.118432
v -1.101277 3.247746 3.118432
v -1.122936 3.247746 3.402481
v -1.142947 3.147146 3.402481
v -1.199932 3.170750 3.643286
v -1.184616 3.247746 3.643286
v -1.276927 3.247746 3.804187
v -1.285216 3.206076 3.804187
v -1.199932 3.061862 2.834383
v -1.243546 3.105477 2.593578
v -1.285216 3.004877 2.834383
v -1.308820 3.061862 2.593578
v -1.184617 3.046547 3.118432
v -1.276928 2.984867 3.118432
v -1.285216 3.004877 3.402481
v -1.199932 3.061862 3.402481
v -1.243546 3.105477 3.643286
v -1.308820 3.061862 3.643286
v -1.344146 3.147146 3.804187
v -1.308820 3.170750 3.804187
v -1.385816 3.046547 2.593578
v -1.385816 2.963207 3.118432
v -1.494704 2.984867 3.118432
v -1.427485 3.147146 3.804187
v -1.385816 3.138858 3.804187
v -1.385816 3.015707 3.522883
v -1.474613 3.033370 3.522883
v -1.549892 3.083669 3.522883
v -1.600192 3.158949 3.522883
v -1.617855 3.247746 3.522883
v -1.600192 3.336544 3.522883
v -1.549892 3.411823 3.522883
v -1.474613 3.462122 3.522883
v -1.385816 3.479785 3.522883
v -1.297018 3.462122 3.522883
v -1.221739 3.411823 3.522883
v -1.171439 3.336544 3.522883
v -1.153776 3.247746 3.522883
v -1.171439 3.158948 3.522883
v -1.221739 3.083669 3.522883
v -1.297018 3.033370 3.522883
v -1.445148 3.104504 3.723736
v -1.495448 3.138114 3.723736
v -1.529057 3.188413 3.723736
v -1.540859 3.247746 3.723736
v -1.529057 3.307079 3.723736
v -1.495448 3.357378 3.723736
v -1.445148 3.390988 3.723736
v -1.385816 3.402790 3.723736
v -1.326483 3.390988 3.723736
v -1.276183 3.357378 3.723736
v -1.242574 3.307079 3.723736
v -1.230772 3.247746 3.723736
v -1.242574 3.188413 3.723736
v -1.276183 3.138114 3.723736
v -1.326483 3.104504 3.723736
v -1.385816 3.092702 3.723736
v -1.490560 2.994872 3.260457
v -1.579357 3.054204 3.260457
v -1.638690 3.143002 3.260457
v -1.659525 3.247746 3.260457
v -1.638690 3.352490 3.260457
v -1.579357 3.441288 3.260457
v -1.490560 3.500620 3.260457
v -1.385816 3.521455 3.260457
v -1.281072 3.500620 3.260457
v -1.192274 3.441288 3.260457
v -1.132941 3.352490 3.260457
v -1.112107 3.247746 3.260457
v -1.132941 3.143002 3.260457
v -1.192274 3.054204 3.260457
v -1.281072 2.994872 3.260457
v -1.385816 2.974037 3.260457
v -1.490560 2.994872 2.976407
v -1.579357 3.054204 2.976407
v -1.638690 3.143002 2.976407
v -1.659525 3.247746 2.976407
v -1.638690 3.352490 2.976407
v -1.579357 3.441288 2.976407
v -1.490560 3.500620 2.976407
v -1.385816 3.521455 2.976407
v -1.281072 3.500620 2.976407
v -1.192274 3.441288 2.976407
v -1.132941 3.352490 2.976407
v -1.112107 3.247746 2.976407
v -1.132941 3.143002 2.976407
v -1.192274 3.054204 2.976407
v -1.281072 2.994872 2.976407
v -1.385816 2.974037 2.976407
v -1.293643 3.316259 -0.000001
v -1.293643 3.316259 2.373015
v -1.293643 3.179233 -0.000001
v -1.293643 3.179233 2.373015
v -1.430668 3.316259 -0.000001
v -1.430668 3.316259 2.373015
v -1.430668 3.179233 -0.000001
v -1.430668 3.179233 2.373015
v -1.499333 3.296676 1.893344
v -1.413810 3.338235 2.019906
v -1.410717 3.114317 1.893344
v -1.325194 3.155877 2.019906
v -1.700637 3.329435 2.696405
v -1.615114 3.370995 2.822967
v -1.509352 2.935803 2.696405
v -1.423829 2.977363 2.822967
v -1.454820 3.205074 1.893344
v -1.369297 3.246634 2.019906
v -1.790231 3.042081 3.189183
v -1.704708 3.083641 3.315745
v -1.316306 2.996292 2.237652
v -1.230783 3.037852 2.364214
v -1.527013 3.429891 2.237652
v -1.441490 3.471451 2.364214
v -1.461389 3.201881 2.375700
v -1.546912 3.160321 2.249138
v -1.234036 3.195997 2.128730
v -1.319559 3.154437 2.255292
v -1.322653 3.378355 2.128730
v -1.408176 3.336795 2.255292
v -1.032732 3.163238 2.931792
v -1.118255 3.121678 3.058353
v -1.224017 3.556869 2.931792
v -1.309540 3.515309 3.058353
v -1.278550 3.287598 2.128730
v -1.364073 3.246038 2.255292
v -0.943139 3.450591 3.424569
v -1.028661 3.409031 3.551131
v -1.417064 3.496380 2.473039
v -1.502587 3.454820 2.599600
v -1.206356 3.062781 2.473039
v -1.291879 3.021221 2.599600
v -1.271980 3.290791 2.611086
v -1.186457 3.332351 2.484524
v -1.419354 3.181020 1.185705
v -1.419354 3.201096 1.263918
v -1.315932 3.181020 1.185704
v -1.315932 3.201096 1.263918
v -1.479265 2.945550 1.531526
v -1.479265 2.965626 1.609739
v -1.256022 2.945549 1.531526
v -1.256022 2.965626 1.609739
v -1.367404 3.181020 1.185705
v -1.367404 3.201096 1.263918
v -1.367404 2.752120 1.723437
v -1.367404 2.772196 1.801651
v -1.240734 3.129453 1.354453
v -1.240734 3.149529 1.432666
v -1.486644 3.129453 1.354453
v -1.486644 3.149529 1.432666
v -1.367404 3.083334 1.411561
v -1.367404 3.063258 1.333348
v -1.314015 3.304401 1.159618
v -1.314015 3.270129 1.232733
v -1.417437 3.304402 1.159618
v -1.417437 3.270129 1.232733
v -1.254105 3.471448 1.543198
v -1.254105 3.437176 1.616313
v -1.477348 3.471448 1.543198
v -1.477348 3.437176 1.616313
v -1.365966 3.304402 1.159618
v -1.365966 3.270129 1.232733
v -1.365966 3.625812 1.767735
v -1.365966 3.591539 1.840850
v -1.492636 3.323685 1.335012
v -1.492636 3.289413 1.408127
v -1.246725 3.323685 1.335012
v -1.246725 3.289413 1.408127
v -1.365966 3.358378 1.399701
v -1.365966 3.392650 1.326586
v -1.431352 3.208533 0.553979
v -1.422428 3.226517 0.632192
v -1.338710 3.162560 0.553979
v -1.329786 3.180543 0.632192
v -1.589690 3.024238 0.899800
v -1.580766 3.042222 0.978013
v -1.389716 2.925001 0.899800
v -1.380792 2.942986 0.978013
v -1.384817 3.185440 0.553979
v -1.375892 3.203424 0.632192
v -1.575472 2.801245 1.091712
v -1.566548 2.819229 1.169925
v -1.294273 3.082941 0.722727
v -1.285348 3.100924 0.800941
v -1.514551 3.192253 0.722727
v -1.505627 3.210237 0.800940
v -1.428240 3.097937 0.779835
v -1.437164 3.079953 0.701622
v -1.282147 3.272229 0.527892
v -1.297382 3.241529 0.601007
v -1.374789 3.318202 0.527892
v -1.390024 3.287502 0.601007
v -1.154225 3.395232 0.911472
v -1.169460 3.364532 0.984587
v -1.354199 3.494469 0.911472
v -1.369434 3.463769 0.984587
v -1.328683 3.295322 0.527892
v -1.343917 3.264622 0.601007
v -1.185809 3.583231 1.136009
v -1.201043 3.552531 1.209124
v -1.433577 3.368903 0.703287
v -1.448812 3.338203 0.776402
v -1.213299 3.259591 0.703287
v -1.228534 3.228890 0.776401
v -1.304689 3.343672 0.767975
v -1.289454 3.374372 0.694860
v -1.399708 3.163516 1.721627
v -1.407581 3.181985 1.799840
v -1.304570 3.204073 1.721627
v -1.312443 3.222542 1.799840
v -1.362479 2.923413 2.067448
v -1.370352 2.941882 2.145661
v -1.157118 3.010959 2.067448
v -1.164991 3.029427 2.145661
v -1.351918 3.183889 1.721627
v -1.359791 3.202357 1.799840
v -1.183724 2.789344 2.259359
v -1.191597 2.807812 2.337573
v -1.215173 3.186126 1.890375
v -1.223046 3.204595 1.968588
v -1.441386 3.089692 1.890375
v -1.449259 3.108160 1.968588
v -1.313611 3.094028 1.947483
v -1.305738 3.075560 1.869270
v -1.351191 3.318325 1.695539
v -1.337751 3.286797 1.768654
v -1.446329 3.277767 1.695539
v -1.432889 3.246240 1.768654
v -1.361587 3.495485 2.079120
v -1.348147 3.463957 2.152235
v -1.566948 3.407939 2.079120
v -1.553508 3.376412 2.152235
v -1.398980 3.297952 1.695539
v -1.385540 3.266425 1.768654
v -1.525022 3.593617 2.303657
v -1.511582 3.562090 2.376772
v -1.523066 3.266017 1.870934
v -1.509626 3.234489 1.944049
v -1.296853 3.362451 1.870934
v -1.283413 3.330924 1.944049
v -1.420147 3.347605 1.935623
v -1.433587 3.379132 1.862508
v -1.385816 1.388659 3.643286
v -1.385816 1.334005 3.402481
v -1.385816 1.334005 2.834383
v -1.385816 1.470455 2.432677
v -1.422739 1.477800 3.804187
v -1.454041 1.402230 3.643286
v -1.474956 1.351736 3.402481
v -1.482301 1.334005 3.118432
v -1.474956 1.351736 2.834383
v -1.454041 1.402230 2.593578
v -1.422739 1.477800 2.432677
v -1.454041 1.498715 3.804187
v -1.511879 1.440876 3.643286
v -1.550525 1.402230 3.402481
v -1.564096 1.388659 3.118432
v -1.550525 1.402230 2.834383
v -1.511879 1.440876 2.593578
v -1.454041 1.498715 2.432677
v -1.474956 1.530017 3.804187
v -1.550525 1.498715 3.643286
v -1.601019 1.477800 3.402481
v -1.618751 1.470455 3.118432
v -1.601019 1.477800 2.834383
v -1.550525 1.498715 2.593578
v -1.474956 1.530017 2.432677
v -1.482301 1.566940 3.804187
v -1.564096 1.566940 3.643286
v -1.618751 1.566940 3.402481
v -1.637942 1.566940 3.118432
v -1.618751 1.566940 2.834383
v -1.564096 1.566940 2.593578
v -1.482301 1.566940 2.432677
v -1.474956 1.603863 3.804187
v -1.550525 1.635165 3.643286
v -1.601019 1.656080 3.402481
v -1.618750 1.663425 3.118432
v -1.601019 1.656080 2.834383
v -1.550525 1.635165 2.593578
v -1.474956 1.603863 2.432677
v -1.454041 1.635165 3.804187
v -1.511879 1.693003 3.643286
v -1.550525 1.731650 3.402481
v -1.564096 1.745220 3.118432
v -1.550525 1.731650 2.834383
v -1.511879 1.693003 2.593578
v -1.454041 1.635165 2.432677
v -1.422739 1.656080 3.804187
v -1.454041 1.731650 3.643286
v -1.474956 1.782144 3.402481
v -1.482300 1.799875 3.118432
v -1.474956 1.782144 2.834383
v -1.454041 1.731650 2.593578
v -1.422739 1.656080 2.432677
v -1.385816 1.566940 3.860687
v -1.385816 1.663425 3.804187
v -1.385816 1.745220 3.643286
v -1.385816 1.799875 3.402481
v -1.385816 1.819067 3.118432
v -1.385816 1.799875 2.834383
v -1.385816 1.745220 2.593578
v -1.385816 1.663425 2.432677
v -1.348892 1.656080 3.804187
v -1.317591 1.731650 3.643286
v -1.296675 1.782143 3.402481
v -1.289331 1.799875 3.118432
v -1.296675 1.782143 2.834383
v -1.317591 1.731650 2.593578
v -1.348892 1.656080 2.432677
v -1.317591 1.635165 3.804187
v -1.259752 1.693003 3.643286
v -1.221106 1.731650 3.402481
v -1.207535 1.745220 3.118432
v -1.221106 1.731650 2.834383
v -1.259752 1.693003 2.593578
v -1.317591 1.635165 2.432677
v -1.385816 1.566940 2.376176
v -1.296675 1.603863 3.804187
v -1.221106 1.635165 3.643286
v -1.170612 1.656080 3.402481
v -1.152881 1.663424 3.118432
v -1.170612 1.656080 2.834383
v -1.221106 1.635165 2.593578
v -1.296675 1.603863 2.432677
v -1.289331 1.566940 3.804187
v -1.207535 1.566940 3.643286
v -1.152881 1.566940 3.402481
v -1.133689 1.566940 3.118432
v -1.152881 1.566940 2.834383
v -1.207535 1.566940 2.593578
v -1.289331 1.566940 2.432677
v -1.296675 1.530017 3.804187
v -1.221106 1.498715 3.643286
v -1.170612 1.477799 3.402481
v -1.152881 1.470455 3.118432
v -1.170612 1.477799 2.834383
v -1.221106 1.498715 2.593578
v -1.296675 1.530017 2.432677
v -1.317591 1.498715 3.804187
v -1.259752 1.440876 3.643286
v -1.221106 1.402230 3.402481
v -1.207535 1.388659 3.118432
v -1.221106 1.402230 2.834383
v -1.259752 1.440876 2.593578
v -1.317591 1.498715 2.432677
v -1.348893 1.477800 3.804187
v -1.317591 1.402230 3.643286
v -1.296675 1.351736 3.402481
v -1.289331 1.334005 3.118432
v -1.296675 1.351736 2.834383
v -1.317591 1.402230 2.593578
v -1.348893 1.477800 2.432677
v -1.385816 1.470455 3.804187
v -1.385816 1.314813 3.118432
v -1.385816 1.388659 2.593578
v -1.385816 1.361332 3.522883
v -1.464498 1.376983 3.522883
v -1.531202 1.421553 3.522883
v -1.575773 1.488257 3.522883
v -1.591423 1.566940 3.522883
v -1.575772 1.645623 3.522883
v -1.531202 1.712327 3.522883
v -1.464498 1.756897 3.522883
v -1.385816 1.772548 3.522883
v -1.307133 1.756897 3.522883
v -1.240429 1.712326 3.522883
v -1.195859 1.645622 3.522883
v -1.180208 1.566940 3.522883
v -1.195859 1.488257 3.522883
v -1.240429 1.421553 3.522883
v -1.307133 1.376983 3.522883
v -1.438390 1.440015 3.723736
v -1.482960 1.469796 3.723736
v -1.512741 1.514366 3.723736
v -1.523198 1.566940 3.723736
v -1.512741 1.619514 3.723736
v -1.482960 1.664084 3.723736
v -1.438390 1.693865 3.723736
v -1.385816 1.704322 3.723736
v -1.333242 1.693865 3.723736
v -1.288671 1.664084 3.723736
v -1.258891 1.619514 3.723736
v -1.248433 1.566940 3.723736
v -1.258891 1.514366 3.723736
v -1.288671 1.469796 3.723736
v -1.333242 1.440015 3.723736
v -1.385816 1.429557 3.723736
v -1.478628 1.342870 3.260457
v -1.557311 1.395445 3.260457
v -1.609885 1.474127 3.260457
v -1.628346 1.566940 3.260457
v -1.609885 1.659752 3.260457
v -1.557311 1.738435 3.260457
v -1.478628 1.791009 3.260457
v -1.385816 1.809471 3.260457
v -1.293003 1.791009 3.260457
v -1.214320 1.738435 3.260457
v -1.161746 1.659752 3.260457
v -1.143285 1.566940 3.260457
v -1.161747 1.474127 3.260457
v -1.214321 1.395445 3.260457
v -1.293003 1.342870 3.260457
v -1.385816 1.324409 3.260457
v -1.478628 1.342870 2.976407
v -1.557311 1.395445 2.976407
v -1.609885 1.474127 2.976407
v -1.628346 1.566940 2.976407
v -1.609885 1.659752 2.976407
v -1.557311 1.738435 2.976407
v -1.478628 1.791009 2.976407
v -1.385816 1.809471 2.976407
v -1.293003 1.791009 2.976407
v -1.214320 1.738435 2.976407
v -1.161746 1.659752 2.976407
v -1.143285 1.566940 2.976407
v -1.161747 1.474127 2.976407
v -1.214321 1.395445 2.976407
v -1.293003 1.342870 2.976407
v -1.385816 1.324409 2.976407
v -1.486415 1.324071 2.834383
v -1.462811 1.381056 2.593578
v -1.385816 1.304060 2.834383
v -1.486415 1.324071 3.402481
v -1.385816 1.304060 3.402481
v -1.385816 1.365741 3.643286
v -1.462811 1.381056 3.643286
v -1.571700 1.381056 2.834383
v -1.528085 1.424670 2.593578
v -1.628685 1.466340 2.834383
v -1.571700 1.489944 2.593578
v -1.648695 1.458052 3.118432
v -1.587015 1.365741 3.118432
v -1.571700 1.381056 3.402481
v -1.628685 1.466340 3.402481
v -1.571700 1.489944 3.643286
v -1.528085 1.424670 3.643286
v -1.462811 1.489944 3.804187
v -1.486415 1.525270 3.804187
v -1.648695 1.566940 2.834383
v -1.587015 1.566940 2.593578
v -1.628685 1.667539 2.834383
v -1.571700 1.643935 2.593578
v -1.628685 1.667539 3.402481
v -1.648695 1.566940 3.402481
v -1.587015 1.566940 3.643286
v -1.571700 1.643935 3.643286
v -1.486415 1.608610 3.804187
v -1.494704 1.566940 3.804187
v -1.648695 1.675828 3.118432
v -1.670354 1.566940 3.118432
v -1.571700 1.752824 2.834383
v -1.528085 1.709209 2.593578
v -1.486415 1.809809 2.834383
v -1.462811 1.752824 2.593578
v -1.462811 1.752824 3.643286
v -1.528085 1.709209 3.643286
v -1.462811 1.643935 3.804187
v -1.427485 1.667539 3.804187
v -1.587015 1.768139 3.118432
v -1.494704 1.829819 3.118432
v -1.486415 1.809809 3.402481
v -1.571700 1.752824 3.402481
v -1.385816 1.829819 2.834383
v -1.385816 1.768139 2.593578
v -1.285216 1.809809 2.834383
v -1.308820 1.752824 2.593578
v -1.344146 1.667539 3.804187
v -1.385816 1.675828 3.804187
v -1.276927 1.829819 3.118432
v -1.385816 1.851479 3.118432
v -1.385816 1.829819 3.402481
v -1.285216 1.809809 3.402481
v -1.308820 1.752824 3.643286
v -1.385816 1.768139 3.643286
v -1.199932 1.752824 2.834383
v -1.243546 1.709209 2.593578
v -1.142947 1.667539 2.834383
v -1.199932 1.643935 2.593578
v -1.184616 1.768139 3.118432
v -1.122936 1.675828 3.118432
v -1.142947 1.667539 3.402481
v -1.199932 1.752824 3.402481
v -1.243546 1.709209 3.643286
v -1.199932 1.643935 3.643286
v -1.285216 1.608609 3.804187
v -1.308820 1.643935 3.804187
v -1.122936 1.566940 2.834383
v -1.184616 1.566940 2.593578
v -1.142947 1.466340 2.834383
v -1.199932 1.489944 2.593578
v -1.122936 1.458051 3.118432
v -1.101277 1.566940 3.118432
v -1.122936 1.566940 3.402481
v -1.142947 1.466340 3.402481
v -1.199932 1.489944 3.643286
v -1.184616 1.566940 3.643286
v -1.276927 1.566940 3.804187
v -1.285216 1.525270 3.804187
v -1.199932 1.381056 2.834383
v -1.243546 1.424670 2.593578
v -1.285216 1.324071 2.834383
v -1.308820 1.381056 2.593578
v -1.184617 1.365741 3.118432
v -1.276928 1.304060 3.118432
v -1.285216 1.324071 3.402481
v -1.199932 1.381056 3.402481
v -1.243546 1.424670 3.643286
v -1.308820 1.381056 3.643286
v -1.344146 1.466340 3.804187
v -1.308820 1.489944 3.804187
v -1.385816 1.365741 2.593578
v -1.385816 1.282401 3.118432
v -1.494704 1.304060 3.118432
v -1.427485 1.466340 3.804187
v -1.385816 1.458052 3.804187
v -1.385816 1.334900 3.522883
v -1.474613 1.352563 3.522883
v -1.549892 1.402863 3.522883
v -1.600192 1.478142 3.522883
v -1.617855 1.566940 3.522883
v -1.600192 1.655738 3.522883
v -1.549892 1.731017 3.522883
v -1.474613 1.781316 3.522883
v -1.385816 1.798979 3.522883
v -1.297018 1.781316 3.522883
v -1.221739 1.731016 3.522883
v -1.171439 1.655737 3.522883
v -1.153776 1.566940 3.522883
v -1.171439 1.478142 3.522883
v -1.221739 1.402863 3.522883
v -1.297018 1.352563 3.522883
v -1.445148 1.423698 3.723736
v -1.495448 1.457307 3.723736
v -1.529057 1.507607 3.723736
v -1.540859 1.566940 3.723736
v -1.529057 1.626272 3.723736
v -1.495448 1.676572 3.723736
v -1.445148 1.710182 3.723736
v -1.385816 1.721984 3.723736
v -1.326483 1.710182 3.723736
v -1.276183 1.676572 3.723736
v -1.242574 1.626272 3.723736
v -1.230772 1.566940 3.723736
v -1.242574 1.507607 3.723736
v -1.276183 1.457307 3.723736
v -1.326483 1.423698 3.723736
v -1.385816 1.411896 3.723736
v -1.490560 1.314066 3.260457
v -1.579357 1.373398 3.260457
v -1.638690 1.462196 3.260457
v -1.659525 1.566940 3.260457
v -1.638690 1.671684 3.260457
v -1.579357 1.760481 3.260457
v -1.490560 1.819814 3.260457
v -1.385816 1.840649 3.260457
v -1.281072 1.819814 3.260457
v -1.192274 1.760481 3.260457
v -1.132941 1.671684 3.260457
v -1.112107 1.566940 3.260457
v -1.132941 1.462196 3.260457
v -1.192274 1.373398 3.260457
v -1.281072 1.314066 3.260457
v -1.385816 1.293231 3.260457
v -1.490560 1.314066 2.976407
v -1.579357 1.373398 2.976407
v -1.638690 1.462196 2.976407
v -1.659525 1.566940 2.976407
v -1.638690 1.671684 2.976407
v -1.579357 1.760481 2.976407
v -1.490560 1.819814 2.976407
v -1.385816 1.840649 2.976407
v -1.281072 1.819814 2.976407
v -1.192274 1.760481 2.976407
v -1.132941 1.671684 2.976407
v -1.112107 1.566940 2.976407
v -1.132941 1.462196 2.976407
v -1.192274 1.373398 2.976407
v -1.281072 1.314066 2.976407
v -1.385816 1.293231 2.976407
v -1.293643 1.635453 -0.000001
v -1.293643 1.635453 2.373015
v -1.293643 1.498427 -0.000001
v -1.293643 1.498427 2.373015
v -1.430668 1.635453 -0.000001
v -1.430668 1.635453 2.373015
v -1.430668 1.498427 -0.000001
v -1.430668 1.498427 2.373015
v -1.499333 1.615869 1.893344
v -1.413810 1.657429 2.019906
v -1.410717 1.433511 1.893344
v -1.325194 1.475071 2.019906
v -1.700637 1.648628 2.696405
v -1.615114 1.690188 2.822967
v -1.509352 1.254997 2.696405
v -1.423829 1.296557 2.822967
v -1.454820 1.524268 1.893344
v -1.369297 1.565827 2.019906
v -1.790231 1.361275 3.189183
v -1.704708 1.402835 3.315745
v -1.316306 1.315486 2.237652
v -1.230783 1.357045 2.364214
v -1.527013 1.749085 2.237652
v -1.441490 1.790645 2.364214
v -1.461389 1.521075 2.375700
v -1.546912 1.479515 2.249138
v -1.234036 1.515190 2.128730
v -1.319559 1.473631 2.255292
v -1.322653 1.697548 2.128730
v -1.408176 1.655989 2.255292
v -1.032732 1.482431 2.931792
v -1.118255 1.440871 3.058353
v -1.224017 1.876063 2.931792
v -1.309540 1.834503 3.058353
v -1.278550 1.606792 2.128730
v -1.364073 1.565232 2.255292
v -0.943139 1.769785 3.424569
v -1.028661 1.728225 3.551131
v -1.417064 1.815574 2.473039
v -1.502587 1.774014 2.599600
v -1.206356 1.381974 2.473039
v -1.291879 1.340415 2.599600
v -1.271980 1.609985 2.611086
v -1.186457 1.651544 2.484524
v -1.419354 1.500213 1.185705
v -1.419354 1.520290 1.263918
v -1.315932 1.500213 1.185704
v -1.315932 1.520290 1.263918
v -1.479265 1.264743 1.531526
v -1.479265 1.284820 1.609739
v -1.256022 1.264743 1.531526
v -1.256022 1.284820 1.609739
v -1.367404 1.500213 1.185705
v -1.367404 1.520290 1.263918
v -1.367404 1.071314 1.723437
v -1.367404 1.091390 1.801651
v -1.240734 1.448646 1.354453
v -1.240734 1.468723 1.432666
v -1.486644 1.448647 1.354453
v -1.486644 1.468723 1.432666
v -1.367404 1.402528 1.411561
v -1.367404 1.382452 1.333348
v -1.314015 1.623595 1.159618
v -1.314015 1.589323 1.232733
v -1.417437 1.623595 1.159618
v -1.417437 1.589323 1.232733
v -1.254105 1.790642 1.543198
v -1.254105 1.756369 1.616313
v -1.477348 1.790642 1.543198
v -1.477348 1.756369 1.616313
v -1.365966 1.623595 1.159618
v -1.365966 1.589323 1.232733
v -1.365966 1.945005 1.767735
v -1.365966 1.910733 1.840850
v -1.492636 1.642879 1.335012
v -1.492636 1.608606 1.408127
v -1.246725 1.642879 1.335012
v -1.246725 1.608606 1.408127
v -1.365966 1.677571 1.399701
v -1.365966 1.711844 1.326586
v -1.431352 1.527727 0.553979
v -1.422428 1.545711 0.632192
v -1.338710 1.481753 0.553979
v -1.329786 1.499737 0.632192
v -1.589690 1.343432 0.899800
v -1.580766 1.361416 0.978013
v -1.389716 1.244195 0.899800
v -1.380792 1.262179 0.978013
v -1.384817 1.504633 0.553979
v -1.375892 1.522617 0.632192
v -1.575472 1.120439 1.091712
v -1.566548 1.138423 1.169925
v -1.294273 1.402134 0.722727
v -1.285348 1.420118 0.800941
v -1.514551 1.511447 0.722727
v -1.505627 1.529431 0.800940
v -1.428240 1.417130 0.779835
v -1.437164 1.399146 0.701622
v -1.282147 1.591423 0.527892
v -1.297382 1.560723 0.601007
v -1.374789 1.637396 0.527892
v -1.390024 1.606696 0.601007
v -1.154225 1.714426 0.911472
v -1.169460 1.683726 0.984587
v -1.354199 1.813662 0.911472
v -1.369434 1.782962 0.984587
v -1.328683 1.614516 0.527892
v -1.343917 1.583816 0.601007
v -1.185809 1.902424 1.136009
v -1.201043 1.871724 1.209124
v -1.433577 1.688097 0.703287
v -1.448812 1.657397 0.776402
v -1.213299 1.578784 0.703287
v -1.228534 1.548084 0.776401
v -1.304689 1.662866 0.767975
v -1.289454 1.693566 0.694860
v -1.399708 1.482710 1.721627
v -1.407581 1.501178 1.799840
v -1.304570 1.523267 1.721627
v -1.312443 1.541735 1.799840
v -1.362479 1.242607 2.067448
v -1.370352 1.261075 2.145661
v -1.157118 1.330152 2.067448
v -1.164991 1.348621 2.145661
v -1.351918 1.503083 1.721627
v -1.359791 1.521551 1.799840
v -1.183724 1.108538 2.259359
v -1.191597 1.127006 2.337573
v -1.215173 1.505320 1.890375
v -1.223046 1.523789 1.968588
v -1.441386 1.408886 1.890375
v -1.449259 1.427354 1.968588
v -1.313611 1.413222 1.947483
v -1.305738 1.394754 1.869270
v -1.351191 1.637518 1.695539
v -1.337751 1.605991 1.768654
v -1.446329 1.596961 1.695539
v -1.432889 1.565434 1.768654
v -1.361587 1.814678 2.079120
v -1.348147 1.783151 2.152235
v -1.566948 1.727133 2.079120
v -1.553508 1.695606 2.152235
v -1.398980 1.617145 1.695539
v -1.385540 1.585618 1.768654
v -1.525022 1.912810 2.303657
v -1.511582 1.881283 2.376772
v -1.523066 1.585210 1.870934
v -1.509626 1.553683 1.944049
v -1.296853 1.681645 1.870934
v -1.283413 1.650118 1.944049
v -1.420147 1.666798 1.935623
v -1.433587 1.698325 1.862508
v -0.006008 1.388659 3.643286
v -0.006008 1.334005 3.402481
v -0.006008 1.334005 2.834383
v -0.006008 1.470455 2.432677
v -0.042932 1.477800 3.804187
v -0.074233 1.402230 3.643286
v -0.095149 1.351736 3.402481
v -0.102493 1.334005 3.118432
v -0.095149 1.351736 2.834383
v -0.074233 1.402230 2.593578
v -0.042932 1.477800 2.432677
v -0.074233 1.498715 3.804187
v -0.132072 1.440876 3.643286
v -0.170718 1.402230 3.402481
v -0.184289 1.388659 3.118432
v -0.170718 1.402230 2.834383
v -0.132072 1.440876 2.593578
v -0.074233 1.498715 2.432677
v -0.095149 1.530017 3.804187
v -0.170718 1.498715 3.643286
v -0.221212 1.477800 3.402481
v -0.238943 1.470455 3.118432
v -0.221212 1.477800 2.834383
v -0.170718 1.498715 2.593578
v -0.095149 1.530017 2.432677
v -0.102493 1.566940 3.804187
v -0.184289 1.566940 3.643286
v -0.238943 1.566940 3.402481
v -0.258135 1.566940 3.118432
v -0.238943 1.566940 2.834383
v -0.184289 1.566940 2.593578
v -0.102493 1.566940 2.432677
v -0.095149 1.603863 3.804187
v -0.170718 1.635165 3.643286
v -0.221212 1.656080 3.402481
v -0.238943 1.663425 3.118432
v -0.221212 1.656080 2.834383
v -0.170718 1.635165 2.593578
v -0.095149 1.603863 2.432677
v -0.074233 1.635165 3.804187
v -0.132072 1.693003 3.643286
v -0.170718 1.731650 3.402481
v -0.184289 1.745220 3.118432
v -0.170718 1.731650 2.834383
v -0.132072 1.693003 2.593578
v -0.074233 1.635165 2.432677
v -0.042932 1.656080 3.804187
v -0.074233 1.731650 3.643286
v -0.095149 1.782144 3.402481
v -0.102493 1.799875 3.118432
v -0.095149 1.782144 2.834383
v -0.074233 1.731650 2.593578
v -0.042932 1.656080 2.432677
v -0.006008 1.566940 3.860687
v -0.006008 1.663425 3.804187
v -0.006008 1.745220 3.643286
v -0.006008 1.799875 3.402481
v -0.006008 1.819067 3.118432
v -0.006008 1.799875 2.834383
v -0.006008 1.745220 2.593578
v -0.006008 1.663425 2.432677
v 0.030915 1.656080 3.804187
v 0.062217 1.731650 3.643286
v 0.083132 1.782143 3.402481
v 0.090476 1.799875 3.118432
v 0.083132 1.782143 2.834383
v 0.062217 1.731650 2.593578
v 0.030915 1.656080 2.432677
v 0.062217 1.635165 3.804187
v 0.120055 1.693003 3.643286
v 0.158701 1.731650 3.402481
v 0.172272 1.745220 3.118432
v 0.158701 1.731650 2.834383
v 0.120055 1.693003 2.593578
v 0.062217 1.635165 2.432677
v -0.006008 1.566940 2.376176
v 0.083132 1.603863 3.804187
v 0.158701 1.635165 3.643286
v 0.209195 1.656080 3.402481
v 0.226926 1.663424 3.118432
v 0.209195 1.656080 2.834383
v 0.158701 1.635165 2.593578
v 0.083132 1.603863 2.432677
v 0.090476 1.566940 3.804187
v 0.172272 1.566940 3.643286
v 0.226926 1.566940 3.402481
v 0.246118 1.566940 3.118432
v 0.226926 1.566940 2.834383
v 0.172272 1.566940 2.593578
v 0.090476 1.566940 2.432677
v 0.083132 1.530017 3.804187
v 0.158701 1.498715 3.643286
v 0.209195 1.477799 3.402481
v 0.226926 1.470455 3.118432
v 0.209195 1.477799 2.834383
v 0.158701 1.498715 2.593578
v 0.083132 1.530017 2.432677
v 0.062217 1.498715 3.804187
v 0.120055 1.440876 3.643286
v 0.158701 1.402230 3.402481
v 0.172272 1.388659 3.118432
v 0.158701 1.402230 2.834383
v 0.120055 1.440876 2.593578
v 0.062217 1.498715 2.432677
v 0.030915 1.477800 3.804187
v 0.062217 1.402230 3.643286
v 0.083132 1.351736 3.402481
v 0.090476 1.334005 3.118432
v 0.083132 1.351736 2.834383
v 0.062217 1.402230 2.593578
v 0.030915 1.477800 2.432677
v -0.006008 1.470455 3.804187
v -0.006009 1.314813 3.118432
v -0.006008 1.388659 2.593578
v -0.006008 1.361332 3.522883
v -0.084691 1.376983 3.522883
v -0.151395 1.421553 3.522883
v -0.195965 1.488257 3.522883
v -0.211616 1.566940 3.522883
v -0.195965 1.645623 3.522883
v -0.151395 1.712327 3.522883
v -0.084691 1.756897 3.522883
v -0.006008 1.772548 3.522883
v 0.072674 1.756897 3.522883
v 0.139378 1.712326 3.522883
v 0.183948 1.645622 3.522883
v 0.199599 1.566940 3.522883
v 0.183948 1.488257 3.522883
v 0.139378 1.421553 3.522883
v 0.072674 1.376983 3.522883
v -0.058583 1.440015 3.723736
v -0.103153 1.469796 3.723736
v -0.132933 1.514366 3.723736
v -0.143391 1.566940 3.723736
v -0.132933 1.619514 3.723736
v -0.103153 1.664084 3.723736
v -0.058582 1.693865 3.723736
v -0.006008 1.704322 3.723736
v 0.046566 1.693865 3.723736
v 0.091136 1.664084 3.723736
v 0.120917 1.619514 3.723736
v 0.131374 1.566940 3.723736
v 0.120917 1.514366 3.723736
v 0.091136 1.469796 3.723736
v 0.046566 1.440015 3.723736
v -0.006008 1.429557 3.723736
v -0.098821 1.342870 3.260457
v -0.177504 1.395445 3.260457
v -0.230078 1.474127 3.260457
v -0.248539 1.566940 3.260457
v -0.230078 1.659752 3.260457
v -0.177504 1.738435 3.260457
v -0.098821 1.791009 3.260457
v -0.006008 1.809471 3.260457
v 0.086804 1.791009 3.260457
v 0.165487 1.738435 3.260457
v 0.218061 1.659752 3.260457
v 0.236522 1.566940 3.260457
v 0.218061 1.474127 3.260457
v 0.165487 1.395445 3.260457
v 0.086804 1.342870 3.260457
v -0.006008 1.324409 3.260457
v -0.098821 1.342870 2.976407
v -0.177504 1.395445 2.976407
v -0.230078 1.474127 2.976407
v -0.248539 1.566940 2.976407
v -0.230078 1.659752 2.976407
v -0.177504 1.738435 2.976407
v -0.098821 1.791009 2.976407
v -0.006008 1.809471 2.976407
v 0.086804 1.791009 2.976407
v 0.165487 1.738435 2.976407
v 0.218061 1.659752 2.976407
v 0.236522 1.566940 2.976407
v 0.218061 1.474127 2.976407
v 0.165487 1.395445 2.976407
v 0.086804 1.342870 2.976407
v -0.006008 1.324409 2.976407
v -0.106608 1.324071 2.834383
v -0.083004 1.381056 2.593578
v -0.006008 1.304060 2.834383
v -0.106608 1.324071 3.402481
v -0.006008 1.304060 3.402481
v -0.006008 1.365741 3.643286
v -0.083004 1.381056 3.643286
v -0.191892 1.381056 2.834383
v -0.148278 1.424670 2.593578
v -0.248877 1.466340 2.834383
v -0.191892 1.489944 2.593578
v -0.268888 1.458052 3.118432
v -0.207208 1.365741 3.118432
v -0.191892 1.381056 3.402481
v -0.248877 1.466340 3.402481
v -0.191892 1.489944 3.643286
v -0.148278 1.424670 3.643286
v -0.083004 1.489944 3.804187
v -0.106608 1.525270 3.804187
v -0.268888 1.566940 2.834383
v -0.207208 1.566940 2.593578
v -0.248877 1.667539 2.834383
v -0.191892 1.643935 2.593578
v -0.248877 1.667539 3.402481
v -0.268888 1.566940 3.402481
v -0.207208 1.566940 3.643286
v -0.191892 1.643935 3.643286
v -0.106608 1.608610 3.804187
v -0.114897 1.566940 3.804187
v -0.268888 1.675828 3.118432
v -0.290547 1.566940 3.118432
v -0.191892 1.752824 2.834383
v -0.148278 1.709209 2.593578
v -0.106608 1.809809 2.834383
v -0.083004 1.752824 2.593578
v -0.083004 1.752824 3.643286
v -0.148278 1.709209 3.643286
v -0.083004 1.643935 3.804187
v -0.047678 1.667539 3.804187
v -0.207208 1.768139 3.118432
v -0.114897 1.829819 3.118432
v -0.106608 1.809809 3.402481
v -0.191892 1.752824 3.402481
v -0.006008 1.829819 2.834383
v -0.006008 1.768139 2.593578
v 0.094591 1.809809 2.834383
v 0.070987 1.752824 2.593578
v 0.035661 1.667539 3.804187
v -0.006008 1.675828 3.804187
v 0.102880 1.829819 3.118432
v -0.006008 1.851479 3.118432
v -0.006008 1.829819 3.402481
v 0.094591 1.809809 3.402481
v 0.070987 1.752824 3.643286
v -0.006008 1.768139 3.643286
v 0.179876 1.752824 2.834383
v 0.136261 1.709209 2.593578
v 0.236861 1.667539 2.834383
v 0.179875 1.643935 2.593578
v 0.195191 1.768139 3.118432
v 0.256871 1.675828 3.118432
v 0.236861 1.667539 3.402481
v 0.179876 1.752824 3.402481
v 0.136261 1.709209 3.643286
v 0.179875 1.643935 3.643286
v 0.094591 1.608609 3.804187
v 0.070987 1.643935 3.804187
v 0.256871 1.566940 2.834383
v 0.195191 1.566940 2.593578
v 0.236860 1.466340 2.834383
v 0.179875 1.489944 2.593578
v 0.256871 1.458051 3.118432
v 0.278530 1.566940 3.118432
v 0.256871 1.566940 3.402481
v 0.236860 1.466340 3.402481
v 0.179875 1.489944 3.643286
v 0.195191 1.566940 3.643286
v 0.102880 1.566940 3.804187
v 0.094591 1.525270 3.804187
v 0.179875 1.381056 2.834383
v 0.136261 1.424670 2.593578
v 0.094591 1.324071 2.834383
v 0.070987 1.381056 2.593578
v 0.195191 1.365741 3.118432
v 0.102880 1.304060 3.118432
v 0.094591 1.324071 3.402481
v 0.179875 1.381056 3.402481
v 0.136261 1.424670 3.643286
v 0.070987 1.381056 3.643286
v 0.035661 1.466340 3.804187
v 0.070987 1.489944 3.804187
v -0.006009 1.365741 2.593578
v -0.006009 1.282401 3.118432
v -0.114897 1.304060 3.118432
v -0.047678 1.466340 3.804187
v -0.006008 1.458052 3.804187
v -0.006008 1.334900 3.522883
v -0.094806 1.352563 3.522883
v -0.170085 1.402863 3.522883
v -0.220385 1.478142 3.522883
v -0.238048 1.566940 3.522883
v -0.220385 1.655738 3.522883
v -0.170085 1.731017 3.522883
v -0.094806 1.781316 3.522883
v -0.006008 1.798979 3.522883
v 0.082789 1.781316 3.522883
v 0.158068 1.731016 3.522883
v 0.208368 1.655737 3.522883
v 0.226031 1.566940 3.522883
v 0.208368 1.478142 3.522883
v 0.158068 1.402863 3.522883
v 0.082789 1.352563 3.522883
v -0.065341 1.423698 3.723736
v -0.115641 1.457307 3.723736
v -0.149250 1.507607 3.723736
v -0.161052 1.566940 3.723736
v -0.149250 1.626272 3.723736
v -0.115641 1.676572 3.723736
v -0.065341 1.710182 3.723736
v -0.006008 1.721984 3.723736
v 0.053324 1.710182 3.723736
v 0.103624 1.676572 3.723736
v 0.137233 1.626272 3.723736
v 0.149035 1.566940 3.723736
v 0.137233 1.507607 3.723736
v 0.103624 1.457307 3.723736
v 0.053324 1.423698 3.723736
v -0.006008 1.411896 3.723736
v -0.110752 1.314066 3.260457
v -0.199550 1.373398 3.260457
v -0.258883 1.462196 3.260457
v -0.279718 1.566940 3.260457
v -0.258883 1.671684 3.260457
v -0.199550 1.760481 3.260457
v -0.110752 1.819814 3.260457
v -0.006008 1.840649 3.260457
v 0.098736 1.819814 3.260457
v 0.187533 1.760481 3.260457
v 0.246866 1.671684 3.260457
v 0.267701 1.566940 3.260457
v 0.246866 1.462196 3.260457
v 0.187533 1.373398 3.260457
v 0.098735 1.314066 3.260457
v -0.006009 1.293231 3.260457
v -0.110752 1.314066 2.976407
v -0.199550 1.373398 2.976407
v -0.258883 1.462196 2.976407
v -0.279718 1.566940 2.976407
v -0.258883 1.671684 2.976407
v -0.199550 1.760481 2.976407
v -0.110752 1.819814 2.976407
v -0.006008 1.840649 2.976407
v 0.098736 1.819814 2.976407
v 0.187533 1.760481 2.976407
v 0.246866 1.671684 2.976407
v 0.267701 1.566940 2.976407
v 0.246866 1.462196 2.976407
v 0.187533 1.373398 2.976407
v 0.098735 1.314066 2.976407
v -0.006009 1.293231 2.976407
v 0.086165 1.635453 -0.000001
v 0.086165 1.635453 2.373015
v 0.086165 1.498427 -0.000001
v 0.086165 1.498427 2.373015
v -0.050861 1.635453 -0.000001
v -0.050861 1.635453 2.373015
v -0.050861 1.498427 -0.000001
v -0.050861 1.498427 2.373015
v -0.119526 1.615869 1.893344
v -0.034003 1.657429 2.019906
v -0.030910 1.433511 1.893344
v 0.054613 1.475071 2.019906
v -0.320830 1.648628 2.696405
v -0.235307 1.690188 2.822967
v -0.129545 1.254997 2.696405
v -0.044022 1.296557 2.822967
v -0.075012 1.524268 1.893344
v 0.010510 1.565827 2.019906
v -0.410424 1.361275 3.189183
v -0.324901 1.402835 3.315745
v 0.063501 1.315486 2.237652
v 0.149024 1.357045 2.364214
v -0.147206 1.749085 2.237652
v -0.061683 1.790645 2.364214
v -0.081582 1.521075 2.375700
v -0.167105 1.479515 2.249138
v 0.145771 1.515190 2.128730
v 0.060248 1.473631 2.255292
v 0.057154 1.697548 2.128730
v -0.028369 1.655989 2.255292
v 0.347075 1.482431 2.931792
v 0.261552 1.440871 3.058353
v 0.155790 1.876063 2.931792
v 0.070267 1.834503 3.058353
v 0.101257 1.606792 2.128730
v 0.015734 1.565232 2.255292
v 0.436669 1.769785 3.424569
v 0.351146 1.728225 3.551131
v -0.037256 1.815574 2.473039
v -0.122779 1.774014 2.599600
v 0.173451 1.381974 2.473039
v 0.087928 1.340415 2.599600
v 0.107827 1.609985 2.611086
v 0.193350 1.651544 2.484524
v -0.039547 1.500213 1.185705
v -0.039547 1.520290 1.263918
v 0.063875 1.500213 1.185704
v 0.063875 1.520290 1.263918
v -0.099458 1.264743 1.531526
v -0.099458 1.284820 1.609739
v 0.123785 1.264743 1.531526
v 0.123785 1.284820 1.609739
v 0.012404 1.500213 1.185705
v 0.012404 1.520290 1.263918
v 0.012403 1.071314 1.723437
v 0.012403 1.091390 1.801651
v 0.139073 1.448646 1.354453
v 0.139073 1.468723 1.432666
v -0.106837 1.448647 1.354453
v -0.106837 1.468723 1.432666
v 0.012404 1.402528 1.411561
v 0.012404 1.382452 1.333348
v 0.065792 1.623595 1.159618
v 0.065792 1.589323 1.232733
v -0.037630 1.623595 1.159618
v -0.037630 1.589323 1.232733
v 0.125703 1.790642 1.543198
v 0.125703 1.756369 1.616313
v -0.097540 1.790642 1.543198
v -0.097540 1.756369 1.616313
v 0.013841 1.623595 1.159618
v 0.013841 1.589323 1.232733
v 0.013841 1.945005 1.767735
v 0.013841 1.910733 1.840850
v -0.112828 1.642879 1.335012
v -0.112828 1.608606 1.408127
v 0.133082 1.642879 1.335012
v 0.133082 1.608606 1.408127
v 0.013841 1.677571 1.399701
v 0.013841 1.711844 1.326586
v -0.051545 1.527727 0.553979
v -0.042621 1.545711 0.632192
v 0.041097 1.481753 0.553979
v 0.050021 1.499737 0.632192
v -0.209883 1.343432 0.899800
v -0.200958 1.361416 0.978013
v -0.009909 1.244195 0.899800
v -0.000985 1.262179 0.978013
v -0.005010 1.504633 0.553979
v 0.003915 1.522617 0.632192
v -0.195665 1.120439 1.091712
v -0.186741 1.138423 1.169925
v 0.085535 1.402134 0.722727
v 0.094459 1.420118 0.800941
v -0.134744 1.511447 0.722727
v -0.125819 1.529431 0.800940
v -0.048433 1.417130 0.779835
v -0.057357 1.399146 0.701622
v 0.097660 1.591423 0.527892
v 0.082425 1.560723 0.601007
v 0.005018 1.637396 0.527892
v -0.010217 1.606696 0.601007
v 0.225582 1.714426 0.911472
v 0.210347 1.683726 0.984587
v 0.025608 1.813662 0.911472
v 0.010373 1.782962 0.984587
v 0.051124 1.614516 0.527892
v 0.035890 1.583816 0.601007
v 0.193999 1.902424 1.136009
v 0.178764 1.871724 1.209124
v -0.053770 1.688097 0.703287
v -0.069005 1.657397 0.776402
v 0.166508 1.578784 0.703287
v 0.151273 1.548084 0.776401
v 0.075118 1.662866 0.767975
v 0.090353 1.693566 0.694860
v -0.019901 1.482710 1.721627
v -0.027774 1.501178 1.799840
v 0.075237 1.523267 1.721627
v 0.067364 1.541735 1.799840
v 0.017328 1.242607 2.067448
v 0.009455 1.261075 2.145661
v 0.222689 1.330152 2.067448
v 0.214816 1.348621 2.145661
v 0.027889 1.503083 1.721627
v 0.020016 1.521551 1.799840
v 0.196083 1.108538 2.259359
v 0.188210 1.127006 2.337573
v 0.164634 1.505320 1.890375
v 0.156761 1.523789 1.968588
v -0.061578 1.408886 1.890375
v -0.069452 1.427354 1.968588
v 0.066196 1.413222 1.947483
v 0.074069 1.394754 1.869270
v 0.028616 1.637518 1.695539
v 0.042056 1.605991 1.768654
v -0.066522 1.596961 1.695539
v -0.053082 1.565434 1.768654
v 0.018220 1.814678 2.079120
v 0.031660 1.783151 2.152235
v -0.187141 1.727133 2.079120
v -0.173701 1.695606 2.152235
v -0.019173 1.617145 1.695539
v -0.005733 1.585618 1.768654
v -0.145215 1.912810 2.303657
v -0.131775 1.881283 2.376772
v -0.143259 1.585210 1.870934
v -0.129819 1.553683 1.944049
v 0.082954 1.681645 1.870934
v 0.096394 1.650118 1.944049
v -0.040340 1.666798 1.935623
v -0.053780 1.698325 1.862508
v -2.713217 1.388659 3.643286
v -2.713217 1.334005 3.402481
v -2.713217 1.334005 2.834383
v -2.713217 1.470455 2.432677
v -2.750140 1.477800 3.804187
v -2.781442 1.402230 3.643286
v -2.802357 1.351736 3.402481
v -2.809702 1.334005 3.118432
v -2.802357 1.351736 2.834383
v -2.781442 1.402230 2.593578
v -2.750140 1.477800 2.432677
v -2.781442 1.498715 3.804187
v -2.839281 1.440876 3.643286
v -2.877927 1.402230 3.402481
v -2.891498 1.388659 3.118432
v -2.877927 1.402230 2.834383
v -2.839281 1.440876 2.593578
v -2.781442 1.498715 2.432677
v -2.802357 1.530017 3.804187
v -2.877927 1.498715 3.643286
v -2.928421 1.477800 3.402481
v -2.946152 1.470455 3.118432
v -2.928421 1.477800 2.834383
v -2.877927 1.498715 2.593578
v -2.802357 1.530017 2.432677
v -2.809702 1.566940 3.804187
v -2.891498 1.566940 3.643286
v -2.946152 1.566940 3.402481
v -2.965344 1.566940 3.118432
v -2.946152 1.566940 2.834383
v -2.891498 1.566940 2.593578
v -2.809702 1.566940 2.432677
v -2.802357 1.603863 3.804187
v -2.877927 1.635165 3.643286
v -2.928421 1.656080 3.402481
v -2.946152 1.663425 3.118432
v -2.928421 1.656080 2.834383
v -2.877927 1.635165 2.593578
v -2.802357 1.603863 2.432677
v -2.781442 1.635165 3.804187
v -2.839281 1.693003 3.643286
v -2.877927 1.731650 3.402481
v -2.891498 1.745220 3.118432
v -2.877927 1.731650 2.834383
v -2.839281 1.693003 2.593578
v -2.781442 1.635165 2.432677
v -2.750140 1.656080 3.804187
v -2.781442 1.731650 3.643286
v -2.802357 1.782144 3.402481
v -2.809702 1.799875 3.118432
v -2.802357 1.782144 2.834383
v -2.781442 1.731650 2.593578
v -2.750140 1.656080 2.432677
v -2.713217 1.566940 3.860687
v -2.713217 1.663425 3.804187
v -2.713217 1.745220 3.643286
v -2.713217 1.799875 3.402481
v -2.713217 1.819067 3.118432
v -2.713217 1.799875 2.834383
v -2.713217 1.745220 2.593578
v -2.713217 1.663425 2.432677
v -2.676294 1.656080 3.804187
v -2.644992 1.731650 3.643286
v -2.624077 1.782143 3.402481
v -2.616732 1.799875 3.118432
v -2.624077 1.782143 2.834383
v -2.644992 1.731650 2.593578
v -2.676294 1.656080 2.432677
v -2.644992 1.635165 3.804187
v -2.587153 1.693003 3.643286
v -2.548507 1.731650 3.402481
v -2.534936 1.745220 3.118432
v -2.548507 1.731650 2.834383
v -2.587153 1.693003 2.593578
v -2.644992 1.635165 2.432677
v -2.713217 1.566940 2.376176
v -2.624077 1.603863 3.804187
v -2.548507 1.635165 3.643286
v -2.498013 1.656080 3.402481
v -2.480282 1.663424 3.118432
v -2.498013 1.656080 2.834383
v -2.548507 1.635165 2.593578
v -2.624077 1.603863 2.432677
v -2.616732 1.566940 3.804187
v -2.534936 1.566940 3.643286
v -2.480282 1.566940 3.402481
v -2.461090 1.566940 3.118432
v -2.480282 1.566940 2.834383
v -2.534936 1.566940 2.593578
v -2.616732 1.566940 2.432677
v -2.624077 1.530017 3.804187
v -2.548507 1.498715 3.643286
v -2.498013 1.477799 3.402481
v -2.480282 1.470455 3.118432
v -2.498013 1.477799 2.834383
v -2.548507 1.498715 2.593578
v -2.624077 1.530017 2.432677
v -2.644992 1.498715 3.804187
v -2.587154 1.440876 3.643286
v -2.548507 1.402230 3.402481
v -2.534937 1.388659 3.118432
v -2.548507 1.402230 2.834383
v -2.587154 1.440876 2.593578
v -2.644992 1.498715 2.432677
v -2.676294 1.477800 3.804187
v -2.644992 1.402230 3.643286
v -2.624077 1.351736 3.402481
v -2.616732 1.334005 3.118432
v -2.624077 1.351736 2.834383
v -2.644992 1.402230 2.593578
v -2.676294 1.477800 2.432677
v -2.713217 1.470455 3.804187
v -2.713217 1.314813 3.118432
v -2.713217 1.388659 2.593578
v -2.713217 1.361332 3.522883
v -2.791900 1.376983 3.522883
v -2.858603 1.421553 3.522883
v -2.903174 1.488257 3.522883
v -2.918825 1.566940 3.522883
v -2.903174 1.645623 3.522883
v -2.858603 1.712327 3.522883
v -2.791900 1.756897 3.522883
v -2.713217 1.772548 3.522883
v -2.634534 1.756897 3.522883
v -2.567830 1.712326 3.522883
v -2.523260 1.645622 3.522883
v -2.507609 1.566940 3.522883
v -2.523260 1.488257 3.522883
v -2.567830 1.421553 3.522883
v -2.634534 1.376983 3.522883
v -2.765791 1.440015 3.723736
v -2.810361 1.469796 3.723736
v -2.840142 1.514366 3.723736
v -2.850600 1.566940 3.723736
v -2.840142 1.619514 3.723736
v -2.810361 1.664084 3.723736
v -2.765791 1.693865 3.723736
v -2.713217 1.704322 3.723736
v -2.660643 1.693865 3.723736
v -2.616073 1.664084 3.723736
v -2.586292 1.619514 3.723736
v -2.575835 1.566940 3.723736
v -2.586292 1.514366 3.723736
v -2.616073 1.469796 3.723736
v -2.660643 1.440015 3.723736
v -2.713217 1.429557 3.723736
v -2.806030 1.342870 3.260457
v -2.884712 1.395445 3.260457
v -2.937286 1.474127 3.260457
v -2.955748 1.566940 3.260457
v -2.937286 1.659752 3.260457
v -2.884712 1.738435 3.260457
v -2.806030 1.791009 3.260457
v -2.713217 1.809471 3.260457
v -2.620404 1.791009 3.260457
v -2.541722 1.738435 3.260457
v -2.489148 1.659752 3.260457
v -2.470686 1.566940 3.260457
v -2.489148 1.474127 3.260457
v -2.541722 1.395445 3.260457
v -2.620405 1.342870 3.260457
v -2.713217 1.324409 3.260457
v -2.806030 1.342870 2.976407
v -2.884712 1.395445 2.976407
v -2.937286 1.474127 2.976407
v -2.955748 1.566940 2.976407
v -2.937286 1.659752 2.976407
v -2.884712 1.738435 2.976407
v -2.806030 1.791009 2.976407
v -2.713217 1.809471 2.976407
v -2.620404 1.791009 2.976407
v -2.541722 1.738435 2.976407
v -2.489148 1.659752 2.976407
v -2.470686 1.566940 2.976407
v -2.489148 1.474127 2.976407
v -2.541722 1.395445 2.976407
v -2.620405 1.342870 2.976407
v -2.713217 1.324409 2.976407
v -2.813817 1.324071 2.834383
v -2.790213 1.381056 2.593578
v -2.713217 1.304060 2.834383
v -2.813817 1.324071 3.402481
v -2.713217 1.304060 3.402481
v -2.713217 1.365741 3.643286
v -2.790213 1.381056 3.643286
v -2.899101 1.381056 2.834383
v -2.855486 1.424670 2.593578
v -2.956086 1.466340 2.834383
v -2.899101 1.489944 2.593578
v -2.976096 1.458052 3.118432
v -2.914416 1.365741 3.118432
v -2.899101 1.381056 3.402481
v -2.956086 1.466340 3.402481
v -2.899101 1.489944 3.643286
v -2.855486 1.424670 3.643286
v -2.790213 1.489944 3.804187
v -2.813817 1.525270 3.804187
v -2.976096 1.566940 2.834383
v -2.914416 1.566940 2.593578
v -2.956086 1.667539 2.834383
v -2.899101 1.643935 2.593578
v -2.956086 1.667539 3.402481
v -2.976096 1.566940 3.402481
v -2.914416 1.566940 3.643286
v -2.899101 1.643935 3.643286
v -2.813817 1.608610 3.804187
v -2.822105 1.566940 3.804187
v -2.976096 1.675828 3.118432
v -2.997756 1.566940 3.118432
v -2.899101 1.752824 2.834383
v -2.855486 1.709209 2.593578
v -2.813817 1.809809 2.834383
v -2.790213 1.752824 2.593578
v -2.790213 1.752824 3.643286
v -2.855486 1.709209 3.643286
v -2.790213 1.643935 3.804187
v -2.754887 1.667539 3.804187
v -2.914416 1.768139 3.118432
v -2.822105 1.829819 3.118432
v -2.813817 1.809809 3.402481
v -2.899101 1.752824 3.402481
v -2.713217 1.829819 2.834383
v -2.713217 1.768139 2.593578
v -2.612617 1.809809 2.834383
v -2.636221 1.752824 2.593578
v -2.671547 1.667539 3.804187
v -2.713217 1.675828 3.804187
v -2.604329 1.829819 3.118432
v -2.713217 1.851479 3.118432
v -2.713217 1.829819 3.402481
v -2.612617 1.809809 3.402481
v -2.636221 1.752824 3.643286
v -2.713217 1.768139 3.643286
v -2.527333 1.752824 2.834383
v -2.570948 1.709209 2.593578
v -2.470348 1.667539 2.834383
v -2.527333 1.643935 2.593578
v -2.512018 1.768139 3.118432
v -2.450337 1.675828 3.118432
v -2.470348 1.667539 3.402481
v -2.527333 1.752824 3.402481
v -2.570948 1.709209 3.643286
v -2.527333 1.643935 3.643286
v -2.612617 1.608609 3.804187
v -2.636221 1.643935 3.804187
v -2.450337 1.566940 2.834383
v -2.512018 1.566940 2.593578
v -2.470348 1.466340 2.834383
v -2.527333 1.489944 2.593578
v -2.450337 1.458051 3.118432
v -2.428678 1.566940 3.118432
v -2.450337 1.566940 3.402481
v -2.470348 1.466340 3.402481
v -2.527333 1.489944 3.643286
v -2.512018 1.566940 3.643286
v -2.604329 1.566940 3.804187
v -2.612617 1.525270 3.804187
v -2.527333 1.381056 2.834383
v -2.570948 1.424670 2.593578
v -2.612617 1.324071 2.834383
v -2.636221 1.381056 2.593578
v -2.512018 1.365741 3.118432
v -2.604329 1.304060 3.118432
v -2.612617 1.324071 3.402481
v -2.527333 1.381056 3.402481
v -2.570948 1.424670 3.643286
v -2.636221 1.381056 3.643286
v -2.671547 1.466340 3.804187
v -2.636221 1.489944 3.804187
v -2.713217 1.365741 2.593578
v -2.713217 1.282401 3.118432
v -2.822105 1.304060 3.118432
v -2.754887 1.466340 3.804187
v -2.713217 1.458052 3.804187
v -2.713217 1.334900 3.522883
v -2.802015 1.352563 3.522883
v -2.877294 1.402863 3.522883
v -2.927593 1.478142 3.522883
v -2.945256 1.566940 3.522883
v -2.927593 1.655738 3.522883
v -2.877294 1.731017 3.522883
v -2.802015 1.781316 3.522883
v -2.713217 1.798979 3.522883
v -2.624419 1.781316 3.522883
v -2.549140 1.731016 3.522883
v -2.498840 1.655737 3.522883
v -2.481178 1.566940 3.522883
v -2.498841 1.478142 3.522883
v -2.549140 1.402863 3.522883
v -2.624420 1.352563 3.522883
v -2.772550 1.423698 3.723736
v -2.822850 1.457307 3.723736
v -2.856459 1.507607 3.723736
v -2.868261 1.566940 3.723736
v -2.856459 1.626272 3.723736
v -2.822850 1.676572 3.723736
v -2.772550 1.710182 3.723736
v -2.713217 1.721984 3.723736
v -2.653884 1.710182 3.723736
v -2.603584 1.676572 3.723736
v -2.569975 1.626272 3.723736
v -2.558173 1.566940 3.723736
v -2.569975 1.507607 3.723736
v -2.603585 1.457307 3.723736
v -2.653884 1.423698 3.723736
v -2.713217 1.411896 3.723736
v -2.817961 1.314066 3.260457
v -2.906759 1.373398 3.260457
v -2.966091 1.462196 3.260457
v -2.986926 1.566940 3.260457
v -2.966091 1.671684 3.260457
v -2.906759 1.760481 3.260457
v -2.817961 1.819814 3.260457
v -2.713217 1.840649 3.260457
v -2.608473 1.819814 3.260457
v -2.519675 1.760481 3.260457
v -2.460343 1.671684 3.260457
v -2.439508 1.566940 3.260457
v -2.460343 1.462196 3.260457
v -2.519676 1.373398 3.260457
v -2.608473 1.314066 3.260457
v -2.713217 1.293231 3.260457
v -2.817961 1.314066 2.976407
v -2.906759 1.373398 2.976407
v -2.966091 1.462196 2.976407
v -2.986926 1.566940 2.976407
v -2.966091 1.671684 2.976407
v -2.906759 1.760481 2.976407
v -2.817961 1.819814 2.976407
v -2.713217 1.840649 2.976407
v -2.608473 1.819814 2.976407
v -2.519675 1.760481 2.976407
v -2.460343 1.671684 2.976407
v -2.439508 1.566940 2.976407
v -2.460343 1.462196 2.976407
v -2.519676 1.373398 2.976407
v -2.608473 1.314066 2.976407
v -2.713217 1.293231 2.976407
v -2.621044 1.635453 -0.000001
v -2.621044 1.635453 2.373015
v -2.621044 1.498427 -0.000001
v -2.621044 1.498427 2.373015
v -2.758069 1.635453 -0.000001
v -2.758069 1.635453 2.373015
v -2.758069 1.498427 -0.000001
v -2.758069 1.498427 2.373015
v -2.826735 1.615869 1.893344
v -2.741212 1.657429 2.019906
v -2.738118 1.433511 1.893344
v -2.652595 1.475071 2.019906
v -3.028039 1.648628 2.696405
v -2.942516 1.690188 2.822967
v -2.836754 1.254997 2.696405
v -2.751231 1.296557 2.822967
v -2.782221 1.524268 1.893344
v -2.696698 1.565827 2.019906
v -3.117632 1.361275 3.189183
v -3.032109 1.402835 3.315745
v -2.643707 1.315486 2.237652
v -2.558184 1.357045 2.364214
v -2.854414 1.749085 2.237652
v -2.768892 1.790645 2.364214
v -2.788791 1.521075 2.375700
v -2.874314 1.479515 2.249138
v -2.561437 1.515190 2.128730
v -2.646960 1.473631 2.255292
v -2.650054 1.697548 2.128730
v -2.735577 1.655989 2.255292
v -2.360133 1.482431 2.931792
v -2.445657 1.440871 3.058353
v -2.551419 1.876063 2.931792
v -2.636942 1.834503 3.058353
v -2.605951 1.606792 2.128730
v -2.691474 1.565232 2.255292
v -2.270540 1.769785 3.424569
v -2.356063 1.728225 3.551131
v -2.744465 1.815574 2.473039
v -2.829988 1.774014 2.599600
v -2.533758 1.381974 2.473039
v -2.619281 1.340415 2.599600
v -2.599381 1.609985 2.611086
v -2.513859 1.651544 2.484524
v -2.746756 1.500213 1.185705
v -2.746756 1.520290 1.263918
v -2.643334 1.500213 1.185704
v -2.643334 1.520290 1.263918
v -2.806666 1.264743 1.531526
v -2.806666 1.284820 1.609739
v -2.583423 1.264743 1.531526
v -2.583423 1.284820 1.609739
v -2.694805 1.500213 1.185705
v -2.694805 1.520290 1.263918
v -2.694805 1.071314 1.723437
v -2.694805 1.091390 1.801651
v -2.568135 1.448646 1.354453
v -2.568135 1.468723 1.432666
v -2.814046 1.448647 1.354453
v -2.814046 1.468723 1.432666
v -2.694805 1.402528 1.411561
v -2.694805 1.382452 1.333348
v -2.641417 1.623595 1.159618
v -2.641417 1.589323 1.232733
v -2.744838 1.623595 1.159618
v -2.744838 1.589323 1.232733
v -2.581506 1.790642 1.543198
v -2.581506 1.756369 1.616313
v -2.804749 1.790642 1.543198
v -2.804749 1.756369 1.616313
v -2.693367 1.623595 1.159618
v -2.693367 1.589323 1.232733
v -2.693367 1.945005 1.767735
v -2.693367 1.910733 1.840850
v -2.820037 1.642879 1.335012
v -2.820037 1.608606 1.408127
v -2.574127 1.642879 1.335012
v -2.574127 1.608606 1.408127
v -2.693367 1.677571 1.399701
v -2.693367 1.711844 1.326586
v -2.758754 1.527727 0.553979
v -2.749830 1.545711 0.632192
v -2.666112 1.481753 0.553979
v -2.657187 1.499737 0.632192
v -2.917092 1.343432 0.899800
v -2.908167 1.361416 0.978013
v -2.717118 1.244195 0.899800
v -2.708193 1.262179 0.978013
v -2.712218 1.504633 0.553979
v -2.703294 1.522617 0.632192
v -2.902874 1.120439 1.091712
v -2.893949 1.138423 1.169925
v -2.621674 1.402134 0.722727
v -2.612750 1.420118 0.800941
v -2.841953 1.511447 0.722727
v -2.833028 1.529431 0.800940
v -2.755641 1.417130 0.779835
v -2.764566 1.399146 0.701622
v -2.609548 1.591423 0.527892
v -2.624783 1.560723 0.601007
v -2.702190 1.637396 0.527892
v -2.717425 1.606696 0.601007
v -2.481626 1.714426 0.911472
v -2.496861 1.683726 0.984587
v -2.681600 1.813662 0.911472
v -2.696835 1.782962 0.984587
v -2.656084 1.614516 0.527892
v -2.671319 1.583816 0.601007
v -2.513210 1.902424 1.136009
v -2.528445 1.871724 1.209124
v -2.760979 1.688097 0.703287
v -2.776214 1.657397 0.776402
v -2.540700 1.578784 0.703287
v -2.555935 1.548084 0.776401
v -2.632090 1.662866 0.767975
v -2.616856 1.693566 0.694860
v -2.727109 1.482710 1.721627
v -2.734982 1.501178 1.799840
v -2.631971 1.523267 1.721627
v -2.639844 1.541735 1.799840
v -2.689881 1.242607 2.067448
v -2.697753 1.261075 2.145661
v -2.484519 1.330152 2.067448
v -2.492392 1.348621 2.145661
v -2.679320 1.503083 1.721627
v -2.687193 1.521551 1.799840
v -2.511125 1.108538 2.259359
v -2.518998 1.127006 2.337573
v -2.542574 1.505320 1.890375
v -2.550447 1.523789 1.968588
v -2.768787 1.408886 1.890375
v -2.776660 1.427354 1.968588
v -2.641012 1.413222 1.947483
v -2.633139 1.394754 1.869270
v -2.678592 1.637518 1.695539
v -2.665152 1.605991 1.768654
v -2.773730 1.596961 1.695539
v -2.760290 1.565434 1.768654
v -2.688988 1.814678 2.079120
v -2.675549 1.783151 2.152235
v -2.894350 1.727133 2.079120
v -2.880909 1.695606 2.152235
v -2.726382 1.617145 1.695539
v -2.712942 1.585618 1.768654
v -2.852424 1.912810 2.303657
v -2.838984 1.881283 2.376772
v -2.850467 1.585210 1.870934
v -2.837027 1.553683 1.944049
v -2.624254 1.681645 1.870934
v -2.610814 1.650118 1.944049
v -2.747549 1.666798 1.935623
v -2.760989 1.698325 1.862508
v -4.093026 1.388659 3.643286
v -4.093026 1.334005 3.402481
v -4.093026 1.334005 2.834383
v -4.093026 1.470455 2.432677
v -4.129950 1.477800 3.804187
v -4.161252 1.402230 3.643286
v -4.182167 1.351736 3.402481
v -4.189511 1.334005 3.118432
v -4.182167 1.351736 2.834383
v -4.161252 1.402230 2.593578
v -4.129950 1.477800 2.432677
v -4.161252 1.498715 3.804187
v -4.219090 1.440876 3.643286
v -4.257736 1.402230 3.402481
v -4.271307 1.388659 3.118432
v -4.257736 1.402230 2.834383
v -4.219090 1.440876 2.593578
v -4.161252 1.498715 2.432677
v -4.182167 1.530017 3.804187
v -4.257736 1.498715 3.643286
v -4.308230 1.477800 3.402481
v -4.325961 1.470455 3.118432
v -4.308230 1.477800 2.834383
v -4.257736 1.498715 2.593578
v -4.182167 1.530017 2.432677
v -4.189511 1.566940 3.804187
v -4.271307 1.566940 3.643286
v -4.325961 1.566940 3.402481
v -4.345153 1.566940 3.118432
v -4.325961 1.566940 2.834383
v -4.271307 1.566940 2.593578
v -4.189511 1.566940 2.432677
v -4.182167 1.603863 3.804187
v -4.257736 1.635165 3.643286
v -4.308230 1.656080 3.402481
v -4.325961 1.663425 3.118432
v -4.308230 1.656080 2.834383
v -4.257736 1.635165 2.593578
v -4.182167 1.603863 2.432677
v -4.161252 1.635165 3.804187
v -4.219090 1.693003 3.643286
v -4.257736 1.731650 3.402481
v -4.271307 1.745220 3.118432
v -4.257736 1.731650 2.834383
v -4.219090 1.693003 2.593578
v -4.161252 1.635165 2.432677
v -4.129949 1.656080 3.804187
v -4.161252 1.731650 3.643286
v -4.182167 1.782144 3.402481
v -4.189511 1.799875 3.118432
v -4.182167 1.782144 2.834383
v -4.161252 1.731650 2.593578
v -4.129949 1.656080 2.432677
v -4.093026 1.566940 3.860687
v -4.093026 1.663425 3.804187
v -4.093026 1.745220 3.643286
v -4.093026 1.799875 3.402481
v -4.093026 1.819067 3.118432
v -4.093026 1.799875 2.834383
v -4.093026 1.745220 2.593578
v -4.093026 1.663425 2.432677
v -4.056103 1.656080 3.804187
v -4.024801 1.731650 3.643286
v -4.003886 1.782143 3.402481
v -3.996542 1.799875 3.118432
v -4.003886 1.782143 2.834383
v -4.024801 1.731650 2.593578
v -4.056103 1.656080 2.432677
v -4.024801 1.635165 3.804187
v -3.966963 1.693003 3.643286
v -3.928316 1.731650 3.402481
v -3.914746 1.745220 3.118432
v -3.928316 1.731650 2.834383
v -3.966963 1.693003 2.593578
v -4.024801 1.635165 2.432677
v -4.093026 1.566940 2.376176
v -4.003886 1.603863 3.804187
v -3.928316 1.635165 3.643286
v -3.877822 1.656080 3.402481
v -3.860091 1.663424 3.118432
v -3.877822 1.656080 2.834383
v -3.928316 1.635165 2.593578
v -4.003886 1.603863 2.432677
v -3.996542 1.566940 3.804187
v -3.914746 1.566940 3.643286
v -3.860091 1.566940 3.402481
v -3.840899 1.566940 3.118432
v -3.860091 1.566940 2.834383
v -3.914746 1.566940 2.593578
v -3.996542 1.566940 2.432677
v -4.003886 1.530017 3.804187
v -3.928316 1.498715 3.643286
v -3.877822 1.477799 3.402481
v -3.860091 1.470455 3.118432
v -3.877822 1.477799 2.834383
v -3.928316 1.498715 2.593578
v -4.003886 1.530017 2.432677
v -4.024801 1.498715 3.804187
v -3.966963 1.440876 3.643286
v -3.928317 1.402230 3.402481
v -3.914746 1.388659 3.118432
v -3.928317 1.402230 2.834383
v -3.966963 1.440876 2.593578
v -4.024801 1.498715 2.432677
v -4.056103 1.477800 3.804187
v -4.024801 1.402230 3.643286
v -4.003886 1.351736 3.402481
v -3.996542 1.334005 3.118432
v -4.003886 1.351736 2.834383
v -4.024801 1.402230 2.593578
v -4.056103 1.477800 2.432677
v -4.093026 1.470455 3.804187
v -4.093027 1.314813 3.118432
v -4.093026 1.388659 2.593578
v -4.093026 1.361332 3.522883
v -4.171709 1.376983 3.522883
v -4.238413 1.421553 3.522883
v -4.282983 1.488257 3.522883
v -4.298634 1.566940 3.522883
v -4.282983 1.645623 3.522883
v -4.238413 1.712327 3.522883
v -4.171709 1.756897 3.522883
v -4.093026 1.772548 3.522883
v -4.014343 1.756897 3.522883
v -3.947639 1.712326 3.522883
v -3.903069 1.645622 3.522883
v -3.887419 1.566940 3.522883
v -3.903069 1.488257 3.522883
v -3.947639 1.421553 3.522883
v -4.014344 1.376983 3.522883
v -4.145600 1.440015 3.723736
v -4.190170 1.469796 3.723736
v -4.219951 1.514366 3.723736
v -4.230409 1.566940 3.723736
v -4.219951 1.619514 3.723736
v -4.190170 1.664084 3.723736
v -4.145600 1.693865 3.723736
v -4.093026 1.704322 3.723736
v -4.040452 1.693865 3.723736
v -3.995882 1.664084 3.723736
v -3.966101 1.619514 3.723736
v -3.955644 1.566940 3.723736
v -3.966101 1.514366 3.723736
v -3.995882 1.469796 3.723736
v -4.040452 1.440015 3.723736
v -4.093026 1.429557 3.723736
v -4.185839 1.342870 3.260457
v -4.264522 1.395445 3.260457
v -4.317096 1.474127 3.260457
v -4.335557 1.566940 3.260457
v -4.317096 1.659752 3.260457
v -4.264522 1.738435 3.260457
v -4.185839 1.791009 3.260457
v -4.093026 1.809471 3.260457
v -4.000214 1.791009 3.260457
v -3.921531 1.738435 3.260457
v -3.868957 1.659752 3.260457
v -3.850495 1.566940 3.260457
v -3.868957 1.474127 3.260457
v -3.921531 1.395445 3.260457
v -4.000214 1.342870 3.260457
v -4.093026 1.324409 3.260457
v -4.185839 1.342870 2.976407
v -4.264522 1.395445 2.976407
v -4.317096 1.474127 2.976407
v -4.335557 1.566940 2.976407
v -4.317096 1.659752 2.976407
v -4.264522 1.738435 2.976407
v -4.185839 1.791009 2.976407
v -4.093026 1.809471 2.976407
v -4.000214 1.791009 2.976407
v -3.921531 1.738435 2.976407
v -3.868957 1.659752 2.976407
v -3.850495 1.566940 2.976407
v -3.868957 1.474127 2.976407
v -3.921531 1.395445 2.976407
v -4.000214 1.342870 2.976407
v -4.093026 1.324409 2.976407
v -4.193625 1.324071 2.834383
v -4.170022 1.381056 2.593578
v -4.093026 1.304060 2.834383
v -4.193625 1.324071 3.402481
v -4.093026 1.304060 3.402481
v -4.093026 1.365741 3.643286
v -4.170022 1.381056 3.643286
v -4.278910 1.381056 2.834383
v -4.235296 1.424670 2.593578
v -4.335895 1.466340 2.834383
v -4.278910 1.489944 2.593578
v -4.355906 1.458052 3.118432
v -4.294225 1.365741 3.118432
v -4.278910 1.381056 3.402481
v -4.335895 1.466340 3.402481
v -4.278910 1.489944 3.643286
v -4.235296 1.424670 3.643286
v -4.170022 1.489944 3.804187
v -4.193625 1.525270 3.804187
v -4.355906 1.566940 2.834383
v -4.294225 1.566940 2.593578
v -4.335895 1.667539 2.834383
v -4.278910 1.643935 2.593578
v -4.335895 1.667539 3.402481
v -4.355906 1.566940 3.402481
v -4.294225 1.566940 3.643286
v -4.278910 1.643935 3.643286
v -4.193625 1.608610 3.804187
v -4.201914 1.566940 3.804187
v -4.355906 1.675828 3.118432
v -4.377565 1.566940 3.118432
v -4.278910 1.752824 2.834383
v -4.235296 1.709209 2.593578
v -4.193625 1.809809 2.834383
v -4.170022 1.752824 2.593578
v -4.170022 1.752824 3.643286
v -4.235296 1.709209 3.643286
v -4.170022 1.643935 3.804187
v -4.134696 1.667539 3.804187
v -4.294225 1.768139 3.118432
v -4.201914 1.829819 3.118432
v -4.193625 1.809809 3.402481
v -4.278910 1.752824 3.402481
v -4.093026 1.829819 2.834383
v -4.093026 1.768139 2.593578
v -3.992426 1.809809 2.834383
v -4.016030 1.752824 2.593578
v -4.051357 1.667539 3.804187
v -4.093026 1.675828 3.804187
v -3.984138 1.829819 3.118432
v -4.093026 1.851479 3.118432
v -4.093026 1.829819 3.402481
v -3.992426 1.809809 3.402481
v -4.016030 1.752824 3.643286
v -4.093026 1.768139 3.643286
v -3.907142 1.752824 2.834383
v -3.950757 1.709209 2.593578
v -3.850157 1.667539 2.834383
v -3.907142 1.643935 2.593578
v -3.891827 1.768139 3.118432
v -3.830147 1.675828 3.118432
v -3.850157 1.667539 3.402481
v -3.907142 1.752824 3.402481
v -3.950757 1.709209 3.643286
v -3.907142 1.643935 3.643286
v -3.992426 1.608609 3.804187
v -4.016031 1.643935 3.804187
v -3.830147 1.566940 2.834383
v -3.891827 1.566940 2.593578
v -3.850157 1.466340 2.834383
v -3.907142 1.489944 2.593578
v -3.830147 1.458051 3.118432
v -3.808487 1.566940 3.118432
v -3.830147 1.566940 3.402481
v -3.850157 1.466340 3.402481
v -3.907142 1.489944 3.643286
v -3.891827 1.566940 3.643286
v -3.984138 1.566940 3.804187
v -3.992426 1.525270 3.804187
v -3.907142 1.381056 2.834383
v -3.950757 1.424670 2.593578
v -3.992427 1.324071 2.834383
v -4.016031 1.381056 2.593578
v -3.891827 1.365741 3.118432
v -3.984138 1.304060 3.118432
v -3.992427 1.324071 3.402481
v -3.907142 1.381056 3.402481
v -3.950757 1.424670 3.643286
v -4.016031 1.381056 3.643286
v -4.051357 1.466340 3.804187
v -4.016031 1.489944 3.804187
v -4.093026 1.365741 2.593578
v -4.093027 1.282401 3.118432
v -4.201914 1.304060 3.118432
v -4.134696 1.466340 3.804187
v -4.093026 1.458052 3.804187
v -4.093026 1.334900 3.522883
v -4.181824 1.352563 3.522883
v -4.257102 1.402863 3.522883
v -4.307403 1.478142 3.522883
v -4.325066 1.566940 3.522883
v -4.307403 1.655738 3.522883
v -4.257102 1.731017 3.522883
v -4.181824 1.781316 3.522883
v -4.093026 1.798979 3.522883
v -4.004229 1.781316 3.522883
v -3.928949 1.731016 3.522883
v -3.878650 1.655737 3.522883
v -3.860987 1.566940 3.522883
v -3.878650 1.478142 3.522883
v -3.928950 1.402863 3.522883
v -4.004229 1.352563 3.522883
v -4.152359 1.423698 3.723736
v -4.202659 1.457307 3.723736
v -4.236268 1.507607 3.723736
v -4.248070 1.566940 3.723736
v -4.236268 1.626272 3.723736
v -4.202659 1.676572 3.723736
v -4.152359 1.710182 3.723736
v -4.093026 1.721984 3.723736
v -4.033693 1.710182 3.723736
v -3.983393 1.676572 3.723736
v -3.949784 1.626272 3.723736
v -3.937982 1.566940 3.723736
v -3.949784 1.507607 3.723736
v -3.983394 1.457307 3.723736
v -4.033694 1.423698 3.723736
v -4.093026 1.411896 3.723736
v -4.197770 1.314066 3.260457
v -4.286568 1.373398 3.260457
v -4.345901 1.462196 3.260457
v -4.366735 1.566940 3.260457
v -4.345900 1.671684 3.260457
v -4.286568 1.760481 3.260457
v -4.197770 1.819814 3.260457
v -4.093026 1.840649 3.260457
v -3.988282 1.819814 3.260457
v -3.899485 1.760481 3.260457
v -3.840152 1.671684 3.260457
v -3.819317 1.566940 3.260457
v -3.840152 1.462196 3.260457
v -3.899485 1.373398 3.260457
v -3.988282 1.314066 3.260457
v -4.093026 1.293231 3.260457
v -4.197770 1.314066 2.976407
v -4.286568 1.373398 2.976407
v -4.345901 1.462196 2.976407
v -4.366735 1.566940 2.976407
v -4.345900 1.671684 2.976407
v -4.286568 1.760481 2.976407
v -4.197770 1.819814 2.976407
v -4.093026 1.840649 2.976407
v -3.988282 1.819814 2.976407
v -3.899485 1.760481 2.976407
v -3.840152 1.671684 2.976407
v -3.819317 1.566940 2.976407
v -3.840152 1.462196 2.976407
v -3.899485 1.373398 2.976407
v -3.988282 1.314066 2.976407
v -4.093026 1.293231 2.976407
v -4.000853 1.635453 -0.000001
v -4.000853 1.635453 2.373015
v -4.000853 1.498427 -0.000001
v -4.000853 1.498427 2.373015
v -4.137878 1.635453 -0.000001
v -4.137878 1.635453 2.373015
v -4.137878 1.498427 -0.000001
v -4.137878 1.498427 2.373015
v -4.206544 1.615869 1.893344
v -4.121021 1.657429 2.019906
v -4.117927 1.433511 1.893344
v -4.032404 1.475071 2.019906
v -4.407848 1.648628 2.696405
v -4.322325 1.690188 2.822967
v -4.216563 1.254997 2.696405
v -4.131040 1.296557 2.822967
v -4.162030 1.524268 1.893344
v -4.076507 1.565827 2.019906
v -4.497441 1.361275 3.189183
v -4.411919 1.402835 3.315745
v -4.023517 1.315486 2.237652
v -3.937993 1.357045 2.364214
v -4.234224 1.749085 2.237652
v -4.148701 1.790645 2.364214
v -4.168600 1.521075 2.375700
v -4.254123 1.479515 2.249138
v -3.941247 1.515190 2.128730
v -4.026770 1.473631 2.255292
v -4.029863 1.697548 2.128730
v -4.115386 1.655989 2.255292
v -3.739943 1.482431 2.931792
v -3.825466 1.440871 3.058353
v -3.931228 1.876063 2.931792
v -4.016751 1.834503 3.058353
v -3.985760 1.606792 2.128730
v -4.071283 1.565232 2.255292
v -3.650349 1.769785 3.424569
v -3.735872 1.728225 3.551131
v -4.124274 1.815574 2.473039
v -4.209797 1.774014 2.599600
v -3.913567 1.381974 2.473039
v -3.999090 1.340415 2.599600
v -3.979191 1.609985 2.611086
v -3.893668 1.651544 2.484524
v -4.126565 1.500213 1.185705
v -4.126565 1.520290 1.263918
v -4.023143 1.500213 1.185704
v -4.023143 1.520290 1.263918
v -4.186475 1.264743 1.531526
v -4.186475 1.284820 1.609739
v -3.963232 1.264743 1.531526
v -3.963232 1.284820 1.609739
v -4.074614 1.500213 1.185705
v -4.074614 1.520290 1.263918
v -4.074614 1.071314 1.723437
v -4.074614 1.091390 1.801651
v -3.947944 1.448646 1.354453
v -3.947944 1.468723 1.432666
v -4.193854 1.448647 1.354453
v -4.193854 1.468723 1.432666
v -4.074614 1.402528 1.411561
v -4.074614 1.382452 1.333348
v -4.021226 1.623595 1.159618
v -4.021226 1.589323 1.232733
v -4.124648 1.623595 1.159618
v -4.124648 1.589323 1.232733
v -3.961315 1.790642 1.543198
v -3.961315 1.756369 1.616313
v -4.184558 1.790642 1.543198
v -4.184558 1.756369 1.616313
v -4.073176 1.623595 1.159618
v -4.073176 1.589323 1.232733
v -4.073176 1.945005 1.767735
v -4.073176 1.910733 1.840850
v -4.199846 1.642879 1.335012
v -4.199846 1.608606 1.408127
v -3.953936 1.642879 1.335012
v -3.953936 1.608606 1.408127
v -4.073176 1.677571 1.399701
v -4.073176 1.711844 1.326586
v -4.138563 1.527727 0.553979
v -4.129638 1.545711 0.632192
v -4.045921 1.481753 0.553979
v -4.036996 1.499737 0.632192
v -4.296901 1.343432 0.899800
v -4.287976 1.361416 0.978013
v -4.096927 1.244195 0.899800
v -4.088003 1.262179 0.978013
v -4.092027 1.504633 0.553979
v -4.083103 1.522617 0.632192
v -4.282683 1.120439 1.091712
v -4.273758 1.138423 1.169925
v -4.001483 1.402134 0.722727
v -3.992559 1.420118 0.800941
v -4.221762 1.511447 0.722727
v -4.212837 1.529431 0.800940
v -4.135450 1.417130 0.779835
v -4.144375 1.399146 0.701622
v -3.989357 1.591423 0.527892
v -4.004592 1.560723 0.601007
v -4.082000 1.637396 0.527892
v -4.097234 1.606696 0.601007
v -3.861435 1.714426 0.911472
v -3.876670 1.683726 0.984587
v -4.061409 1.813662 0.911472
v -4.076644 1.782962 0.984587
v -4.035893 1.614516 0.527892
v -4.051128 1.583816 0.601007
v -3.893019 1.902424 1.136009
v -3.908254 1.871724 1.209124
v -4.140788 1.688097 0.703287
v -4.156023 1.657397 0.776402
v -3.920510 1.578784 0.703287
v -3.935745 1.548084 0.776401
v -4.011899 1.662866 0.767975
v -3.996665 1.693566 0.694860
v -4.106918 1.482710 1.721627
v -4.114791 1.501178 1.799840
v -4.011780 1.523267 1.721627
v -4.019653 1.541735 1.799840
v -4.069690 1.242607 2.067448
v -4.077563 1.261075 2.145661
v -3.864328 1.330152 2.067448
v -3.872201 1.348621 2.145661
v -4.059129 1.503083 1.721627
v -4.067002 1.521551 1.799840
v -3.890934 1.108538 2.259359
v -3.898808 1.127006 2.337573
v -3.922383 1.505320 1.890375
v -3.930256 1.523789 1.968588
v -4.148596 1.408886 1.890375
v -4.156469 1.427354 1.968588
v -4.020821 1.413222 1.947483
v -4.012949 1.394754 1.869270
v -4.058402 1.637518 1.695539
v -4.044961 1.605991 1.768654
v -4.153539 1.596961 1.695539
v -4.140099 1.565434 1.768654
v -4.068798 1.814678 2.079120
v -4.055357 1.783151 2.152235
v -4.274159 1.727133 2.079120
v -4.260719 1.695606 2.152235
v -4.106191 1.617145 1.695539
v -4.092751 1.585618 1.768654
v -4.232233 1.912810 2.303657
v -4.218793 1.881283 2.376772
v -4.230277 1.585210 1.870934
v -4.216836 1.553683 1.944049
v -4.004064 1.681645 1.870934
v -3.990623 1.650118 1.944049
v -4.127358 1.666798 1.935623
v -4.140798 1.698325 1.862508
v -4.472196 -2.453261 3.385550
v -4.472196 -2.807797 2.656232
v -4.472196 -3.050787 1.537100
v -4.472196 -2.433103 0.919416
v -4.550909 -2.186364 3.913807
v -4.647054 -2.418480 3.385550
v -4.782730 -2.746028 2.656232
v -4.871822 -2.961115 1.973869
v -4.875718 -2.970521 1.537100
v -4.781038 -2.741945 1.166826
v -4.639340 -2.399856 0.919416
v -4.617639 -2.141777 3.913807
v -4.795291 -2.319430 3.385550
v -5.045988 -2.570125 2.656232
v -5.210608 -2.734746 1.973869
v -5.217807 -2.741945 1.537100
v -5.042862 -2.567000 1.166826
v -4.781038 -2.305176 0.919416
v -4.662226 -2.075047 3.913807
v -4.894341 -2.171193 3.385550
v -5.221890 -2.306867 2.656232
v -5.436977 -2.395959 1.973869
v -5.446383 -2.399856 1.537100
v -5.217807 -2.305176 1.166826
v -4.875718 -2.163478 0.919416
v -4.677883 -1.996334 3.913807
v -4.929123 -1.996334 3.385550
v -5.283659 -1.996334 2.656232
v -5.516468 -1.996334 1.973869
v -5.526649 -1.996334 1.537100
v -5.279239 -1.996334 1.166826
v -4.908965 -1.996334 0.919416
v -4.662226 -1.917621 3.913807
v -4.894341 -1.821476 3.385550
v -5.221890 -1.685801 2.656232
v -5.436977 -1.596709 1.973869
v -5.446383 -1.592812 1.537100
v -5.217807 -1.687492 1.166826
v -4.875718 -1.829190 0.919416
v -4.617639 -1.850892 3.913807
v -4.795291 -1.673238 3.385550
v -5.045988 -1.422543 2.656232
v -5.210607 -1.257923 1.973869
v -5.217807 -1.250723 1.537100
v -5.042862 -1.425668 1.166826
v -4.781038 -1.687492 0.919416
v -4.550909 -1.806304 3.913807
v -4.647054 -1.574189 3.385550
v -4.782730 -1.246640 2.656232
v -4.871821 -1.031553 1.973869
v -4.875718 -1.022147 1.537100
v -4.781038 -1.250723 1.166826
v -4.639340 -1.592813 0.919416
v -4.472196 -1.996334 4.501728
v -4.472196 -1.790647 3.913807
v -4.472196 -1.539407 3.385550
v -4.472196 -1.184871 2.656232
v -4.472196 -0.952063 1.973869
v -4.472196 -0.941881 1.537100
v -4.472196 -1.189291 1.166826
v -4.472196 -1.559566 0.919416
v -4.393483 -1.806304 3.913807
v -4.297337 -1.574189 3.385550
v -4.161663 -1.246640 2.656232
v -4.072571 -1.031553 1.973869
v -4.068675 -1.022147 1.537100
v -4.163354 -1.250724 1.166826
v -4.305052 -1.592813 0.919416
v -4.326753 -1.850892 3.913807
v -4.149099 -1.673238 3.385550
v -3.898406 -1.422544 2.656232
v -3.733784 -1.257923 1.973869
v -3.726585 -1.250724 1.537100
v -3.901531 -1.425669 1.166826
v -4.163354 -1.687492 0.919416
v -4.472196 -1.996334 0.832538
v -4.282166 -1.917621 3.913807
v -4.050050 -1.821476 3.385550
v -3.722503 -1.685801 2.656232
v -3.507416 -1.596709 1.973869
v -3.498009 -1.592813 1.537100
v -3.726586 -1.687492 1.166826
v -4.068675 -1.829190 0.919416
v -4.266510 -1.996334 3.913807
v -4.015269 -1.996334 3.385550
v -3.660734 -1.996335 2.656232
v -3.427925 -1.996335 1.973869
v -3.417744 -1.996335 1.537100
v -3.665154 -1.996334 1.166826
v -4.035428 -1.996334 0.919416
v -4.282166 -2.075047 3.913807
v -4.050050 -2.171193 3.385550
v -3.722503 -2.306868 2.656232
v -3.507416 -2.395960 1.973869
v -3.498009 -2.399856 1.537100
v -3.726586 -2.305176 1.166826
v -4.068675 -2.163478 0.919416
v -4.326754 -2.141777 3.913807
v -4.149100 -2.319430 3.385550
v -3.898406 -2.570125 2.656232
v -3.733786 -2.734746 1.973869
v -3.726586 -2.741945 1.537100
v -3.901531 -2.567000 1.166826
v -4.163354 -2.305176 0.919416
v -4.393484 -2.186364 3.913807
v -4.297338 -2.418479 3.385550
v -4.161664 -2.746028 2.656232
v -4.072572 -2.961115 1.973869
v -4.068676 -2.970521 1.537100
v -4.163355 -2.741945 1.166826
v -4.305053 -2.399856 0.919416
v -4.472196 -2.202021 3.913807
v -4.472197 -3.040606 1.973869
v -4.472196 -2.803377 1.166826
vn -0.0000 -0.7919 -0.6107
vn 0.0805 -0.8619 -0.5006
vn -0.4042 -0.7655 -0.5006
vn -0.3030 -0.7316 -0.6107
vn -1.0000 -0.0000 -0.0000
vn 1.0000 -0.0000 -0.0000
vn 0.0759 -0.5960 0.7994
vn -0.0000 -0.0000 1.0000
vn -0.2983 -0.5216 0.7994
vn -0.0000 -0.0000 -1.0000
vn 0.8271 0.2554 -0.5006
vn 0.5525 0.6664 -0.5006
vn -0.2554 0.8271 -0.5006
vn -0.6664 0.5525 -0.5006
vn -0.5599 -0.5599 -0.6107
vn -0.4306 -0.8957 -0.1112
vn -0.6627 -0.7406 -0.1112
vn -0.5525 -0.6664 -0.5006
vn -0.4401 -0.8954 0.0673
vn -0.4474 -0.8796 0.1618
vn -0.6414 -0.7500 0.1618
vn -0.6589 -0.7492 0.0673
vn -0.3879 -0.8029 0.4526
vn -0.3678 -0.4752 0.7994
vn -0.5933 -0.6657 0.4526
vn -0.4439 -0.8936 -0.0673
vn -0.4429 -0.8963 0.0225
vn -0.6586 -0.7521 0.0225
vn -0.6557 -0.7520 -0.0673
vn -0.4268 -0.8769 0.2210
vn -0.4042 -0.7655 0.5006
vn -0.5525 -0.6664 0.5006
vn -0.6468 -0.7299 0.2210
vn 0.9239 0.3827 -0.0000
vn -0.5797 -0.1579 0.7994
vn -0.5643 -0.3771 0.7344
vn -0.8271 -0.2554 -0.5006
vn -0.7316 -0.3030 -0.6107
vn -0.7071 -0.7071 -0.0000
vn -0.8271 -0.2554 0.5006
vn -0.8619 -0.0805 -0.5006
vn -0.7919 -0.0000 -0.6107
vn -0.9457 -0.3180 -0.0673
vn -0.9469 -0.3206 0.0225
vn -0.9976 -0.0661 0.0225
vn -0.9954 -0.0681 -0.0673
vn -0.9219 -0.3183 0.2210
vn -0.8619 -0.0805 0.5006
vn -0.9735 -0.0587 0.2210
vn -0.5960 -0.0759 0.7994
vn -0.9378 -0.3288 -0.1112
vn -0.9923 -0.0551 -0.1112
vn -0.9443 -0.3220 0.0673
vn -0.9383 -0.3056 0.1618
vn -0.9838 -0.0768 0.1618
vn -0.9957 -0.0639 0.0673
vn -0.8421 -0.2934 0.4526
vn -0.8903 -0.0511 0.4526
vn -0.9239 -0.3827 -0.0000
vn -0.5216 0.2983 0.7994
vn -0.7316 0.3030 -0.6107
vn -0.4752 0.3678 0.7994
vn -0.1579 0.5797 0.7994
vn -0.3771 0.5643 0.7344
vn 0.3827 0.9239 -0.0000
vn 0.3827 -0.9239 -0.0000
vn -0.7655 0.4042 -0.5006
vn -0.5599 0.5599 -0.6107
vn -0.8957 0.4306 -0.1112
vn -0.7406 0.6627 -0.1112
vn -0.8954 0.4401 0.0673
vn -0.8796 0.4474 0.1618
vn -0.7500 0.6414 0.1618
vn -0.7492 0.6589 0.0673
vn -0.8029 0.3879 0.4526
vn -0.6657 0.5933 0.4526
vn -0.8936 0.4439 -0.0673
vn -0.8963 0.4429 0.0225
vn -0.7521 0.6586 0.0225
vn -0.7520 0.6557 -0.0673
vn -0.8769 0.4268 0.2210
vn -0.7655 0.4042 0.5006
vn -0.6664 0.5525 0.5006
vn -0.7299 0.6468 0.2210
vn -0.2554 0.8271 0.5006
vn -0.3030 0.7316 -0.6107
vn -0.0000 -1.0000 -0.0000
vn -0.3827 0.9239 -0.0000
vn -0.0805 0.8619 -0.5006
vn -0.0000 0.7919 -0.6107
vn -0.3180 0.9457 -0.0673
vn -0.3206 0.9469 0.0225
vn -0.0661 0.9976 0.0225
vn -0.0681 0.9954 -0.0673
vn -0.3183 0.9219 0.2210
vn -0.0805 0.8619 0.5006
vn -0.0587 0.9735 0.2210
vn -0.0759 0.5960 0.7994
vn -0.3288 0.9378 -0.1112
vn -0.0551 0.9923 -0.1112
vn -0.3220 0.9443 0.0673
vn -0.3056 0.9383 0.1618
vn -0.0768 0.9838 0.1618
vn -0.0639 0.9957 0.0673
vn -0.2934 0.8421 0.4526
vn -0.0511 0.8903 0.4526
vn 0.2983 0.5216 0.7994
vn 0.3030 0.7316 -0.6107
vn 0.7071 -0.7071 -0.0000
vn 0.4042 0.7655 -0.5006
vn 0.7071 0.7071 -0.0000
vn 0.4306 0.8957 -0.1112
vn 0.6627 0.7406 -0.1112
vn 0.4401 0.8954 0.0673
vn 0.4474 0.8796 0.1618
vn 0.6414 0.7500 0.1618
vn 0.6589 0.7492 0.0673
vn 0.3879 0.8029 0.4526
vn 0.3678 0.4752 0.7994
vn 0.5933 0.6657 0.4526
vn 0.5599 0.5599 -0.6107
vn 0.4439 0.8936 -0.0673
vn 0.4429 0.8963 0.0225
vn 0.6586 0.7521 0.0225
vn 0.6557 0.7520 -0.0673
vn 0.4268 0.8769 0.2210
vn 0.4042 0.7655 0.5006
vn 0.5525 0.6664 0.5006
vn 0.6468 0.7299 0.2210
vn 0.7316 0.3030 -0.6107
vn -0.9239 0.3827 -0.0000
vn -0.3827 -0.9239 -0.0000
vn 0.5797 0.1579 0.7994
vn -0.0000 1.0000 -0.0000
vn 0.9457 0.3180 -0.0673
vn 0.9469 0.3206 0.0225
vn 0.9976 0.0661 0.0225
vn 0.9954 0.0681 -0.0673
vn 0.9219 0.3183 0.2210
vn 0.8271 0.2554 0.5006
vn 0.8619 0.0805 0.5006
vn 0.9735 0.0587 0.2210
vn 0.5960 0.0759 0.7994
vn 0.7919 -0.0000 -0.6107
vn 0.9378 0.3288 -0.1112
vn 0.9923 0.0551 -0.1112
vn 0.8619 0.0805 -0.5006
vn 0.9443 0.3220 0.0673
vn 0.9383 0.3056 0.1618
vn 0.9838 0.0768 0.1618
vn 0.9957 0.0639 0.0673
vn 0.8421 0.2934 0.4526
vn 0.8903 0.0511 0.4526
vn 0.7316 -0.3030 -0.6107
vn -0.7071 0.7071 -0.0000
vn 0.9239 -0.3827 -0.0000
vn 0.7655 -0.4042 -0.5006
vn 0.5216 -0.2983 0.7994
vn 0.8954 -0.4401 0.0673
vn 0.8796 -0.4474 0.1618
vn 0.7500 -0.6414 0.1618
vn 0.7492 -0.6589 0.0673
vn 0.8029 -0.3879 0.4526
vn 0.4752 -0.3678 0.7994
vn 0.6657 -0.5933 0.4526
vn 0.6664 -0.5525 -0.5006
vn 0.5599 -0.5599 -0.6107
vn 0.8936 -0.4439 -0.0673
vn 0.8963 -0.4429 0.0225
vn 0.7521 -0.6586 0.0225
vn 0.7520 -0.6557 -0.0673
vn 0.8769 -0.4268 0.2210
vn 0.7655 -0.4042 0.5006
vn 0.6664 -0.5525 0.5006
vn 0.7299 -0.6468 0.2210
vn 0.8957 -0.4306 -0.1112
vn 0.7406 -0.6627 -0.1112
vn 0.2554 -0.8271 -0.5006
vn 0.3030 -0.7316 -0.6107
vn 0.1579 -0.5797 0.7994
vn 0.3183 -0.9219 0.2210
vn 0.2554 -0.8271 0.5006
vn 0.0805 -0.8619 0.5006
vn 0.0587 -0.9735 0.2210
vn 0.3288 -0.9378 -0.1112
vn 0.0551 -0.9923 -0.1112
vn 0.3220 -0.9443 0.0673
vn 0.3056 -0.9383 0.1618
vn 0.0768 -0.9838 0.1618
vn 0.0639 -0.9957 0.0673
vn 0.2934 -0.8421 0.4526
vn 0.0511 -0.8903 0.4526
vn 0.3180 -0.9457 -0.0673
vn 0.3206 -0.9469 0.0225
vn 0.0661 -0.9976 0.0225
vn 0.0681 -0.9954 -0.0673
vn -0.1945 -0.9781 -0.0746
vn -0.1892 -0.9512 0.2436
vn -0.1892 -0.9512 -0.2436
vn -0.1945 -0.9781 0.0746
vn -0.1700 -0.8548 0.4904
vn -0.1324 -0.6657 0.7344
vn -0.8292 -0.5540 0.0746
vn -0.7246 -0.4842 0.4904
vn -0.8292 -0.5540 -0.0746
vn -0.8064 -0.5388 0.2436
vn -0.8064 -0.5388 -0.2436
vn -0.9512 0.1892 0.2436
vn -0.9512 0.1892 -0.2436
vn -0.9781 0.1945 0.0746
vn -0.8548 0.1700 0.4904
vn -0.6657 0.1324 0.7344
vn -0.9781 0.1945 -0.0746
vn -0.4842 0.7246 0.4904
vn -0.5540 0.8292 -0.0746
vn -0.5388 0.8064 0.2436
vn -0.5388 0.8064 -0.2436
vn -0.5540 0.8292 0.0746
vn 0.1892 0.9512 -0.2436
vn 0.1945 0.9781 0.0746
vn 0.1700 0.8548 0.4904
vn 0.1324 0.6657 0.7344
vn 0.1945 0.9781 -0.0746
vn 0.1892 0.9512 0.2436
vn 0.8292 0.5540 -0.0746
vn 0.8064 0.5388 0.2436
vn 0.8064 0.5388 -0.2436
vn 0.8292 0.5540 0.0746
vn 0.7246 0.4842 0.4904
vn 0.5643 0.3771 0.7344
vn 0.9512 -0.1892 -0.2436
vn 0.9781 -0.1945 0.0746
vn 0.8548 -0.1700 0.4904
vn 0.6657 -0.1324 0.7344
vn 0.9781 -0.1945 -0.0746
vn 0.9512 -0.1892 0.2436
vn 0.5540 -0.8292 -0.0746
vn 0.5388 -0.8064 0.2436
vn 0.5388 -0.8064 -0.2436
vn 0.5540 -0.8292 0.0746
vn 0.4842 -0.7246 0.4904
vn 0.3771 -0.5643 0.7344
vn 0.7191 0.3494 -0.6007
vn 0.8414 -0.1858 -0.5075
vn 0.8365 -0.0638 -0.5443
vn 0.3867 -0.9213 0.0412
vn 0.2931 -0.9493 0.1137
vn 0.2131 -0.9618 0.1718
vn -0.7037 0.6620 0.2581
vn -0.5500 0.8292 0.0994
vn -0.6167 0.7700 0.1639
vn 0.0722 0.9321 -0.3549
vn 0.3381 0.8023 -0.4919
vn 0.4464 0.7160 -0.5367
vn -0.8718 -0.4188 -0.2540
vn -0.8551 -0.4128 -0.3137
vn -0.9516 -0.0812 -0.2964
vn -0.9689 -0.0773 -0.2350
vn 0.8718 0.4188 0.2540
vn 0.8892 0.4232 0.1738
vn 0.9846 0.0722 0.1593
vn 0.9689 0.0773 0.2350
vn 0.6659 0.7073 0.2372
vn 0.6744 0.7197 0.1651
vn -0.6659 -0.7073 -0.2372
vn -0.6566 -0.6947 -0.2936
vn 0.0871 -0.9624 0.2572
vn -0.6744 -0.7197 -0.1651
vn -0.8892 -0.4232 -0.1738
vn 0.6566 0.6947 0.2936
vn 0.8551 0.4128 0.3137
vn 0.9516 0.0812 0.2964
vn -0.9846 -0.0722 -0.1593
vn -0.4607 0.8873 0.0199
vn 0.7936 -0.4748 -0.3804
vn -0.7191 -0.3494 -0.6007
vn -0.8414 0.1858 -0.5075
vn -0.8365 0.0638 -0.5443
vn -0.3867 0.9213 0.0412
vn -0.2931 0.9493 0.1137
vn -0.2131 0.9618 0.1718
vn 0.7037 -0.6620 0.2581
vn 0.5500 -0.8292 0.0994
vn 0.6167 -0.7700 0.1639
vn -0.0722 -0.9321 -0.3549
vn -0.3381 -0.8023 -0.4919
vn -0.4464 -0.7160 -0.5367
vn 0.8718 0.4188 -0.2540
vn 0.8551 0.4128 -0.3137
vn 0.9516 0.0812 -0.2964
vn 0.9689 0.0773 -0.2350
vn -0.8718 -0.4188 0.2540
vn -0.8892 -0.4232 0.1738
vn -0.9846 -0.0722 0.1593
vn -0.9689 -0.0773 0.2350
vn -0.6659 -0.7073 0.2372
vn -0.6744 -0.7197 0.1651
vn 0.6659 0.7073 -0.2372
vn 0.6566 0.6947 -0.2936
vn -0.0871 0.9624 0.2572
vn 0.6744 0.7197 -0.1651
vn 0.8892 0.4232 -0.1738
vn -0.6566 -0.6947 0.2936
vn -0.8551 -0.4128 0.3137
vn -0.9516 -0.0812 0.2964
vn 0.9846 0.0722 -0.1593
vn 0.4607 -0.8873 0.0199
vn -0.7936 0.4748 -0.3804
vn -0.0000 0.9686 -0.2486
vn 0.4683 0.8558 -0.2197
vn 0.4317 0.8737 -0.2243
vn 0.9637 0.2587 -0.0664
vn 0.9492 0.3049 -0.0783
vn 0.9768 -0.2073 0.0532
vn 0.9585 -0.2763 0.0709
vn -0.9030 -0.4162 0.1068
vn -0.9811 -0.1873 0.0481
vn -0.9622 -0.2637 0.0677
vn -0.9642 0.2569 -0.0659
vn -0.9522 0.2960 -0.0760
vn -0.4979 0.8400 -0.2156
vn -0.4572 0.8614 -0.2211
vn -0.0046 -0.7930 -0.6093
vn -0.0030 -0.7569 -0.6535
vn -0.3429 -0.7099 -0.6152
vn -0.3565 -0.7548 -0.5506
vn 0.0046 0.7930 0.6093
vn 0.0086 0.8431 0.5377
vn 0.3654 0.7861 0.4984
vn 0.3565 0.7548 0.5506
vn -0.3467 0.7561 0.5551
vn -0.3525 0.7876 0.5053
vn 0.3467 -0.7561 -0.5551
vn 0.3379 -0.7136 -0.6137
vn 0.9037 -0.4147 0.1065
vn 0.3525 -0.7876 -0.5053
vn -0.0086 -0.8431 -0.5377
vn -0.3379 0.7136 0.6137
vn 0.0030 0.7569 0.6535
vn 0.3429 0.7099 0.6152
vn -0.3654 -0.7861 -0.4984
vn -0.0000 -0.9055 -0.4244
vn -0.4973 -0.7856 -0.3682
vn -0.4448 -0.8109 -0.3801
vn -0.9976 0.0622 0.0291
vn -0.9813 0.1744 0.0817
vn -0.9549 0.2690 0.1261
vn 0.9030 0.3891 0.1824
vn 0.9855 0.1534 0.0719
vn 0.9585 0.2582 0.1210
vn 0.8068 -0.5349 -0.2507
vn 0.5315 -0.7670 -0.3595
vn 0.4730 -0.7978 -0.3739
vn 0.0045 0.8932 -0.4496
vn 0.0027 0.8653 -0.5013
vn 0.3429 0.8119 -0.4724
vn 0.3556 0.8421 -0.4055
vn -0.0045 -0.8932 0.4496
vn -0.0086 -0.9284 0.3715
vn -0.3654 -0.8651 0.3435
vn -0.3556 -0.8421 0.4055
vn 0.3462 -0.8441 0.4094
vn 0.3525 -0.8679 0.3500
vn -0.3462 0.8441 -0.4094
vn -0.3379 0.8153 -0.4703
vn -0.9037 0.3877 0.1817
vn -0.3525 0.8679 -0.3500
vn 0.0086 0.9284 -0.3715
vn 0.3379 -0.8153 0.4703
vn -0.0027 -0.8653 0.5013
vn -0.3429 -0.8119 0.4724
vn 0.3654 0.8651 -0.3435
vn 0.9994 0.0301 0.0141
vn -0.7739 -0.5734 -0.2688
vn 0.4306 0.8676 -0.2486
vn 0.8000 0.5584 -0.2197
vn 0.7751 0.5907 -0.2243
vn 0.9782 -0.1966 -0.0664
vn 0.9858 -0.1488 -0.0783
vn 0.7829 -0.6199 0.0532
vn 0.7357 -0.6736 0.0709
vn -0.9939 0.0286 0.1068
vn -0.9621 0.2684 0.0481
vn -0.9792 0.1915 0.0677
vn -0.7495 0.6587 -0.0659
vn -0.7214 0.6884 -0.0760
vn -0.0726 0.9738 -0.2156
vn -0.0267 0.9749 -0.2211
vn -0.3566 -0.7083 -0.6093
vn -0.3391 -0.6767 -0.6535
vn -0.6227 -0.4835 -0.6152
vn -0.6549 -0.5177 -0.5506
vn 0.3566 0.7083 0.6093
vn 0.3825 0.7514 0.5377
vn 0.6768 0.5418 0.4984
vn 0.6549 0.5177 0.5506
vn 0.0255 0.8314 0.5551
vn 0.0343 0.8622 0.5053
vn -0.0255 -0.8314 -0.5551
vn -0.0145 -0.7894 -0.6137
vn 0.6251 -0.7732 0.1065
vn -0.0343 -0.8622 -0.5053
vn -0.3825 -0.7514 -0.5377
vn 0.0145 0.7894 0.6137
vn 0.3391 0.6767 0.6535
vn 0.6227 0.4835 0.6152
vn -0.6768 -0.5418 -0.4984
vn -0.4025 -0.8111 -0.4244
vn -0.7947 -0.4826 -0.3682
vn -0.7589 -0.5287 -0.3801
vn -0.8660 0.4992 0.0291
vn -0.8015 0.5924 0.0817
vn -0.7358 0.6654 0.1261
vn 0.9818 -0.0529 0.1824
vn 0.9510 -0.3007 0.0719
vn 0.9734 -0.1948 0.1210
vn 0.4850 -0.8378 -0.2507
vn 0.1352 -0.9233 -0.3595
vn 0.0691 -0.9249 -0.3739
vn 0.4011 0.7981 -0.4496
vn 0.3871 0.7739 -0.5013
vn 0.6681 0.5749 -0.4724
vn 0.6929 0.5962 -0.4055
vn -0.4011 -0.7981 0.4496
vn -0.4204 -0.8278 0.3715
vn -0.7119 -0.6125 0.3435
vn -0.6929 -0.5962 0.4055
vn -0.0652 -0.9100 0.4094
vn -0.0700 -0.9341 0.3500
vn 0.0652 0.9100 -0.4094
vn 0.0597 0.8805 -0.4703
vn -0.6372 0.7490 0.1817
vn 0.0700 0.9341 -0.3500
vn 0.4204 0.8278 -0.3715
vn -0.0597 -0.8805 0.4703
vn -0.3871 -0.7739 0.5013
vn -0.6681 -0.5749 0.4724
vn 0.7119 0.6125 -0.3435
vn 0.9086 -0.4174 0.0141
vn -0.9482 -0.1696 -0.2688
vn -0.3798 0.8910 -0.2486
vn 0.0952 0.9709 -0.2197
vn 0.0545 0.9730 -0.2243
vn 0.7850 0.6159 -0.0664
vn 0.7536 0.6527 -0.0783
vn 0.9799 0.1924 0.0532
vn 0.9900 0.1217 0.0709
vn -0.6674 -0.7370 0.1068
vn -0.8291 -0.5570 0.0481
vn -0.7817 -0.6199 0.0677
vn -0.9877 -0.1418 -0.0659
vn -0.9920 -0.1011 -0.0760
vn -0.7874 0.5775 -0.2156
vn -0.7584 0.6131 -0.2211
vn 0.3067 -0.7312 -0.6093
vn 0.2941 -0.6975 -0.6535
vn -0.0370 -0.7875 -0.6152
vn -0.0319 -0.8342 -0.5506
vn -0.3067 0.7312 0.6093
vn -0.3227 0.7789 0.5377
vn 0.0279 0.8665 0.4984
vn 0.0319 0.8342 0.5506
vn -0.6154 0.5595 0.5551
vn -0.6332 0.5863 0.5053
vn 0.6154 -0.5595 -0.5551
vn 0.5906 -0.5239 -0.6137
vn 0.9939 -0.0271 0.1065
vn 0.6332 -0.5863 -0.5053
vn 0.3227 -0.7789 -0.5377
vn -0.5906 0.5239 0.6137
vn -0.2941 0.6975 0.6535
vn 0.0370 0.7875 0.6152
vn -0.0279 -0.8665 -0.4984
vn 0.3551 -0.8329 -0.4244
vn -0.1494 -0.9177 -0.3682
vn -0.0912 -0.9204 -0.3801
vn -0.9421 -0.3340 0.0291
vn -0.9711 -0.2244 0.0817
vn -0.9839 -0.1270 0.1261
vn 0.6781 0.7120 0.1824
vn 0.8464 0.5276 0.0719
vn 0.7804 0.6134 0.1210
vn 0.9520 -0.1757 -0.2507
vn 0.7897 -0.4971 -0.3595
vn 0.7480 -0.5484 -0.3739
vn -0.3461 0.8235 -0.4496
vn -0.3368 0.7970 -0.5013
vn -0.0030 0.8814 -0.4724
vn -0.0031 0.9141 -0.4055
vn 0.3461 -0.8235 0.4496
vn 0.3561 -0.8574 0.3715
vn 0.0031 -0.9391 0.3435
vn 0.0031 -0.9141 0.4055
vn 0.6495 -0.6408 0.4094
vn 0.6646 -0.6601 0.3500
vn -0.6495 0.6408 -0.4094
vn -0.6305 0.6175 -0.4703
vn -0.9833 0.0023 0.1817
vn -0.6646 0.6601 -0.3500
vn -0.3561 0.8574 -0.3715
vn 0.6305 -0.6175 0.4703
vn 0.3368 -0.7970 0.5013
vn 0.0030 -0.8814 0.4724
vn -0.0031 0.9391 -0.3435
vn 0.9076 0.4196 0.0141
vn -0.4871 -0.8310 -0.2688
vn -0.0000 -0.9963 0.0862
vn -0.0000 -0.9502 0.3117
vn -0.6719 -0.6719 0.3117
vn -0.7045 -0.7045 0.0862
vn -0.0000 -0.7572 0.6531
vn -0.0000 -0.4390 0.8985
vn -0.3104 -0.3104 0.8985
vn -0.5355 -0.5355 0.6531
vn -0.4390 -0.0000 0.8985
vn -0.7572 -0.0000 0.6531
vn -0.9502 -0.0000 0.3117
vn -0.9963 -0.0000 0.0862
vn -0.5355 0.5355 0.6531
vn -0.6719 0.6719 0.3117
vn -0.3104 0.3104 0.8985
vn -0.7045 0.7045 0.0862
vn -0.0000 0.4390 0.8985
vn -0.0000 0.9502 0.3117
vn -0.0000 0.9963 0.0862
vn -0.0000 0.7572 0.6531
vn 0.6719 0.6719 0.3117
vn 0.7045 0.7045 0.0862
vn 0.3104 0.3104 0.8985
vn 0.5355 0.5355 0.6531
vn 0.7572 -0.0000 0.6531
vn 0.9502 -0.0000 0.3117
vn 0.4390 -0.0000 0.8985
vn 0.9963 -0.0000 0.0862
vn 0.5355 -0.5355 0.6531
vn 0.6719 -0.6719 0.3117
vn 0.3104 -0.3104 0.8985
vn 0.7045 -0.7045 0.0862
vn 0.3354 -0.9409 0.0471
vn 0.3303 -0.9268 0.1787
vn -0.1775 -0.9712 0.1587
vn -0.1697 -0.9846 0.0416
vn -0.6353 -0.7655 0.1015
vn -0.6331 -0.7737 0.0258
vn -0.9300 -0.3673 0.0139
vn -0.9339 -0.3575 0.0023
vn -0.9869 0.1360 -0.0864
vn -0.9869 0.1596 -0.0230
vn -0.7701 0.6166 -0.1636
vn -0.7690 0.6379 -0.0422
vn -0.3295 0.9245 -0.1916
vn -0.3353 0.9408 -0.0494
vn 0.2064 0.9647 -0.1636
vn 0.1921 0.9805 -0.0422
vn 0.6784 0.7296 -0.0864
vn 0.6635 0.7478 -0.0230
vn 0.9526 0.3038 0.0139
vn 0.9495 0.3138 0.0023
vn 0.9763 -0.1911 0.1015
vn 0.9797 -0.1988 0.0258
vn 0.7518 -0.6400 0.1587
vn 0.7543 -0.6553 0.0416
vn 0.3129 -0.8779 0.3625
vn -0.2133 -0.9250 0.3144
vn -0.6689 -0.7192 0.1879
vn -0.9370 -0.3489 0.0183
vn -0.9785 0.1118 -0.1731
vn -0.7537 0.5711 -0.3254
vn -0.3104 0.8709 -0.3809
vn 0.2225 0.9190 -0.3254
vn 0.6872 0.7055 -0.1731
vn 0.9464 0.3225 0.0183
vn 0.9730 -0.1339 0.1879
vn 0.7503 -0.5815 0.3144
vn 0.2829 -0.7937 0.5385
vn -0.2505 -0.8514 0.4608
vn -0.7014 -0.6638 0.2596
vn -0.9414 -0.3368 0.0172
vn -0.9658 0.0637 -0.2512
vn -0.7292 0.4930 -0.4745
vn -0.2790 0.7828 -0.5561
vn 0.2530 0.8431 -0.4745
vn 0.7078 0.6602 -0.2512
vn 0.9422 0.3346 0.0172
vn 0.9632 -0.0704 0.2596
vn 0.7326 -0.5010 0.4608
vn 0.2415 -0.6774 0.6948
vn -0.2906 -0.7524 0.5912
vn -0.7314 -0.6025 0.3195
vn -0.8514 -0.4881 0.1920
vn -0.9746 -0.1423 -0.1728
vn -0.9488 0.0012 -0.3160
vn -0.6959 0.3893 -0.6035
vn -0.2369 0.6646 -0.7086
vn 0.2927 0.7417 -0.6035
vn 0.7341 0.6010 -0.3160
vn 0.8449 0.5062 -0.1728
vn 0.9682 0.1604 0.1920
vn 0.9476 -0.0041 0.3195
vn 0.7010 -0.3989 0.5912
vn 0.1902 -0.5337 0.8240
vn -0.3358 -0.6307 0.6996
vn -0.7602 -0.5353 0.3682
vn -0.8649 -0.4503 0.2219
vn -0.9618 -0.1784 -0.2078
vn -0.9278 -0.0698 -0.3666
vn -0.6545 0.2652 -0.7080
vn -0.1858 0.5213 -0.8329
vn 0.3392 0.6194 -0.7080
vn 0.7627 0.5328 -0.3666
vn 0.8578 0.4701 -0.2078
vn 0.9547 0.1983 0.2219
vn 0.9274 0.0662 0.3682
vn 0.6590 -0.2761 0.6996
vn 0.1313 -0.3683 0.9204
vn -0.3864 -0.4906 0.7810
vn -0.7890 -0.4623 0.4048
vn -0.8796 -0.4090 0.2429
vn -0.9464 -0.2216 -0.2350
vn -0.9037 -0.1458 -0.4025
vn -0.6068 0.1258 -0.7848
vn -0.1278 0.3586 -0.9247
vn 0.3904 0.4812 -0.7848
vn 0.7922 0.4587 -0.4025
vn 0.8732 0.4270 -0.2350
vn 0.9400 0.2396 0.2429
vn 0.9035 0.1410 0.4048
vn 0.6096 -0.1356 0.7810
vn 0.0670 -0.1880 0.9799
vn -0.4411 -0.3375 0.8316
vn -0.8182 -0.3840 0.4278
vn -0.8948 -0.3665 0.2550
vn -0.9289 -0.2709 -0.2526
vn -0.8776 -0.2242 -0.4237
vn -0.5547 -0.0238 -0.8317
vn -0.0651 0.1827 -0.9810
vn 0.4446 0.3324 -0.8317
vn 0.8216 0.3814 -0.4237
vn 0.8908 0.3777 -0.2526
vn 0.9249 0.2821 0.2550
vn 0.8767 0.2201 0.4278
vn 0.5552 0.0176 0.8316
vn 0.0165 -0.0463 0.9988
vn -0.4842 -0.2168 0.8477
vn -0.8410 -0.3224 0.4344
vn -0.9055 -0.3364 0.2588
vn -0.9140 -0.3124 -0.2588
vn -0.8565 -0.2827 -0.4318
vn -0.5131 -0.1386 -0.8471
vn -0.0165 0.0464 -0.9988
vn 0.4851 0.2172 -0.8471
vn 0.8422 0.3228 -0.4318
vn 0.9055 0.3362 -0.2588
vn 0.9141 0.3122 0.2588
vn 0.8554 0.2822 0.4344
vn 0.5122 0.1383 0.8477
vn 0.8490 0.3026 -0.4332
vn 0.9099 0.3243 -0.2588
vn 0.8490 0.3026 0.4332
vn 0.4991 0.1779 0.8481
vn -0.9099 -0.3243 -0.2588
vn -0.8490 -0.3026 -0.4332
vn -0.4991 -0.1779 -0.8481
vn -0.4991 -0.1779 0.8481
vn -0.8490 -0.3026 0.4332
vn 0.4991 0.1779 -0.8481
vn -0.9099 -0.3243 0.2588
vn 0.9099 0.3243 0.2588
vn -0.3354 0.9409 0.0471
vn -0.7543 0.6553 0.0416
vn -0.7518 0.6400 0.1587
vn -0.3303 0.9268 0.1787
vn -0.9797 0.1988 0.0258
vn -0.9763 0.1910 0.1015
vn -0.9495 -0.3138 0.0023
vn -0.9526 -0.3038 0.0139
vn -0.6635 -0.7478 -0.0230
vn -0.6784 -0.7296 -0.0864
vn -0.1921 -0.9805 -0.0422
vn -0.2064 -0.9647 -0.1636
vn 0.3353 -0.9408 -0.0494
vn 0.3295 -0.9245 -0.1916
vn 0.7690 -0.6379 -0.0422
vn 0.7701 -0.6166 -0.1636
vn 0.9869 -0.1596 -0.0230
vn 0.9869 -0.1360 -0.0864
vn 0.9339 0.3575 0.0023
vn 0.9300 0.3673 0.0139
vn 0.6331 0.7737 0.0258
vn 0.6354 0.7655 0.1015
vn 0.1697 0.9846 0.0416
vn 0.1775 0.9712 0.1587
vn -0.7503 0.5815 0.3144
vn -0.3129 0.8779 0.3625
vn -0.9730 0.1339 0.1879
vn -0.9464 -0.3225 0.0183
vn -0.6872 -0.7055 -0.1731
vn -0.2225 -0.9190 -0.3254
vn 0.3104 -0.8709 -0.3809
vn 0.7537 -0.5711 -0.3254
vn 0.9785 -0.1118 -0.1731
vn 0.9370 0.3489 0.0183
vn 0.6689 0.7192 0.1879
vn 0.2133 0.9250 0.3144
vn -0.7326 0.5010 0.4608
vn -0.2829 0.7937 0.5385
vn -0.9631 0.0704 0.2596
vn -0.9422 -0.3346 0.0172
vn -0.7078 -0.6603 -0.2512
vn -0.2530 -0.8431 -0.4745
vn 0.2790 -0.7828 -0.5561
vn 0.7292 -0.4930 -0.4745
vn 0.9659 -0.0637 -0.2511
vn 0.9414 0.3368 0.0172
vn 0.7015 0.6638 0.2596
vn 0.2505 0.8514 0.4608
vn -0.7010 0.3989 0.5912
vn -0.2415 0.6774 0.6948
vn -0.9476 0.0041 0.3195
vn -0.9682 -0.1604 0.1920
vn -0.7341 -0.6010 -0.3160
vn -0.8449 -0.5063 -0.1728
vn -0.2928 -0.7417 -0.6035
vn 0.2369 -0.6646 -0.7086
vn 0.6959 -0.3893 -0.6035
vn 0.9488 -0.0011 -0.3160
vn 0.9746 0.1423 -0.1728
vn 0.7314 0.6025 0.3195
vn 0.8514 0.4881 0.1920
vn 0.2906 0.7524 0.5912
vn -0.6590 0.2761 0.6996
vn -0.1902 0.5337 0.8240
vn -0.9274 -0.0662 0.3682
vn -0.9547 -0.1983 0.2219
vn -0.7627 -0.5328 -0.3666
vn -0.8578 -0.4702 -0.2078
vn -0.3392 -0.6194 -0.7080
vn 0.1858 -0.5213 -0.8329
vn 0.6545 -0.2652 -0.7080
vn 0.9278 0.0698 -0.3666
vn 0.9618 0.1784 -0.2078
vn 0.7602 0.5353 0.3682
vn 0.8649 0.4503 0.2219
vn 0.3358 0.6307 0.6996
vn -0.6096 0.1356 0.7810
vn -0.1313 0.3683 0.9204
vn -0.9035 -0.1410 0.4048
vn -0.9400 -0.2396 0.2429
vn -0.7922 -0.4587 -0.4025
vn -0.8732 -0.4270 -0.2350
vn -0.3904 -0.4812 -0.7848
vn 0.1278 -0.3586 -0.9247
vn 0.6068 -0.1258 -0.7848
vn 0.9037 0.1458 -0.4025
vn 0.9464 0.2216 -0.2350
vn 0.7890 0.4623 0.4048
vn 0.8796 0.4090 0.2429
vn 0.3864 0.4906 0.7810
vn -0.5552 -0.0176 0.8316
vn -0.0670 0.1880 0.9799
vn -0.8766 -0.2201 0.4279
vn -0.9249 -0.2821 0.2550
vn -0.8216 -0.3814 -0.4237
vn -0.8908 -0.3777 -0.2526
vn -0.4446 -0.3324 -0.8317
vn 0.0651 -0.1827 -0.9810
vn 0.5547 0.0238 -0.8317
vn 0.8776 0.2243 -0.4237
vn 0.9289 0.2709 -0.2526
vn 0.8182 0.3840 0.4278
vn 0.8948 0.3665 0.2550
vn 0.4411 0.3375 0.8316
vn -0.5122 -0.1383 0.8477
vn -0.0165 0.0463 0.9988
vn -0.8554 -0.2822 0.4344
vn -0.9141 -0.3122 0.2588
vn -0.8422 -0.3228 -0.4318
vn -0.9055 -0.3362 -0.2588
vn -0.4851 -0.2172 -0.8471
vn 0.0165 -0.0464 -0.9988
vn 0.5131 0.1386 -0.8471
vn 0.8565 0.2827 -0.4318
vn 0.9140 0.3124 -0.2588
vn 0.8410 0.3225 0.4344
vn 0.9055 0.3364 0.2588
vn 0.4842 0.2168 0.8477
vn 0.7617 -0.6479 -0.0000
vn 0.9836 -0.1802 -0.0000
vn -0.6479 -0.7617 -0.0000
vn -0.1802 -0.9836 -0.0000
vn 0.9420 0.3357 -0.0000
vn -0.3358 0.9420 -0.0000
vn -0.7617 0.6479 -0.0000
vn -0.9836 0.1802 -0.0000
vn 0.3358 -0.9420 -0.0000
vn -0.9419 -0.3358 -0.0000
vn 0.1802 0.9836 -0.0000
vn 0.6479 0.7617 -0.0000
vn -0.6479 -0.7618 -0.0000
vn 0.0513 0.0603 0.9969
vn 0.0746 0.0266 0.9969
vn -0.0603 0.0513 0.9969
vn -0.0266 0.0746 0.9969
vn 0.0603 -0.0513 0.9969
vn 0.0266 -0.0746 0.9969
vn -0.0746 -0.0266 0.9969
vn -0.0779 0.0143 0.9969
vn 0.0143 0.0779 0.9969
vn -0.0143 -0.0779 0.9969
vn -0.0513 -0.0603 0.9969
vn 0.0779 -0.0143 0.9969
vn 0.9419 0.3358 -0.0000
vn 0.3357 -0.9420 -0.0000
vn 0.3358 -0.9419 -0.0000
vn -0.3358 0.9419 -0.0000
vn -0.3357 0.9420 -0.0000
vn -0.9420 -0.3357 -0.0000
vn -0.7522 0.6586 0.0225
vn -0.5388 0.8064 0.2437
vn -0.5388 0.8064 -0.2437
vn -0.8064 -0.5388 0.2437
vn -0.3429 -0.8120 0.4724
vn 0.7480 -0.5483 -0.3739
vn -0.1892 -0.9512 -0.2437
vn -0.9512 0.1892 0.2437
vn 0.0722 0.9321 -0.3548
vn -0.0722 -0.9321 -0.3548
vn -0.6371 0.7490 0.1817
vn 0.8064 0.5388 0.2437
vn -0.6586 -0.7522 0.0225
vn 0.3429 0.8120 -0.4724
vn -0.9920 -0.1012 -0.0760
vn 0.1892 0.9512 0.2437
vn 0.8064 0.5388 -0.2437
vn -0.0266 0.9749 -0.2211
vn 0.6768 0.5418 0.4985
vn -0.5216 0.2982 0.7994
vn 0.7999 0.5584 -0.2197
vn 0.5388 -0.8064 0.2437
vn 0.5216 -0.2982 0.7994
vn -0.0000 -0.9287 0.3709
vn -0.0000 -0.9010 0.4337
vn -0.3448 -0.8325 0.4337
vn -0.3554 -0.8580 0.3709
vn -0.0000 -0.9242 0.3818
vn -0.3537 -0.8539 0.3818
vn -0.0000 -0.4177 -0.9086
vn -0.1599 -0.3859 -0.9086
vn -0.0000 -0.7435 -0.6687
vn -0.0000 -0.8315 -0.5556
vn -0.3182 -0.7682 -0.5556
vn -0.2845 -0.6869 -0.6687
vn -0.0000 -0.9892 0.1464
vn -0.3786 -0.9139 0.1464
vn -0.0000 -0.9997 0.0233
vn -0.3826 -0.9236 0.0233
vn -0.5879 -0.5879 -0.5556
vn -0.5257 -0.5257 -0.6687
vn -0.6567 -0.6567 0.3709
vn -0.6995 -0.6995 0.1464
vn -0.6535 -0.6535 0.3818
vn -0.6371 -0.6371 0.4337
vn -0.2954 -0.2954 -0.9086
vn -0.7069 -0.7069 0.0233
vn -0.6869 -0.2845 -0.6687
vn -0.3859 -0.1599 -0.9086
vn -0.9139 -0.3786 0.1464
vn -0.9236 -0.3826 0.0233
vn -0.8325 -0.3448 0.4337
vn -0.8580 -0.3554 0.3709
vn -0.8539 -0.3537 0.3818
vn -0.7682 -0.3182 -0.5556
vn -0.9892 -0.0000 0.1464
vn -0.9997 -0.0000 0.0233
vn -0.9010 -0.0000 0.4337
vn -0.9287 -0.0000 0.3709
vn -0.9242 -0.0000 0.3818
vn -0.4177 -0.0000 -0.9086
vn -0.8315 -0.0000 -0.5556
vn -0.7435 -0.0000 -0.6687
vn -0.3859 0.1599 -0.9086
vn -0.7682 0.3182 -0.5556
vn -0.6869 0.2845 -0.6687
vn -0.8580 0.3554 0.3709
vn -0.9139 0.3786 0.1464
vn -0.8539 0.3537 0.3818
vn -0.8325 0.3448 0.4337
vn -0.9236 0.3826 0.0233
vn -0.6567 0.6567 0.3709
vn -0.6995 0.6995 0.1464
vn -0.6535 0.6535 0.3818
vn -0.6371 0.6371 0.4337
vn -0.5257 0.5257 -0.6687
vn -0.2954 0.2954 -0.9086
vn -0.7069 0.7069 0.0233
vn -0.5879 0.5879 -0.5556
vn -0.2845 0.6869 -0.6687
vn -0.1599 0.3859 -0.9086
vn -0.3786 0.9139 0.1464
vn -0.3826 0.9236 0.0233
vn -0.3448 0.8325 0.4337
vn -0.3554 0.8580 0.3709
vn -0.3537 0.8539 0.3818
vn -0.3182 0.7682 -0.5556
vn -0.0000 0.9010 0.4337
vn -0.0000 0.9287 0.3709
vn -0.0000 0.9242 0.3818
vn -0.0000 0.4177 -0.9086
vn -0.0000 0.8315 -0.5556
vn -0.0000 0.7435 -0.6687
vn -0.0000 0.9892 0.1464
vn -0.0000 0.9997 0.0233
vn 0.1599 0.3859 -0.9086
vn 0.3182 0.7682 -0.5556
vn 0.2845 0.6869 -0.6687
vn 0.3554 0.8580 0.3709
vn 0.3786 0.9139 0.1464
vn 0.3537 0.8539 0.3818
vn 0.3448 0.8325 0.4337
vn 0.3826 0.9236 0.0233
vn 0.6535 0.6535 0.3818
vn 0.6371 0.6371 0.4337
vn 0.5257 0.5257 -0.6687
vn 0.2954 0.2954 -0.9086
vn 0.6995 0.6995 0.1464
vn 0.7069 0.7069 0.0233
vn 0.6567 0.6567 0.3709
vn 0.5879 0.5879 -0.5556
vn 0.6869 0.2845 -0.6687
vn 0.3859 0.1599 -0.9086
vn 0.9139 0.3786 0.1464
vn 0.9236 0.3826 0.0233
vn 0.8325 0.3448 0.4337
vn 0.8580 0.3554 0.3709
vn 0.8539 0.3537 0.3818
vn 0.7682 0.3182 -0.5556
vn 0.9242 -0.0000 0.3818
vn 0.4177 -0.0000 -0.9086
vn 0.8315 -0.0000 -0.5556
vn 0.7435 -0.0000 -0.6687
vn 0.9287 -0.0000 0.3709
vn 0.9892 -0.0000 0.1464
vn 0.9010 -0.0000 0.4337
vn 0.9997 -0.0000 0.0233
vn 0.7682 -0.3182 -0.5556
vn 0.6869 -0.2845 -0.6687
vn 0.8580 -0.3554 0.3709
vn 0.9139 -0.3786 0.1464
vn 0.8539 -0.3537 0.3818
vn 0.8325 -0.3448 0.4337
vn 0.3859 -0.1599 -0.9086
vn 0.9236 -0.3826 0.0233
vn 0.5257 -0.5257 -0.6687
vn 0.2954 -0.2954 -0.9086
vn 0.6995 -0.6995 0.1464
vn 0.7069 -0.7069 0.0233
vn 0.6371 -0.6371 0.4337
vn 0.6567 -0.6567 0.3709
vn 0.6535 -0.6535 0.3818
vn 0.5879 -0.5879 -0.5556
vn 0.3786 -0.9139 0.1464
vn 0.3826 -0.9236 0.0233
vn 0.3448 -0.8325 0.4337
vn 0.3554 -0.8580 0.3709
vn 0.3537 -0.8539 0.3818
vn 0.1599 -0.3859 -0.9086
vn 0.3182 -0.7682 -0.5556
vn 0.2845 -0.6869 -0.6687
vt 0.840010 0.404012
vt 0.840010 0.428340
vt 0.829694 0.428340
vt 0.834427 0.404012
vt 0.840010 0.486226
vt 0.840010 0.507701
vt 0.840010 0.568856
vt 0.840010 0.587062
vt 0.840010 0.611391
vt 0.840010 0.619934
vt 0.834427 0.611391
vt 0.840010 0.395468
vt 0.864915 0.428340
vt 0.859071 0.428340
vt 0.861521 0.428340
vt 0.868116 0.428340
vt 0.859201 0.599226
vt 0.860783 0.599226
vt 0.863453 0.599226
vt 0.861669 0.599226
vt 0.820948 0.428340
vt 0.818498 0.428340
vt 0.828368 0.428340
vt 0.829694 0.404012
vt 0.826531 0.464751
vt 0.815105 0.464751
vt 0.825976 0.529176
vt 0.826531 0.550651
vt 0.815105 0.550651
vt 0.814079 0.529176
vt 0.832060 0.599226
vt 0.829694 0.611391
vt 0.825321 0.599226
vt 0.825976 0.486226
vt 0.825421 0.507701
vt 0.813053 0.507701
vt 0.814079 0.486226
vt 0.828112 0.568856
vt 0.829694 0.587062
vt 0.820948 0.587062
vt 0.818027 0.568856
vt 0.824172 0.486226
vt 0.823545 0.507701
vt 0.826531 0.611391
vt 0.824799 0.611391
vt 0.828368 0.611391
vt 0.815105 0.428340
vt 0.826531 0.404012
vt 0.809587 0.507701
vt 0.810745 0.486226
vt 0.815105 0.587062
vt 0.811903 0.587062
vt 0.818498 0.587062
vt 0.847959 0.599226
vt 0.854698 0.599226
vt 0.856587 0.599226
vt 0.848981 0.599226
vt 0.813053 0.428340
vt 0.825421 0.404012
vt 0.806129 0.486226
vt 0.804789 0.507701
vt 0.801887 0.507701
vt 0.803338 0.486226
vt 0.811287 0.568856
vt 0.813053 0.587062
vt 0.808921 0.568856
vt 0.825421 0.611391
vt 0.807470 0.464751
vt 0.804789 0.464751
vt 0.806129 0.529176
vt 0.807470 0.550651
vt 0.804789 0.550651
vt 0.803338 0.529176
vt 0.820818 0.599226
vt 0.819237 0.599226
vt 0.853488 0.464751
vt 0.850326 0.428340
vt 0.851652 0.428340
vt 0.855221 0.464751
vt 0.833709 0.611391
vt 0.801774 0.486226
vt 0.800261 0.507701
vt 0.872550 0.464751
vt 0.876733 0.464751
vt 0.803287 0.550651
vt 0.811903 0.550651
vt 0.815105 0.464751
vt 0.815105 0.550651
vt 0.828368 0.587062
vt 0.796986 0.507701
vt 0.798624 0.486226
vt 0.800261 0.507701
vt 0.840010 0.599226
vt 0.840010 0.464751
vt 0.840010 0.550651
vt 0.840010 0.529176
vt 0.845593 0.611391
vt 0.845593 0.404012
vt 0.846310 0.611391
vt 0.824799 0.464751
vt 0.850326 0.428340
vt 0.811903 0.428340
vt 0.803287 0.464751
vt 0.850326 0.611391
vt 0.851652 0.611391
vt 0.853488 0.464751
vt 0.864915 0.464751
vt 0.854043 0.529176
vt 0.853488 0.550651
vt 0.864915 0.550651
vt 0.865941 0.529176
vt 0.854698 0.599226
vt 0.850326 0.404012
vt 0.854043 0.486226
vt 0.854599 0.507701
vt 0.866967 0.507701
vt 0.865941 0.486226
vt 0.851907 0.568856
vt 0.850326 0.587062
vt 0.859071 0.587062
vt 0.861993 0.568856
vt 0.853488 0.404012
vt 0.853488 0.611391
vt 0.855221 0.611391
vt 0.824172 0.529176
vt 0.854599 0.611391
vt 0.856474 0.611391
vt 0.859201 0.599226
vt 0.873890 0.486226
vt 0.875231 0.507701
vt 0.878132 0.507701
vt 0.876682 0.486226
vt 0.868732 0.568856
vt 0.864915 0.587062
vt 0.866967 0.587062
vt 0.871099 0.568856
vt 0.854599 0.404012
vt 0.875231 0.464751
vt 0.866967 0.428340
vt 0.873890 0.529176
vt 0.872550 0.550651
vt 0.875231 0.550651
vt 0.876682 0.529176
vt 0.810745 0.529176
vt 0.801774 0.529176
vt 0.798624 0.529176
vt 0.873890 0.529176
vt 0.864915 0.550651
vt 0.865941 0.529176
vt 0.859071 0.428340
vt 0.873890 0.486226
vt 0.866967 0.507701
vt 0.865941 0.486226
vt 0.859071 0.587062
vt 0.861993 0.568856
vt 0.864915 0.464751
vt 0.831038 0.599226
vt 0.823433 0.599226
vt 0.818351 0.599226
vt 0.868116 0.464751
vt 0.851907 0.568856
vt 0.850326 0.587062
vt 0.853488 0.550651
vt 0.826583 0.568856
vt 0.824799 0.550651
vt 0.815200 0.568856
vt 0.807595 0.568856
vt 0.811903 0.464751
vt 0.804924 0.568856
vt 0.809587 0.587062
vt 0.809587 0.428340
vt 0.800261 0.464751
vt 0.800261 0.550651
vt 0.816566 0.599226
vt 0.823545 0.611391
vt 0.815201 0.568856
vt 0.851652 0.428340
vt 0.855221 0.550651
vt 0.855848 0.529176
vt 0.856474 0.507701
vt 0.855848 0.486226
vt 0.851652 0.587062
vt 0.853436 0.568856
vt 0.869274 0.486226
vt 0.870432 0.507701
vt 0.879758 0.507701
vt 0.878246 0.486226
vt 0.864819 0.568856
vt 0.861521 0.587062
vt 0.868116 0.587062
vt 0.872424 0.568856
vt 0.869274 0.529176
vt 0.868116 0.550651
vt 0.876733 0.550651
vt 0.878246 0.529176
vt 0.870432 0.428340
vt 0.879758 0.464751
vt 0.876733 0.464751
vt 0.881396 0.529176
vt 0.879758 0.550651
vt 0.876733 0.550651
vt 0.878245 0.529176
vt 0.881396 0.486226
vt 0.883033 0.507701
vt 0.879758 0.507701
vt 0.878245 0.486226
vt 0.875095 0.568856
vt 0.870432 0.587062
vt 0.869274 0.486226
vt 0.870432 0.507701
vt 0.855847 0.486226
vt 0.851652 0.587062
vt 0.853436 0.568856
vt 0.869274 0.529176
vt 0.855847 0.529176
vt 0.161291 0.056869
vt 0.161291 0.208719
vt 0.152522 0.208719
vt 0.152522 0.056869
vt 0.150390 0.178025
vt 0.156475 0.186123
vt 0.156475 0.186123
vt 0.152523 0.200057
vt 0.158607 0.208156
vt 0.145805 0.237511
vt 0.139720 0.229413
vt 0.126527 0.260945
vt 0.132612 0.269044
vt 0.139720 0.229413
vt 0.158608 0.208156
vt 0.150390 0.178025
vt 0.143838 0.200792
vt 0.149923 0.208891
vt 0.162843 0.193087
vt 0.156759 0.201186
vt 0.162843 0.193087
vt 0.160711 0.215119
vt 0.154626 0.223218
vt 0.167428 0.252574
vt 0.173513 0.244475
vt 0.186706 0.276008
vt 0.180622 0.284107
vt 0.167428 0.252574
vt 0.160711 0.215119
vt 0.154626 0.223218
vt 0.156759 0.201186
vt 0.169395 0.215854
vt 0.163311 0.223953
vt 0.156571 0.132743
vt 0.156571 0.137748
vt 0.159864 0.137748
vt 0.159864 0.132743
vt 0.164676 0.143541
vt 0.164676 0.148546
vt 0.163698 0.159877
vt 0.163698 0.154872
vt 0.156571 0.167152
vt 0.156571 0.172157
vt 0.149413 0.159877
vt 0.149413 0.154872
vt 0.148941 0.143541
vt 0.148941 0.148546
vt 0.153246 0.137748
vt 0.153246 0.132743
vt 0.156571 0.142191
vt 0.156571 0.147195
vt 0.156663 0.131074
vt 0.156663 0.135752
vt 0.153369 0.135752
vt 0.153369 0.131074
vt 0.148557 0.142297
vt 0.148557 0.146976
vt 0.149535 0.160297
vt 0.149535 0.155619
vt 0.156663 0.169987
vt 0.156663 0.174666
vt 0.163821 0.160297
vt 0.163821 0.155619
vt 0.164293 0.142297
vt 0.164293 0.146976
vt 0.159987 0.135752
vt 0.159987 0.131074
vt 0.156663 0.141758
vt 0.156663 0.146436
vt 0.155456 0.092319
vt 0.156028 0.097324
vt 0.158978 0.097324
vt 0.158407 0.092319
vt 0.161250 0.103117
vt 0.161821 0.108122
vt 0.155714 0.119453
vt 0.155143 0.114448
vt 0.143256 0.126728
vt 0.143828 0.131733
vt 0.142918 0.119453
vt 0.142347 0.114448
vt 0.147155 0.103117
vt 0.147726 0.108122
vt 0.153050 0.097324
vt 0.152479 0.092319
vt 0.152107 0.101766
vt 0.152678 0.106771
vt 0.159048 0.090649
vt 0.158074 0.095328
vt 0.155123 0.095328
vt 0.156098 0.090649
vt 0.152336 0.101873
vt 0.151361 0.106551
vt 0.156441 0.119873
vt 0.157416 0.115195
vt 0.168191 0.129563
vt 0.167216 0.134241
vt 0.169237 0.119873
vt 0.170212 0.115195
vt 0.166432 0.101873
vt 0.165457 0.106551
vt 0.161051 0.095328
vt 0.162026 0.090649
vt 0.161559 0.101334
vt 0.160584 0.106012
vt 0.120355 0.872704
vt 0.120355 0.870532
vt 0.138998 0.862809
vt 0.140534 0.864346
vt 0.120355 0.864346
vt 0.120355 0.855087
vt 0.128077 0.851889
vt 0.134623 0.858435
vt 0.120355 0.844167
vt 0.131275 0.844167
vt 0.140534 0.844167
vt 0.146720 0.844167
vt 0.496976 0.766697
vt 0.441045 0.789864
vt 0.148892 0.844167
vt 0.417878 0.845795
vt 0.441045 0.901726
vt 0.496976 0.924894
vt 0.552907 0.901726
vt 0.552907 0.901726
vt 0.134623 0.829898
vt 0.138998 0.825524
vt 0.128077 0.836444
vt 0.576075 0.845795
vt 0.552907 0.789864
vt 0.552907 0.789864
vt 0.140534 0.823988
vt 0.120355 0.833246
vt 0.120355 0.817802
vt 0.120355 0.815629
vt 0.120355 0.823988
vt 0.565781 0.845795
vt 0.545628 0.797143
vt 0.448324 0.894447
vt 0.496976 0.914600
vt 0.101712 0.825524
vt 0.100176 0.823988
vt 0.112633 0.836444
vt 0.106086 0.829898
vt 0.545628 0.894447
vt 0.428171 0.845795
vt 0.448324 0.797143
vt 0.496976 0.776991
vt 0.100176 0.844167
vt 0.093990 0.844167
vt 0.109434 0.844167
vt 0.091817 0.844167
vt 0.106086 0.858435
vt 0.101712 0.862809
vt 0.112633 0.851889
vt 0.100176 0.864346
vt 0.402700 0.802439
vt 0.403579 0.811362
vt 0.404781 0.811123
vt 0.403926 0.802439
vt 0.408065 0.810469
vt 0.407274 0.802439
vt 0.412551 0.809577
vt 0.411848 0.802439
vt 0.417037 0.808685
vt 0.416421 0.802439
vt 0.420320 0.808032
vt 0.419769 0.802439
vt 0.421522 0.807792
vt 0.420995 0.802439
vt 0.406182 0.819941
vt 0.407314 0.819472
vt 0.410407 0.818191
vt 0.414633 0.816441
vt 0.418858 0.814691
vt 0.421952 0.813409
vt 0.423084 0.812940
vt 0.410408 0.827849
vt 0.411427 0.827168
vt 0.414211 0.825308
vt 0.418014 0.822767
vt 0.421817 0.820226
vt 0.424601 0.818366
vt 0.425620 0.817685
vt 0.416096 0.834779
vt 0.416963 0.833913
vt 0.419330 0.831545
vt 0.422564 0.828311
vt 0.425798 0.825077
vt 0.428166 0.822710
vt 0.429032 0.821843
vt 0.423027 0.840467
vt 0.423708 0.839448
vt 0.425568 0.836664
vt 0.428109 0.832861
vt 0.430650 0.829059
vt 0.432510 0.826275
vt 0.433191 0.825256
vt 0.430934 0.844694
vt 0.431403 0.843561
vt 0.432684 0.840468
vt 0.434435 0.836243
vt 0.436185 0.832017
vt 0.437466 0.828924
vt 0.437935 0.827792
vt 0.439514 0.847296
vt 0.439753 0.846094
vt 0.440406 0.842811
vt 0.441298 0.838325
vt 0.442191 0.833839
vt 0.442844 0.830555
vt 0.443083 0.829353
vt 0.448437 0.848175
vt 0.448437 0.846950
vt 0.448437 0.843601
vt 0.448437 0.839028
vt 0.448437 0.834454
vt 0.448437 0.831106
vt 0.448437 0.829881
vt 0.505104 0.834454
vt 0.505104 0.839028
vt 0.505104 0.843601
vt 0.505104 0.846950
vt 0.505104 0.831106
vt 0.505104 0.829881
vt 0.505104 0.848175
vt 0.607976 0.802439
vt 0.606751 0.802439
vt 0.605896 0.811123
vt 0.607098 0.811362
vt 0.603403 0.802439
vt 0.602612 0.810469
vt 0.598829 0.802439
vt 0.598126 0.809577
vt 0.594255 0.802439
vt 0.593640 0.808685
vt 0.590907 0.802439
vt 0.590357 0.808032
vt 0.589682 0.802439
vt 0.589155 0.807792
vt 0.603363 0.819472
vt 0.604495 0.819941
vt 0.600269 0.818191
vt 0.596044 0.816441
vt 0.591819 0.814691
vt 0.588725 0.813409
vt 0.587593 0.812940
vt 0.599249 0.827168
vt 0.600268 0.827849
vt 0.596466 0.825308
vt 0.592663 0.822767
vt 0.588860 0.820226
vt 0.586076 0.818366
vt 0.585057 0.817685
vt 0.593714 0.833913
vt 0.594581 0.834779
vt 0.591347 0.831545
vt 0.588112 0.828311
vt 0.584878 0.825077
vt 0.582511 0.822710
vt 0.581644 0.821843
vt 0.586969 0.839448
vt 0.587650 0.840467
vt 0.585109 0.836664
vt 0.582568 0.832861
vt 0.580027 0.829059
vt 0.578167 0.826275
vt 0.577486 0.825256
vt 0.579274 0.843561
vt 0.579743 0.844694
vt 0.577992 0.840468
vt 0.576242 0.836243
vt 0.574492 0.832017
vt 0.573211 0.828924
vt 0.572742 0.827792
vt 0.570924 0.846094
vt 0.571163 0.847296
vt 0.570271 0.842811
vt 0.569378 0.838325
vt 0.568486 0.833839
vt 0.567833 0.830555
vt 0.567594 0.829353
vt 0.562240 0.846950
vt 0.562240 0.848175
vt 0.562240 0.843601
vt 0.562240 0.839028
vt 0.562240 0.834454
vt 0.562240 0.831106
vt 0.562240 0.829881
vt 0.850649 0.844746
vt 0.850649 0.880592
vt 0.842055 0.880592
vt 0.835387 0.844746
vt 0.850649 0.906555
vt 0.850649 0.935451
vt 0.846780 0.906555
vt 0.850649 0.755113
vt 0.850649 0.759383
vt 0.842434 0.759383
vt 0.850649 0.771543
vt 0.850649 0.789741
vt 0.830816 0.789741
vt 0.835470 0.771543
vt 0.850649 0.811208
vt 0.831008 0.811208
vt 0.814003 0.789741
vt 0.822601 0.771543
vt 0.822448 0.844746
vt 0.814357 0.811208
vt 0.843501 0.906555
vt 0.834769 0.880592
vt 0.835470 0.759383
vt 0.814003 0.771543
vt 0.830816 0.759383
vt 0.803231 0.811208
vt 0.802768 0.789741
vt 0.829901 0.880592
vt 0.813802 0.844746
vt 0.841309 0.906555
vt 0.799324 0.811208
vt 0.798823 0.789741
vt 0.828191 0.880592
vt 0.810766 0.844746
vt 0.840540 0.906555
vt 0.829182 0.759383
vt 0.810983 0.771543
vt 0.835470 0.759383
vt 0.835470 0.771543
vt 0.850649 0.844746
vt 0.850649 0.771543
vt 0.850649 0.811208
vt 0.858864 0.759383
vt 0.870482 0.789741
vt 0.865829 0.771543
vt 0.865912 0.844746
vt 0.870291 0.811208
vt 0.854518 0.906555
vt 0.859243 0.880592
vt 0.857798 0.906555
vt 0.866529 0.880592
vt 0.878697 0.771543
vt 0.865829 0.759383
vt 0.886942 0.811208
vt 0.887295 0.789741
vt 0.878851 0.844746
vt 0.887295 0.771543
vt 0.870482 0.759383
vt 0.898068 0.811208
vt 0.898530 0.789741
vt 0.871397 0.880592
vt 0.887496 0.844746
vt 0.859989 0.906555
vt 0.860759 0.906555
vt 0.872116 0.759383
vt 0.902475 0.789741
vt 0.890315 0.771543
vt 0.890532 0.844746
vt 0.901974 0.811208
vt 0.873107 0.880592
vt 0.878697 0.771543
vt 0.878851 0.844746
s 1
usemtl base_material.013
f 4/1/1 114/2/2 10/3/3 11/4/4
f 170/5/5 58/6/5 229/6/5 330/5/5
f 115/7/6 1/8/6 184/8/6 275/7/6
f 112/9/7 54/10/8 5/11/9
f 76/12/10 4/1/1 11/4/4
f 82/13/11 74/14/12 235/15/10 237/16/10
f 143/17/10 142/18/10 302/19/10 303/20/10
f 52/3/13 45/21/14 211/22/10 213/23/10
f 76/12/10 11/4/4 18/24/15
f 10/3/3 9/25/16 16/26/17 17/21/18
f 147/27/19 7/28/20 14/29/21 148/30/22
f 131/31/23 5/11/9 12/32/24 132/33/25
f 11/4/4 10/3/3 17/21/18 18/24/15
f 163/34/26 8/35/27 15/36/28 164/37/29
f 116/38/30 6/39/31 13/40/32 117/41/33
f 5/11/9 54/10/8 12/32/24
f 50/35/34 169/34/34 329/42/34 219/43/34
f 12/32/24 19/44/35 197/45/36 196/46/36
f 18/24/15 17/21/18 24/47/37 25/48/38
f 168/37/39 43/36/39 218/49/39 328/50/39
f 13/40/32 20/51/40 194/52/8 195/53/8
f 12/32/24 54/10/8 19/44/35
f 76/12/10 18/24/15 25/48/38
f 145/54/10 144/55/10 304/56/10 305/57/10
f 25/48/38 24/47/37 31/58/41 32/59/42
f 165/60/43 22/61/44 29/62/45 166/63/46
f 118/64/47 20/51/40 27/65/48 119/66/49
f 19/44/35 54/10/8 26/67/50
f 76/12/10 25/48/38 32/59/42
f 24/47/37 23/68/51 30/69/52 31/58/41
f 149/70/53 21/71/54 28/72/55 150/73/56
f 133/74/57 19/44/35 26/67/50 134/75/58
f 109/76/59 110/77/59 261/78/59 260/79/59
f 26/67/50 54/10/8 33/44/60
f 76/12/10 32/59/42 39/48/61
f 40/32/62 47/11/63 217/80/64 216/46/64
f 36/61/65 167/60/65 327/81/65 208/82/65
f 81/83/66 82/13/66 237/16/66 236/84/66
f 32/59/42 31/58/41 38/47/67 39/48/61
f 14/29/8 21/71/8 193/85/8 192/86/8
f 76/12/10 39/48/61 46/24/68
f 38/47/67 37/68/69 44/87/70 45/21/14
f 151/70/71 35/71/72 42/88/73 152/30/74
f 135/74/75 33/44/60 40/32/62 136/33/76
f 39/48/61 38/47/67 45/21/14 46/24/68
f 167/60/77 36/61/78 43/36/79 168/37/80
f 120/64/81 34/51/82 41/40/83 121/41/84
f 33/44/60 54/10/8 40/32/62
f 41/40/83 48/39/85 214/89/8 215/53/8
f 46/24/68 45/21/14 52/3/13 53/4/86
f 166/63/87 29/62/87 209/90/87 326/91/87
f 15/36/8 22/61/8 190/92/8 191/49/8
f 40/32/62 54/10/8 47/11/63
f 76/12/10 46/24/68 53/4/86
f 146/93/6 112/9/6 274/9/6 306/93/6
f 22/61/88 165/60/88 325/81/88 190/92/88
f 53/4/86 52/3/13 60/2/89 61/1/90
f 169/34/91 50/35/92 58/6/93 170/5/94
f 122/38/95 48/39/85 56/8/96 123/7/97
f 47/11/63 54/10/8 55/9/98
f 76/12/10 53/4/86 61/1/90
f 52/3/13 51/25/99 59/94/100 60/2/89
f 153/27/101 49/28/102 57/95/103 154/96/104
f 137/31/105 47/11/63 55/9/98 138/93/106
f 55/9/98 54/10/8 62/97/107
f 76/12/10 61/1/90 68/98/108
f 105/97/59 145/54/59 305/57/59 268/99/59
f 51/25/34 52/3/34 213/23/34 212/100/34
f 164/37/109 15/36/109 191/49/109 324/50/109
f 61/1/90 60/2/89 67/101/110 68/98/108
f 23/68/88 24/47/88 189/102/88 188/103/88
f 144/55/111 98/104/111 269/105/111 304/56/111
f 67/101/110 66/106/112 73/107/113 74/14/12
f 155/108/114 64/109/115 71/110/116 156/111/117
f 139/54/118 62/97/107 69/104/119 140/112/120
f 68/98/108 67/101/110 74/14/12 75/113/121
f 171/114/122 65/115/123 72/116/124 172/117/125
f 124/118/126 63/119/127 70/120/128 125/121/129
f 62/97/107 54/10/8 69/104/119
f 76/12/10 68/98/108 75/113/121
f 75/113/121 74/14/12 82/13/11 83/122/130
f 8/35/131 163/34/131 323/42/131 272/43/131
f 91/123/132 143/17/132 303/20/132 257/124/132
f 69/104/119 54/10/8 77/123/133
f 76/12/10 75/113/121 83/122/130
f 147/27/10 162/96/10 322/96/10 307/125/10
f 142/18/134 84/126/134 256/127/134 302/19/134
f 77/123/66 141/128/66 301/20/66 244/124/66
f 173/129/135 80/130/136 87/131/137 174/132/138
f 126/133/139 78/134/140 85/135/141 127/136/142
f 77/123/133 54/10/8 84/126/143
f 76/12/10 83/122/130 90/137/144
f 82/13/11 81/83/145 88/138/146 89/139/147
f 157/140/148 79/141/149 86/142/150 158/143/151
f 141/128/152 77/123/133 84/126/143 142/18/153
f 83/122/130 82/13/11 89/139/147 90/137/144
f 76/12/10 90/137/144 97/122/154
f 149/70/10 148/30/10 308/144/10 309/145/10
f 140/112/155 69/104/155 245/105/155 300/56/155
f 62/97/156 139/54/156 299/57/156 226/99/156
f 90/137/144 89/139/147 96/13/157 97/122/154
f 151/70/10 150/73/10 310/146/10 311/145/10
f 138/93/5 55/9/5 227/9/5 298/93/5
f 84/126/143 54/10/8 91/123/158
f 159/147/159 93/141/160 100/148/161 160/149/162
f 143/17/163 91/123/158 98/104/164 144/55/165
f 97/122/154 96/13/157 103/150/166 104/113/167
f 175/151/168 94/130/169 101/152/170 176/153/171
f 128/133/172 92/134/173 99/154/174 129/155/175
f 91/123/158 54/10/8 98/104/164
f 76/12/10 97/122/154 104/113/167
f 96/13/157 95/83/176 102/156/177 103/150/166
f 104/113/167 103/150/166 110/77/178 111/98/179
f 47/11/34 137/31/34 297/157/34 217/80/34
f 153/27/10 152/30/10 312/144/10 313/125/10
f 98/104/164 54/10/8 105/97/180
f 76/12/10 104/113/167 111/98/179
f 136/33/39 40/32/39 216/46/39 296/158/39
f 33/44/65 135/74/65 295/159/65 206/45/65
f 103/150/111 102/156/111 258/160/111 259/15/111
f 130/161/181 106/162/182 1/8/183 115/7/184
f 105/97/180 54/10/8 112/9/7
f 76/12/10 111/98/179 4/1/1
f 110/77/178 109/76/185 3/94/186 114/2/2
f 161/108/187 107/163/188 2/95/189 162/96/190
f 145/54/191 105/97/180 112/9/7 146/93/192
f 111/98/179 110/77/178 114/2/2 4/1/1
f 177/114/193 108/115/194 113/6/195 178/5/196
f 107/163/188 130/161/181 115/7/184 2/95/189
f 100/148/161 129/155/175 130/161/181 107/163/188
f 93/141/160 128/133/172 129/155/175 100/148/161
f 86/142/150 127/136/142 128/133/172 93/141/160
f 79/141/149 126/133/139 127/136/142 86/142/150
f 71/110/116 125/121/129 126/133/139 79/141/149
f 64/109/115 124/118/126 125/121/129 71/110/116
f 57/95/103 123/7/97 124/118/126 64/109/115
f 49/28/102 122/38/95 123/7/97 57/95/103
f 42/88/73 121/41/84 122/38/95 49/28/102
f 35/71/72 120/64/81 121/41/84 42/88/73
f 28/72/55 119/66/49 120/64/81 35/71/72
f 21/71/54 118/64/47 119/66/49 28/72/55
f 14/29/21 117/41/33 118/64/47 21/71/54
f 7/28/20 116/38/30 117/41/33 14/29/21
f 2/95/189 115/7/184 116/38/30 7/28/20
f 106/162/182 145/54/191 146/93/192 1/8/183
f 99/154/174 144/55/165 145/54/191 106/162/182
f 92/134/173 143/17/163 144/55/165 99/154/174
f 85/135/141 142/18/153 143/17/163 92/134/173
f 78/134/140 141/128/152 142/18/153 85/135/141
f 70/120/128 140/112/120 141/128/152 78/134/140
f 63/119/127 139/54/118 140/112/120 70/120/128
f 56/8/96 138/93/106 139/54/118 63/119/127
f 48/39/85 137/31/105 138/93/106 56/8/96
f 41/40/83 136/33/76 137/31/105 48/39/85
f 34/51/82 135/74/75 136/33/76 41/40/83
f 27/65/48 134/75/58 135/74/75 34/51/82
f 20/51/40 133/74/57 134/75/58 27/65/48
f 13/40/32 132/33/25 133/74/57 20/51/40
f 6/39/31 131/31/23 132/33/25 13/40/32
f 1/8/183 146/93/192 131/31/23 6/39/31
f 108/115/194 161/108/187 162/96/190 113/6/195
f 101/152/170 160/149/162 161/108/187 108/115/194
f 94/130/169 159/147/159 160/149/162 101/152/170
f 87/131/137 158/143/151 159/147/159 94/130/169
f 80/130/136 157/140/148 158/143/151 87/131/137
f 72/116/124 156/111/117 157/140/148 80/130/136
f 65/115/123 155/108/114 156/111/117 72/116/124
f 58/6/93 154/96/104 155/108/114 65/115/123
f 50/35/92 153/27/101 154/96/104 58/6/93
f 43/36/79 152/30/74 153/27/101 50/35/92
f 36/61/78 151/70/71 152/30/74 43/36/79
f 29/62/45 150/73/56 151/70/71 36/61/78
f 22/61/44 149/70/53 150/73/56 29/62/45
f 15/36/28 148/30/22 149/70/53 22/61/44
f 8/35/27 147/27/19 148/30/22 15/36/28
f 113/6/195 162/96/190 147/27/19 8/35/27
f 109/76/185 177/114/193 178/5/196 3/94/186
f 102/156/177 176/153/171 177/114/193 109/76/185
f 95/83/176 175/151/168 176/153/171 102/156/177
f 88/138/146 174/132/138 175/151/168 95/83/176
f 81/83/145 173/129/135 174/132/138 88/138/146
f 73/107/113 172/117/125 173/129/135 81/83/145
f 66/106/112 171/114/122 172/117/125 73/107/113
f 59/94/100 170/5/94 171/114/122 66/106/112
f 51/25/99 169/34/91 170/5/94 59/94/100
f 44/87/70 168/37/80 169/34/91 51/25/99
f 37/68/69 167/60/77 168/37/80 44/87/70
f 30/69/52 166/63/46 167/60/77 37/68/69
f 23/68/51 165/60/43 166/63/46 30/69/52
f 16/26/17 164/37/29 165/60/43 23/68/51
f 9/25/16 163/34/26 164/37/29 16/26/17
f 3/94/186 178/5/196 163/34/26 9/25/16
f 338/5/197 271/6/197 272/43/197 323/42/197
f 275/7/198 184/8/198 185/89/198 276/164/198
f 270/2/199 181/94/199 179/100/199 180/23/199
f 322/96/200 183/95/200 182/165/200 307/125/200
f 306/93/201 274/9/202 273/80/202 291/157/201
f 308/144/203 192/86/203 193/85/203 309/145/203
f 292/158/204 196/46/36 197/45/36 293/159/204
f 324/50/205 191/49/205 190/92/205 325/81/205
f 277/166/206 195/53/206 194/52/206 278/167/206
f 187/22/207 186/168/207 188/103/207 189/102/207
f 279/169/208 204/170/208 205/52/208 280/167/208
f 199/171/209 198/172/209 200/103/209 201/102/209
f 310/146/210 203/173/210 202/85/210 311/145/210
f 294/174/211 207/175/212 206/45/212 295/159/211
f 326/91/213 209/90/213 208/82/213 327/81/213
f 296/158/214 216/46/64 217/80/64 297/157/214
f 328/50/215 218/49/215 219/43/215 329/42/215
f 281/176/216 215/53/216 214/89/216 282/164/216
f 211/22/217 210/168/217 212/100/217 213/23/217
f 312/144/218 221/86/218 220/165/218 313/125/218
f 223/2/219 222/94/219 224/79/219 225/177/219
f 314/96/220 230/95/220 231/178/220 315/179/220
f 298/93/221 227/9/222 226/99/222 299/57/221
f 330/5/223 229/6/223 228/180/223 331/181/223
f 283/7/224 233/8/224 232/182/224 284/183/224
f 332/184/225 238/185/225 239/186/225 333/187/225
f 285/188/226 242/189/226 243/190/226 286/191/226
f 235/15/227 234/160/227 236/84/227 237/16/227
f 316/192/228 241/193/228 240/194/228 317/195/228
f 300/56/229 245/105/230 244/124/230 301/20/229
f 247/196/231 246/197/231 248/198/231 249/16/231
f 318/199/232 252/200/232 253/201/232 319/202/232
f 302/19/233 256/127/234 257/124/234 303/20/233
f 334/203/235 251/204/235 250/205/235 335/206/235
f 287/207/236 255/208/236 254/190/236 288/191/236
f 336/209/237 262/210/237 263/180/237 337/211/237
f 289/188/238 266/189/238 267/212/238 290/213/238
f 259/15/239 258/160/239 260/79/239 261/78/239
f 320/214/240 265/193/240 264/178/240 321/215/240
f 304/56/241 269/105/242 268/99/242 305/57/241
f 44/87/8 51/25/8 212/100/8 210/168/8
f 110/77/178 103/150/166 259/15/10 261/78/10
f 24/47/37 17/21/18 187/22/10 189/102/10
f 73/107/8 81/83/8 236/84/8 234/160/8
f 6/39/131 116/38/131 276/164/131 185/89/131
f 65/115/156 171/114/156 331/181/156 228/180/156
f 43/36/8 50/35/8 219/43/8 218/49/8
f 102/156/8 109/76/8 260/79/8 258/160/8
f 141/128/10 140/112/10 300/56/10 301/20/10
f 16/26/8 23/68/8 188/103/8 186/168/8
f 72/116/8 80/130/8 239/186/8 238/185/8
f 117/41/109 13/40/109 195/53/109 277/166/109
f 172/117/155 72/116/155 238/185/155 332/184/155
f 42/88/8 49/28/8 220/165/8 221/86/8
f 101/152/8 108/115/8 263/180/8 262/210/8
f 71/110/8 79/141/8 240/194/8 241/193/8
f 20/51/88 118/64/88 278/167/88 194/52/88
f 80/130/66 173/129/66 333/187/66 239/186/66
f 100/148/8 107/163/8 264/178/8 265/193/8
f 139/54/10 138/93/10 298/93/10 299/57/10
f 70/120/128 78/134/140 243/190/8 242/189/8
f 119/66/87 27/65/87 204/170/87 279/169/87
f 174/132/134 87/131/134 251/204/134 334/203/134
f 99/154/174 106/162/182 267/212/8 266/189/8
f 69/104/119 77/123/133 244/124/230 245/105/230
f 34/51/65 120/64/65 280/167/65 205/52/65
f 94/130/132 175/151/132 335/206/132 250/205/132
f 98/104/164 105/97/180 268/99/242 269/105/242
f 137/31/10 136/33/10 296/158/10 297/157/10
f 121/41/39 41/40/39 215/53/39 281/176/39
f 176/153/111 101/152/111 262/210/111 336/209/111
f 31/58/87 30/69/87 198/172/87 199/171/87
f 48/39/34 122/38/34 282/164/34 214/89/34
f 108/115/59 177/114/59 337/211/59 263/180/59
f 135/74/10 134/75/10 294/174/10 295/159/10
f 123/7/5 56/8/5 233/8/5 283/7/5
f 178/5/6 113/6/6 271/6/6 338/5/6
f 60/2/5 59/94/5 222/94/5 223/2/5
f 63/119/156 124/118/156 284/183/156 232/182/156
f 133/74/10 132/33/10 292/158/10 293/159/10
f 89/139/134 88/138/134 246/197/134 247/196/134
f 125/121/155 70/120/155 242/189/155 285/188/155
f 177/114/10 176/153/10 336/209/10 337/211/10
f 78/134/66 126/133/66 286/191/66 243/190/66
f 131/31/10 146/93/10 306/93/10 291/157/10
f 127/136/134 85/135/134 255/208/134 287/207/134
f 175/151/10 174/132/10 334/203/10 335/206/10
f 7/28/131 147/27/131 307/125/131 182/165/131
f 92/134/132 128/133/132 288/191/132 254/190/132
f 114/2/6 3/94/6 181/94/6 270/2/6
f 148/30/109 14/29/109 192/86/109 308/144/109
f 129/155/111 99/154/111 266/189/111 289/188/111
f 173/129/10 172/117/10 332/184/10 333/187/10
f 21/71/88 149/70/88 309/145/88 193/85/88
f 106/162/59 130/161/59 290/213/59 267/212/59
f 150/73/87 28/72/87 203/173/87 310/146/87
f 171/114/10 170/5/10 330/5/10 331/181/10
f 35/71/65 151/70/65 311/145/65 202/85/65
f 130/161/10 129/155/10 289/188/10 290/213/10
f 152/30/39 42/88/39 221/86/39 312/144/39
f 169/34/10 168/37/10 328/50/10 329/42/10
f 10/3/3 114/2/2 270/2/10 180/23/10
f 49/28/34 153/27/34 313/125/34 220/165/34
f 128/133/10 127/136/10 287/207/10 288/191/10
f 113/6/8 8/35/8 272/43/8 271/6/8
f 154/96/5 57/95/5 230/95/5 314/96/5
f 37/68/65 38/47/65 201/102/65 200/103/65
f 167/60/10 166/63/10 326/91/10 327/81/10
f 112/9/7 5/11/9 273/80/202 274/9/202
f 64/109/156 155/108/156 315/179/156 231/178/156
f 126/133/10 125/121/10 285/188/10 286/191/10
f 66/106/156 67/101/156 225/177/156 224/79/156
f 156/111/155 71/110/155 241/193/155 316/192/155
f 28/72/8 35/71/8 202/85/8 203/173/8
f 9/25/131 10/3/131 180/23/131 179/100/131
f 165/60/10 164/37/10 324/50/10 325/81/10
f 79/141/66 157/140/66 317/195/66 240/194/66
f 27/65/48 34/51/82 205/52/8 204/170/8
f 95/83/132 96/13/132 249/16/132 248/198/132
f 124/118/10 123/7/10 283/7/10 284/183/10
f 55/9/98 62/97/107 226/99/222 227/9/222
f 158/143/134 86/142/134 252/200/134 318/199/134
f 26/67/50 33/44/60 206/45/212 207/175/212
f 163/34/10 178/5/10 338/5/10 323/42/10
f 93/141/132 159/147/132 319/202/132 253/201/132
f 3/94/8 9/25/8 179/100/8 181/94/8
f 122/38/10 121/41/10 281/176/10 282/164/10
f 67/101/110 60/2/89 223/2/10 225/177/10
f 160/149/111 100/148/111 265/193/111 320/214/111
f 38/47/67 31/58/41 199/171/10 201/102/10
f 96/13/157 89/139/147 247/196/10 249/16/10
f 2/95/8 7/28/8 182/165/8 183/95/8
f 59/94/8 66/106/8 224/79/8 222/94/8
f 107/163/59 161/108/59 321/215/59 264/178/59
f 30/69/8 37/68/8 200/103/8 198/172/8
f 88/138/8 95/83/8 248/198/8 246/197/8
f 1/8/183 6/39/31 185/89/8 184/8/8
f 120/64/10 119/66/10 279/169/10 280/167/10
f 58/6/8 65/115/8 228/180/8 229/6/8
f 162/96/6 2/95/6 183/95/6 322/96/6
f 29/62/8 36/61/8 208/82/8 209/90/8
f 87/131/8 94/130/8 250/205/8 251/204/8
f 57/95/8 64/109/8 231/178/8 230/95/8
f 86/142/8 93/141/8 253/201/8 252/200/8
f 118/64/10 117/41/10 277/166/10 278/167/10
f 56/8/96 63/119/127 232/182/8 233/8/8
f 161/108/10 160/149/10 320/214/10 321/215/10
f 85/135/141 92/134/173 254/190/8 255/208/8
f 84/126/143 91/123/158 257/124/234 256/127/234
f 116/38/10 115/7/10 275/7/10 276/164/10
f 159/147/10 158/143/10 318/199/10 319/202/10
f 5/11/131 131/31/131 291/157/131 273/80/131
f 17/21/109 16/26/109 186/168/109 187/22/109
f 45/21/39 44/87/39 210/168/39 211/22/39
f 132/33/109 12/32/109 196/46/109 292/158/109
f 157/140/10 156/111/10 316/192/10 317/195/10
f 19/44/88 133/74/88 293/159/88 197/45/88
f 74/14/155 73/107/155 234/160/155 235/15/155
f 134/75/87 26/67/87 207/175/87 294/174/87
f 155/108/10 154/96/10 314/96/10 315/179/10
f 339/216/6 340/217/6 342/217/6 341/216/6
f 341/216/87 342/217/87 346/218/87 345/219/87
f 345/219/5 346/218/5 344/218/5 343/219/5
f 343/219/134 344/218/134 340/217/134 339/216/134
f 341/216/10 345/219/10 343/219/10 339/216/10
f 346/218/8 342/217/8 340/217/8 344/218/8
f 355/220/243 356/221/243 350/222/244 349/220/245
f 359/223/246 360/224/246 354/225/247 353/226/248
f 357/227/249 358/228/249 352/225/250 351/229/251
f 361/223/252 362/230/252 348/221/253 347/231/254
f 364/232/255 357/227/256 351/229/257 361/223/258
f 363/233/259 356/221/260 348/221/261 362/230/262
f 360/224/263 350/222/264 356/221/260 363/233/259
f 359/223/265 353/226/266 357/227/256 364/232/255
f 353/226/248 354/225/247 358/228/267 357/227/267
f 347/231/254 348/221/253 356/221/243 355/220/243
f 349/220/268 359/223/265 364/232/255 355/220/269
f 354/225/270 360/224/263 363/233/259 358/228/271
f 358/228/271 363/233/259 362/230/262 352/225/272
f 355/220/269 364/232/255 361/223/258 347/231/273
f 351/229/251 352/225/250 362/230/274 361/223/274
f 349/220/245 350/222/244 360/224/275 359/223/275
f 373/234/276 374/235/276 368/235/277 367/236/278
f 377/237/279 378/238/279 372/239/280 371/240/281
f 375/241/282 376/242/282 370/243/283 369/240/284
f 379/244/285 380/245/285 366/246/286 365/234/287
f 382/247/288 375/241/289 369/240/290 379/244/291
f 381/248/292 374/235/293 366/246/294 380/245/295
f 378/238/296 368/235/297 374/235/293 381/248/292
f 377/237/298 371/240/299 375/241/289 382/247/288
f 371/240/281 372/239/280 376/242/300 375/241/300
f 365/234/287 366/246/286 374/235/276 373/234/276
f 367/236/301 377/237/298 382/247/288 373/234/302
f 372/239/303 378/238/296 381/248/292 376/242/304
f 376/242/304 381/248/292 380/245/295 370/243/305
f 373/234/302 382/247/288 379/244/291 365/234/306
f 369/240/284 370/243/283 380/245/307 379/244/307
f 367/236/278 368/235/277 378/238/308 377/237/308
f 391/249/309 392/250/309 386/251/310 385/252/311
f 395/253/312 396/254/313 390/255/314 389/256/315
f 393/257/316 394/258/316 388/259/317 387/260/318
f 397/261/319 398/262/320 384/263/321 383/264/322
f 400/265/323 393/257/324 387/260/325 397/261/326
f 399/266/327 392/250/328 384/263/329 398/262/330
f 396/254/331 386/251/332 392/250/328 399/266/327
f 395/253/333 389/256/334 393/257/324 400/265/323
f 389/256/315 390/255/314 394/258/335 393/257/335
f 383/264/322 384/263/321 392/250/309 391/249/309
f 385/252/336 395/253/333 400/265/323 391/249/337
f 390/255/338 396/254/331 399/266/327 394/258/339
f 394/258/339 399/266/327 398/262/330 388/259/340
f 391/249/337 400/265/323 397/261/326 383/264/341
f 387/260/318 388/259/317 398/262/320 397/261/319
f 385/252/311 386/251/310 396/254/313 395/253/312
f 409/267/342 410/268/342 404/269/343 403/270/344
f 413/271/345 414/272/345 408/273/346 407/274/347
f 411/275/348 412/276/348 406/277/349 405/278/350
f 415/279/351 416/280/351 402/281/352 401/282/353
f 418/283/354 411/275/355 405/278/356 415/279/357
f 417/284/358 410/268/359 402/281/360 416/280/361
f 414/272/362 404/269/363 410/268/359 417/284/358
f 413/271/364 407/274/365 411/275/355 418/283/354
f 407/274/347 408/273/346 412/276/366 411/275/366
f 401/282/353 402/281/352 410/268/342 409/267/342
f 403/270/367 413/271/364 418/283/354 409/267/368
f 408/273/369 414/272/362 417/284/358 412/276/370
f 412/276/370 417/284/358 416/280/361 406/277/371
f 409/267/368 418/283/354 415/279/357 401/282/372
f 405/278/350 406/277/349 416/280/373 415/279/373
f 403/270/344 404/269/343 414/272/374 413/271/374
f 427/285/375 428/286/375 422/287/376 421/288/377
f 431/289/378 432/290/379 426/291/380 425/292/381
f 429/293/382 430/294/382 424/295/383 423/296/384
f 433/297/385 434/298/386 420/299/387 419/300/388
f 436/301/389 429/293/390 423/296/391 433/297/392
f 435/302/393 428/286/394 420/299/395 434/298/396
f 432/290/397 422/287/398 428/286/394 435/302/393
f 431/289/399 425/292/400 429/293/390 436/301/389
f 425/292/381 426/291/380 430/294/401 429/293/401
f 419/300/388 420/299/387 428/286/375 427/285/375
f 421/288/402 431/289/399 436/301/389 427/285/403
f 426/291/404 432/290/397 435/302/393 430/294/405
f 430/294/405 435/302/393 434/298/396 424/295/406
f 427/285/403 436/301/389 433/297/392 419/300/407
f 423/296/384 424/295/383 434/298/386 433/297/385
f 421/288/377 422/287/376 432/290/379 431/289/378
f 445/303/408 446/304/408 440/305/409 439/306/410
f 449/307/411 450/308/411 444/309/412 443/310/413
f 447/311/414 448/312/414 442/313/415 441/314/416
f 451/315/417 452/316/417 438/317/418 437/318/419
f 454/319/420 447/311/421 441/314/422 451/315/423
f 453/320/424 446/304/425 438/317/426 452/316/427
f 450/308/428 440/305/429 446/304/425 453/320/424
f 449/307/430 443/310/431 447/311/421 454/319/420
f 443/310/413 444/309/412 448/312/432 447/311/432
f 437/318/419 438/317/418 446/304/408 445/303/408
f 439/306/433 449/307/430 454/319/420 445/303/434
f 444/309/435 450/308/428 453/320/424 448/312/436
f 448/312/436 453/320/424 452/316/427 442/313/437
f 445/303/434 454/319/420 451/315/423 437/318/438
f 441/314/416 442/313/415 452/316/439 451/315/439
f 439/306/410 440/305/409 450/308/440 449/307/440
f 463/249/441 464/250/441 458/251/442 457/252/443
f 467/253/444 468/254/445 462/255/446 461/256/447
f 465/257/448 466/258/448 460/259/449 459/260/450
f 469/261/451 470/262/452 456/263/453 455/264/454
f 472/265/455 465/257/456 459/260/457 469/261/458
f 471/266/459 464/250/460 456/263/461 470/262/462
f 468/254/463 458/251/464 464/250/460 471/266/459
f 467/253/465 461/256/466 465/257/456 472/265/455
f 461/256/447 462/255/446 466/258/467 465/257/467
f 455/264/454 456/263/453 464/250/441 463/249/441
f 457/252/468 467/253/465 472/265/455 463/249/469
f 462/255/470 468/254/463 471/266/459 466/258/471
f 466/258/471 471/266/459 470/262/462 460/259/472
f 463/249/469 472/265/455 469/261/458 455/264/473
f 459/260/450 460/259/449 470/262/452 469/261/451
f 457/252/443 458/251/442 468/254/445 467/253/444
f 481/267/474 482/268/474 476/269/475 475/270/476
f 485/271/477 486/272/477 480/273/478 479/274/479
f 483/275/480 484/276/480 478/277/481 477/278/482
f 487/279/483 488/280/483 474/281/484 473/282/485
f 490/283/486 483/275/487 477/278/488 487/279/489
f 489/284/490 482/268/491 474/281/492 488/280/493
f 486/272/494 476/269/495 482/268/491 489/284/490
f 485/271/496 479/274/497 483/275/487 490/283/486
f 479/274/479 480/273/478 484/276/498 483/275/498
f 473/282/485 474/281/484 482/268/474 481/267/474
f 475/270/499 485/271/496 490/283/486 481/267/500
f 480/273/501 486/272/494 489/284/490 484/276/502
f 484/276/502 489/284/490 488/280/493 478/277/503
f 481/267/500 490/283/486 487/279/489 473/282/504
f 477/278/482 478/277/481 488/280/505 487/279/505
f 475/270/476 476/269/475 486/272/506 485/271/506
usemtl base_material
f 494/321/507 493/322/508 499/323/509 500/324/510
f 492/325/511 491/326/512 497/327/513 498/328/514
f 493/322/508 492/325/511 498/328/514 499/323/509
f 491/326/512 525/329/8 497/327/513
f 498/328/514 497/327/513 504/330/515 505/331/516
f 499/323/509 498/328/514 505/331/516 506/332/517
f 497/327/513 525/329/8 504/330/515
f 523/333/134 524/334/111 501/334/111 502/333/134
f 500/324/510 499/323/509 506/332/517 507/335/518
f 530/336/6 531/337/109 495/337/109 496/336/6
f 515/338/87 516/339/39 509/340/39 510/338/87
f 506/332/517 505/331/516 512/341/519 513/342/520
f 504/330/515 525/329/8 511/343/521
f 516/339/39 517/344/5 508/344/5 509/340/39
f 522/345/155 523/333/134 502/333/134 503/346/155
f 507/335/518 506/332/517 513/342/520 514/347/522
f 505/331/516 504/330/515 511/343/521 512/341/519
f 511/343/521 525/329/8 518/348/523
f 524/334/111 530/336/6 496/336/6 501/334/111
f 531/337/109 515/338/87 510/338/87 495/337/109
f 514/347/522 513/342/520 520/349/524 521/350/525
f 512/341/519 511/343/521 518/348/523 519/351/526
f 510/338/10 509/340/10 508/344/10 503/346/10 502/333/10 501/334/10 496/336/10 495/337/10
f 545/352/8 540/353/8 522/345/8 517/344/8
f 513/342/520 512/341/519 519/351/526 520/349/524
f 532/354/8 547/355/8 515/338/8 531/337/8
f 521/350/525 520/349/524 528/356/527 529/357/528
f 519/351/526 518/348/523 526/358/529 527/359/530
f 547/355/8 546/360/8 516/339/8 515/338/8
f 537/361/8 532/354/8 531/337/8 530/336/8
f 520/349/524 519/351/526 527/359/530 528/356/527
f 518/348/523 525/329/8 526/358/529
f 538/362/8 537/361/8 530/336/8 524/334/8
f 540/353/8 539/363/8 523/333/8 522/345/8
f 546/360/8 545/352/8 517/344/8 516/339/8
f 528/356/527 527/359/530 534/364/531 535/365/532
f 526/358/529 525/329/8 533/366/533
f 517/344/5 522/345/155 503/346/155 508/344/5
f 539/363/8 538/362/8 524/334/8 523/333/8
f 529/357/528 528/356/527 535/365/532 536/367/534
f 527/359/530 526/358/529 533/366/533 534/364/531
f 521/350/525 529/357/528 538/357/111 539/350/134
f 535/365/532 534/364/531 542/368/535 543/369/536
f 533/366/533 525/329/8 541/370/537
f 529/357/528 536/367/534 537/367/6 538/357/111
f 536/367/534 544/371/538 532/371/109 537/367/6
f 536/367/534 535/365/532 543/369/536 544/371/538
f 534/364/531 533/366/533 541/370/537 542/368/535
f 514/347/522 521/350/525 539/350/134 540/347/155
f 494/321/507 500/324/510 546/324/39 547/321/87
f 544/371/538 494/321/507 547/321/87 532/371/109
f 544/371/538 543/369/536 493/322/508 494/321/507
f 542/368/535 541/370/537 491/326/512 492/325/511
f 507/335/518 514/347/522 540/347/155 545/335/5
f 500/324/510 507/335/518 545/335/5 546/324/39
f 543/369/536 542/368/535 492/325/511 493/322/508
f 541/370/537 525/329/8 491/326/512
f 548/372/539 560/373/540 561/374/541 549/375/542
f 549/375/542 561/374/541 562/376/543 550/377/544
f 550/377/544 562/376/543 563/378/545 551/379/546
f 551/379/546 563/378/545 564/380/547 552/381/548
f 552/381/548 564/380/547 565/382/549 553/383/550
f 553/383/550 565/382/549 566/384/551 554/385/552
f 554/385/552 566/384/551 567/382/553 555/383/554
f 555/383/554 567/382/553 568/380/555 556/381/556
f 556/381/556 568/380/555 569/378/557 557/379/558
f 557/379/558 569/378/557 570/376/559 558/377/560
f 558/377/560 570/376/559 571/374/561 559/375/562
f 559/375/562 571/374/561 560/373/540 548/372/539
f 560/373/540 572/386/563 573/387/564 561/374/541
f 561/374/541 573/387/564 574/388/565 562/376/543
f 562/376/543 574/388/565 575/389/566 563/378/545
f 563/378/545 575/389/566 576/390/567 564/380/547
f 564/380/547 576/390/567 577/391/568 565/382/549
f 565/382/549 577/391/568 578/392/569 566/384/551
f 566/384/551 578/392/569 579/391/570 567/382/553
f 567/382/553 579/391/570 580/390/571 568/380/555
f 568/380/555 580/390/571 581/389/572 569/378/557
f 569/378/557 581/389/572 582/388/573 570/376/559
f 570/376/559 582/388/573 583/387/574 571/374/561
f 571/374/561 583/387/574 572/386/563 560/373/540
f 572/386/563 584/393/575 585/394/576 573/387/564
f 573/387/564 585/394/576 586/395/577 574/388/565
f 574/388/565 586/395/577 587/396/578 575/389/566
f 575/389/566 587/396/578 588/397/579 576/390/567
f 576/390/567 588/397/579 589/398/580 577/391/568
f 577/391/568 589/398/580 590/399/581 578/392/569
f 578/392/569 590/399/581 591/398/582 579/391/570
f 579/391/570 591/398/582 592/397/583 580/390/571
f 580/390/571 592/397/583 593/396/584 581/389/572
f 581/389/572 593/396/584 594/395/585 582/388/573
f 582/388/573 594/395/585 595/394/586 583/387/574
f 583/387/574 595/394/586 584/393/575 572/386/563
f 584/393/575 596/400/587 597/401/588 585/394/576
f 585/394/576 597/401/588 598/402/589 586/395/577
f 586/395/577 598/402/589 599/403/590 587/396/578
f 587/396/578 599/403/591 600/404/592 588/397/579
f 588/397/579 600/404/592 601/405/593 589/398/580
f 589/398/580 601/405/593 602/406/594 590/399/581
f 590/399/581 602/406/594 603/405/595 591/398/582
f 591/398/582 603/405/595 604/404/596 592/397/583
f 592/397/583 604/404/596 605/403/597 593/396/584
f 593/396/584 605/403/598 606/402/599 594/395/585
f 594/395/585 606/402/599 607/401/600 595/394/586
f 595/394/586 607/401/600 596/400/587 584/393/575
f 596/400/587 608/407/601 609/408/602 597/401/588
f 597/401/588 609/408/602 610/409/603 598/402/589
f 598/402/589 610/409/603 611/410/604 599/403/590
f 599/403/591 611/410/605 612/411/606 600/404/592
f 600/404/592 612/411/606 613/412/607 601/405/593
f 601/405/593 613/412/607 614/413/608 602/406/594
f 602/406/594 614/413/608 615/412/609 603/405/595
f 603/405/595 615/412/609 616/411/610 604/404/596
f 604/404/596 616/411/610 617/410/611 605/403/597
f 605/403/598 617/410/612 618/409/613 606/402/599
f 606/402/599 618/409/613 619/408/614 607/401/600
f 607/401/600 619/408/614 608/407/601 596/400/587
f 608/407/601 620/414/615 621/415/616 609/408/602
f 609/408/602 621/415/616 622/416/617 610/409/603
f 610/409/603 622/416/617 623/417/618 611/410/604
f 611/410/605 623/417/619 624/418/620 612/411/606
f 612/411/606 624/418/620 625/419/621 613/412/607
f 613/412/607 625/419/621 626/420/622 614/413/608
f 614/413/608 626/420/622 627/419/623 615/412/609
f 615/412/609 627/419/623 628/418/624 616/411/610
f 616/411/610 628/418/624 629/417/625 617/410/611
f 617/410/612 629/417/626 630/416/627 618/409/613
f 618/409/613 630/416/627 631/415/628 619/408/614
f 619/408/614 631/415/628 620/414/615 608/407/601
f 620/414/615 632/421/629 633/422/630 621/415/616
f 621/415/616 633/422/630 634/423/631 622/416/617
f 622/416/617 634/423/631 635/424/632 623/417/618
f 623/417/619 635/424/633 636/425/634 624/418/620
f 624/418/620 636/425/634 637/426/635 625/419/621
f 625/419/621 637/426/635 638/427/636 626/420/622
f 626/420/622 638/427/636 639/426/637 627/419/623
f 627/419/623 639/426/637 640/425/638 628/418/624
f 628/418/624 640/425/638 641/424/639 629/417/625
f 629/417/626 641/424/640 642/423/641 630/416/627
f 630/416/627 642/423/641 643/422/642 631/415/628
f 631/415/628 643/422/642 632/421/629 620/414/615
f 632/421/629 667/428/643 666/429/644 633/422/630
f 633/422/630 666/429/644 662/430/645 634/423/631
f 634/423/631 662/430/645 660/431/646 635/424/632
f 635/424/633 660/431/647 659/432/648 636/425/634
f 636/425/634 659/432/648 658/433/649 637/426/635
f 637/426/635 658/433/649 657/434/650 638/427/636
f 638/427/636 657/434/650 656/433/651 639/426/637
f 639/426/637 656/433/651 665/432/652 640/425/638
f 640/425/638 665/432/652 664/431/653 641/424/639
f 641/424/640 664/431/654 661/430/655 642/423/641
f 642/423/641 661/430/655 663/429/656 643/422/642
f 643/422/642 663/429/656 667/428/643 632/421/629
f 664/431/653 665/432/652 646/435/657 647/436/658
f 663/429/656 661/430/655 650/437/659 648/438/660
f 659/432/648 660/431/647 651/436/661 652/435/662
f 657/434/650 658/433/649 653/439/663 654/440/10
f 662/430/645 666/429/644 645/438/664 649/437/665
f 665/432/652 656/433/651 655/439/666 646/435/657
f 666/429/644 667/428/643 644/441/8 645/438/664
f 660/431/646 662/430/645 649/437/665 651/436/667
f 667/428/643 663/429/656 648/438/660 644/441/8
f 658/433/649 659/432/648 652/435/662 653/439/663
f 656/433/651 657/434/650 654/440/10 655/439/666
f 661/430/655 664/431/654 647/436/668 650/437/659
f 668/442/669 669/443/670 681/444/671 680/445/672
f 669/443/670 670/446/673 682/447/674 681/444/671
f 670/446/673 671/448/675 683/449/676 682/447/674
f 671/448/675 672/450/677 684/451/678 683/449/676
f 672/450/677 673/452/679 685/453/680 684/451/678
f 673/452/679 674/454/681 686/455/682 685/453/680
f 674/454/681 675/452/683 687/453/684 686/455/682
f 675/452/683 676/450/685 688/451/686 687/453/684
f 676/450/685 677/448/687 689/449/688 688/451/686
f 677/448/687 678/446/689 690/447/690 689/449/688
f 678/446/689 679/443/691 691/444/692 690/447/690
f 679/443/691 668/442/669 680/445/672 691/444/692
f 680/445/672 681/444/671 693/456/693 692/457/694
f 681/444/671 682/447/674 694/458/695 693/456/693
f 682/447/674 683/449/676 695/459/696 694/458/695
f 683/449/676 684/451/678 696/460/697 695/459/696
f 684/451/678 685/453/680 697/461/698 696/460/697
f 685/453/680 686/455/682 698/462/699 697/461/698
f 686/455/682 687/453/684 699/461/700 698/462/699
f 687/453/684 688/451/686 700/460/701 699/461/700
f 688/451/686 689/449/688 701/459/702 700/460/701
f 689/449/688 690/447/690 702/458/703 701/459/702
f 690/447/690 691/444/692 703/456/704 702/458/703
f 691/444/692 680/445/672 692/457/694 703/456/704
f 692/457/694 693/456/693 705/463/705 704/464/706
f 693/456/693 694/458/695 706/465/707 705/463/705
f 694/458/695 695/459/696 707/466/708 706/465/707
f 695/459/696 696/460/697 708/467/709 707/466/708
f 696/460/697 697/461/698 709/468/710 708/467/709
f 697/461/698 698/462/699 710/469/711 709/468/710
f 698/462/699 699/461/700 711/468/712 710/469/711
f 699/461/700 700/460/701 712/467/713 711/468/712
f 700/460/701 701/459/702 713/466/714 712/467/713
f 701/459/702 702/458/703 714/465/715 713/466/714
f 702/458/703 703/456/704 715/463/716 714/465/715
f 703/456/704 692/457/694 704/464/706 715/463/716
f 704/464/706 705/463/705 717/470/717 716/471/718
f 705/463/705 706/465/707 718/472/719 717/470/717
f 706/465/707 707/466/708 719/473/720 718/472/719
f 707/466/708 708/467/709 720/474/721 719/473/722
f 708/467/709 709/468/710 721/475/723 720/474/721
f 709/468/710 710/469/711 722/476/724 721/475/723
f 710/469/711 711/468/712 723/475/725 722/476/724
f 711/468/712 712/467/713 724/474/726 723/475/725
f 712/467/713 713/466/714 725/473/727 724/474/726
f 713/466/714 714/465/715 726/472/728 725/473/729
f 714/465/715 715/463/716 727/470/730 726/472/728
f 715/463/716 704/464/706 716/471/718 727/470/730
f 716/471/718 717/470/717 729/477/731 728/478/732
f 717/470/717 718/472/719 730/479/733 729/477/731
f 718/472/719 719/473/720 731/480/734 730/479/733
f 719/473/722 720/474/721 732/481/735 731/480/736
f 720/474/721 721/475/723 733/482/737 732/481/735
f 721/475/723 722/476/724 734/483/738 733/482/737
f 722/476/724 723/475/725 735/482/739 734/483/738
f 723/475/725 724/474/726 736/481/740 735/482/739
f 724/474/726 725/473/727 737/480/741 736/481/740
f 725/473/729 726/472/728 738/479/742 737/480/743
f 726/472/728 727/470/730 739/477/744 738/479/742
f 727/470/730 716/471/718 728/478/732 739/477/744
f 728/478/732 729/477/731 741/484/745 740/485/746
f 729/477/731 730/479/733 742/486/747 741/484/745
f 730/479/733 731/480/734 743/487/748 742/486/747
f 731/480/736 732/481/735 744/488/749 743/487/750
f 732/481/735 733/482/737 745/489/751 744/488/749
f 733/482/737 734/483/738 746/490/752 745/489/751
f 734/483/738 735/482/739 747/489/753 746/490/752
f 735/482/739 736/481/740 748/488/754 747/489/753
f 736/481/740 737/480/741 749/487/755 748/488/754
f 737/480/743 738/479/742 750/486/756 749/487/757
f 738/479/742 739/477/744 751/484/758 750/486/756
f 739/477/744 728/478/732 740/485/746 751/484/758
f 740/485/746 741/484/745 753/491/759 752/492/760
f 741/484/745 742/486/747 754/493/761 753/491/759
f 742/486/747 743/487/748 755/494/762 754/493/761
f 743/487/750 744/488/749 756/495/763 755/494/764
f 744/488/749 745/489/751 757/496/765 756/495/763
f 745/489/751 746/490/752 758/497/766 757/496/765
f 746/490/752 747/489/753 759/496/767 758/497/766
f 747/489/753 748/488/754 760/495/768 759/496/767
f 748/488/754 749/487/755 761/494/769 760/495/768
f 749/487/757 750/486/756 762/493/770 761/494/771
f 750/486/756 751/484/758 763/491/772 762/493/770
f 751/484/758 740/485/746 752/492/760 763/491/772
f 752/492/760 753/491/759 774/498/773 775/499/774
f 753/491/759 754/493/761 770/500/775 774/498/773
f 754/493/761 755/494/762 768/501/776 770/500/775
f 755/494/764 756/495/763 767/502/777 768/501/778
f 756/495/763 757/496/765 766/503/779 767/502/777
f 757/496/765 758/497/766 765/504/780 766/503/779
f 758/497/766 759/496/767 764/503/781 765/504/780
f 759/496/767 760/495/768 773/502/782 764/503/781
f 760/495/768 761/494/769 772/501/783 773/502/782
f 761/494/771 762/493/770 769/500/784 772/501/785
f 762/493/770 763/491/772 771/498/786 769/500/784
f 763/491/772 752/492/760 775/499/774 771/498/786
f 772/501/783 647/436/658 646/435/657 773/502/782
f 771/498/786 648/438/660 650/437/659 769/500/784
f 767/502/777 652/435/662 651/436/661 768/501/778
f 765/504/780 654/440/10 653/439/663 766/503/779
f 770/500/775 649/437/665 645/438/664 774/498/773
f 773/502/782 646/435/657 655/439/666 764/503/781
f 774/498/773 645/438/664 644/441/8 775/499/774
f 768/501/776 651/436/667 649/437/665 770/500/775
f 775/499/774 644/441/8 648/438/660 771/498/786
f 766/503/779 653/439/663 652/435/662 767/502/777
f 764/503/781 655/439/666 654/440/10 765/504/780
f 769/500/784 650/437/659 647/436/668 772/501/785
f 558/377/560 559/375/562 787/375/787 786/377/788
f 673/452/679 672/450/677 792/450/789 793/452/790
f 677/448/687 676/450/685 796/450/788 797/448/791
f 553/383/550 554/385/552 782/385/792 781/383/793
f 670/446/673 669/443/670 789/443/793 790/446/794
f 548/372/539 549/375/542 777/375/790 776/372/795
f 672/450/677 671/448/675 791/448/796 792/450/789
f 552/381/548 553/383/550 781/383/793 780/381/794
f 668/442/669 679/443/691 799/443/797 788/442/792
f 678/446/689 677/448/687 797/448/791 798/446/798
f 556/381/556 557/379/558 785/379/791 784/381/798
f 675/452/683 674/454/681 794/454/795 795/452/787
f 549/375/542 550/377/544 778/377/799 777/375/790
f 551/379/546 552/381/548 780/381/794 779/379/796
f 559/375/562 548/372/539 776/372/795 787/375/787
f 557/379/558 558/377/560 786/377/788 785/379/791
f 554/385/552 555/383/554 783/383/797 782/385/792
f 671/448/675 670/446/673 790/446/794 791/448/796
f 676/450/685 675/452/683 795/452/787 796/450/788
f 679/443/691 678/446/689 798/446/798 799/443/797
f 550/377/544 551/379/546 779/379/796 778/377/799
f 555/383/554 556/381/556 784/381/798 783/383/797
f 674/454/681 673/452/679 793/452/790 794/454/795
f 669/443/670 668/442/669 788/442/792 789/443/793
f 784/381/800 785/379/801 809/379/801 808/381/800
f 798/446/800 797/448/801 821/448/801 822/446/800
f 781/383/802 782/385/803 806/385/803 805/383/802
f 787/375/804 776/372/805 800/372/805 811/375/804
f 791/448/806 790/446/807 814/446/807 815/448/806
f 782/385/803 783/383/808 807/383/808 806/385/803
f 777/375/809 778/377/810 802/377/810 801/375/809
f 799/443/808 798/446/800 822/446/800 823/443/808
f 783/383/808 784/381/800 808/381/800 807/383/808
f 785/379/801 786/377/811 810/377/811 809/379/801
f 792/450/810 791/448/806 815/448/806 816/450/810
f 789/443/802 788/442/803 812/442/803 813/443/802
f 778/377/810 779/379/806 803/379/806 802/377/810
f 793/452/809 792/450/810 816/450/810 817/452/809
f 797/448/801 796/450/811 820/450/811 821/448/801
f 786/377/811 787/375/804 811/375/804 810/377/811
f 794/454/805 793/452/809 817/452/809 818/454/805
f 788/442/803 799/443/808 823/443/808 812/442/803
f 779/379/806 780/381/807 804/381/807 803/379/806
f 795/452/804 794/454/805 818/454/805 819/452/804
f 776/372/805 777/375/809 801/375/809 800/372/805
f 790/446/807 789/443/802 813/443/802 814/446/807
f 780/381/807 781/383/802 805/383/802 804/381/807
f 796/450/811 795/452/804 819/452/804 820/450/811
f 802/377/789 803/379/796 827/379/796 826/377/789
f 817/452/790 816/450/789 840/450/789 841/452/790
f 821/448/812 820/450/788 844/450/788 845/448/812
f 810/377/788 811/375/787 835/375/787 834/377/788
f 818/454/813 817/452/790 841/452/790 842/454/814
f 812/442/815 823/443/797 847/443/797 836/442/816
f 803/379/796 804/381/794 828/381/794 827/379/796
f 819/452/787 818/454/813 842/454/814 843/452/787
f 800/372/813 801/375/790 825/375/790 824/372/814
f 814/446/794 813/443/793 837/443/793 838/446/794
f 804/381/794 805/383/793 829/383/793 828/381/794
f 820/450/788 819/452/787 843/452/787 844/450/788
f 808/381/798 809/379/791 833/379/791 832/381/798
f 822/446/798 821/448/812 845/448/812 846/446/798
f 805/383/793 806/385/815 830/385/816 829/383/793
f 811/375/787 800/372/813 824/372/814 835/375/787
f 815/448/817 814/446/794 838/446/794 839/448/817
f 806/385/815 807/383/797 831/383/797 830/385/816
f 801/375/790 802/377/789 826/377/789 825/375/790
f 823/443/797 822/446/798 846/446/798 847/443/797
f 807/383/797 808/381/798 832/381/798 831/383/797
f 809/379/791 810/377/788 834/377/788 833/379/791
f 816/450/789 815/448/817 839/448/817 840/450/789
f 813/443/793 812/442/815 836/442/816 837/443/793
f 7219/505/841 7218/506/842 7223/507/843 7224/508/844
f 7329/509/845 7271/510/8 7222/511/846
f 7293/512/10 7221/513/847 7228/514/848
f 7331/515/849 7220/516/850 7226/517/851 7227/518/852
f 7330/519/853 7219/505/841 7224/508/844 7225/520/854
f 7218/506/842 7329/509/845 7222/511/846 7223/507/843
f 7221/513/847 7331/515/849 7227/518/852 7228/514/848
f 7220/516/855 7330/519/853 7225/520/854 7226/517/856
f 7227/518/852 7226/517/851 7233/521/857 7234/522/858
f 7225/520/854 7224/508/844 7231/523/859 7232/524/860
f 7223/507/843 7222/511/846 7229/525/861 7230/526/862
f 7228/514/848 7227/518/852 7234/522/858 7235/527/863
f 7226/517/856 7225/520/854 7232/524/860 7233/521/864
f 7224/508/844 7223/507/843 7230/526/862 7231/523/859
f 7222/511/846 7271/510/8 7229/525/861
f 7293/512/10 7228/514/848 7235/527/863
f 7235/527/863 7234/522/858 7241/528/865 7242/529/866
f 7233/521/864 7232/524/860 7239/530/867 7240/531/868
f 7231/523/859 7230/526/862 7237/532/869 7238/533/870
f 7229/525/861 7271/510/8 7236/534/871
f 7293/512/10 7235/527/863 7242/529/866
f 7234/522/858 7233/521/857 7240/531/872 7241/528/865
f 7232/524/860 7231/523/859 7238/533/870 7239/530/867
f 7230/526/862 7229/525/861 7236/534/871 7237/532/869
f 7240/531/868 7239/530/867 7246/535/873 7247/536/874
f 7238/533/870 7237/532/869 7244/537/875 7245/538/876
f 7236/534/871 7271/510/8 7243/539/877
f 7293/512/10 7242/529/866 7249/540/878
f 7241/528/865 7240/531/872 7247/536/879 7248/541/880
f 7239/530/867 7238/533/870 7245/538/876 7246/535/873
f 7237/532/869 7236/534/871 7243/539/877 7244/537/875
f 7242/529/866 7241/528/865 7248/541/880 7249/540/878
f 7293/512/10 7249/540/878 7256/529/881
f 7248/541/880 7247/536/879 7254/531/882 7255/528/883
f 7246/535/873 7245/538/876 7252/533/884 7253/530/885
f 7244/537/875 7243/539/877 7250/534/886 7251/532/887
f 7249/540/878 7248/541/880 7255/528/883 7256/529/881
f 7247/536/874 7246/535/873 7253/530/885 7254/531/888
f 7245/538/876 7244/537/875 7251/532/887 7252/533/884
f 7243/539/877 7271/510/8 7250/534/886
f 7253/530/885 7252/533/884 7259/523/889 7260/524/890
f 7251/532/887 7250/534/886 7257/525/891 7258/526/892
f 7256/529/881 7255/528/883 7262/522/893 7263/542/894
f 7254/531/888 7253/530/885 7260/524/890 7261/521/895
f 7252/533/884 7251/532/887 7258/526/892 7259/523/889
f 7250/534/886 7271/510/8 7257/525/891
f 7293/512/10 7256/529/881 7263/542/894
f 7255/528/883 7254/531/882 7261/521/896 7262/522/893
f 7263/542/894 7262/522/893 7269/543/897 7270/514/898
f 7261/521/895 7260/524/890 7267/520/899 7268/517/900
f 7259/523/889 7258/526/892 7265/507/901 7266/508/902
f 7257/525/891 7271/510/8 7264/511/903
f 7293/512/10 7263/542/894 7270/514/898
f 7262/522/893 7261/521/896 7268/517/904 7269/543/897
f 7260/524/890 7259/523/889 7266/508/902 7267/520/899
f 7258/526/892 7257/525/891 7264/511/903 7265/507/901
f 7266/508/902 7265/507/901 7273/506/905 7274/544/906
f 7264/511/903 7271/510/8 7272/509/907
f 7293/512/10 7270/514/898 7278/513/908
f 7269/543/897 7268/517/904 7276/516/909 7277/545/910
f 7267/520/899 7266/508/902 7274/544/906 7275/546/911
f 7265/507/901 7264/511/903 7272/509/907 7273/506/905
f 7270/514/898 7269/543/897 7277/545/910 7278/513/908
f 7268/517/900 7267/520/899 7275/546/911 7276/516/912
f 7293/512/10 7278/513/908 7285/547/913
f 7277/545/910 7276/516/909 7283/548/914 7284/549/915
f 7275/546/911 7274/544/906 7281/550/916 7282/551/917
f 7273/506/905 7272/509/907 7279/552/918 7280/553/919
f 7278/513/908 7277/545/910 7284/549/915 7285/547/913
f 7276/516/912 7275/546/911 7282/551/917 7283/548/920
f 7274/544/906 7273/506/905 7280/553/919 7281/550/916
f 7272/509/907 7271/510/8 7279/552/918
f 7280/553/919 7279/552/918 7286/554/921 7287/555/922
f 7285/547/913 7284/549/915 7291/556/923 7292/557/924
f 7283/548/920 7282/551/917 7289/558/925 7290/559/926
f 7281/550/916 7280/553/919 7287/555/922 7288/560/927
f 7279/552/918 7271/510/8 7286/554/921
f 7293/512/10 7285/547/913 7292/557/924
f 7284/549/915 7283/548/914 7290/559/928 7291/556/923
f 7282/551/917 7281/550/916 7288/560/927 7289/558/925
f 7292/557/924 7291/556/923 7299/561/929 7300/562/930
f 7290/559/926 7289/558/925 7297/563/931 7298/564/932
f 7288/560/927 7287/555/922 7295/565/933 7296/566/934
f 7286/554/921 7271/510/8 7294/567/935
f 7293/512/10 7292/557/924 7300/562/930
f 7291/556/923 7290/559/928 7298/564/936 7299/561/929
f 7289/558/925 7288/560/927 7296/566/934 7297/563/931
f 7287/555/922 7286/554/921 7294/567/935 7295/565/933
f 7294/567/935 7271/510/8 7301/568/937
f 7293/512/10 7300/562/930 7307/569/938
f 7299/561/929 7298/564/936 7305/570/939 7306/571/940
f 7297/563/931 7296/566/934 7303/572/941 7304/573/942
f 7295/565/933 7294/567/935 7301/568/937 7302/574/943
f 7300/562/930 7299/561/929 7306/571/940 7307/569/938
f 7298/564/932 7297/563/931 7304/573/942 7305/570/944
f 7296/566/934 7295/565/933 7302/574/943 7303/572/941
f 7306/571/940 7305/570/939 7312/564/945 7313/561/946
f 7304/573/942 7303/572/941 7310/566/947 7311/563/948
f 7302/574/943 7301/568/937 7308/567/949 7309/565/950
f 7307/569/938 7306/571/940 7313/561/946 7314/562/951
f 7305/570/944 7304/573/942 7311/563/948 7312/564/952
f 7303/572/941 7302/574/943 7309/565/950 7310/566/947
f 7301/568/937 7271/510/8 7308/567/949
f 7293/512/10 7307/569/938 7314/562/951
f 7314/562/951 7313/561/946 7320/575/953 7321/557/954
f 7312/564/952 7311/563/948 7318/558/955 7319/559/956
f 7310/566/947 7309/565/950 7316/555/957 7317/576/958
f 7308/567/949 7271/510/8 7315/554/959
f 7293/512/10 7314/562/951 7321/557/954
f 7313/561/946 7312/564/945 7319/559/960 7320/575/953
f 7311/563/948 7310/566/947 7317/576/958 7318/558/955
f 7309/565/950 7308/567/949 7315/554/959 7316/555/957
f 7319/559/956 7318/558/955 7325/551/961 7326/548/962
f 7317/576/958 7316/555/957 7323/553/963 7324/550/964
f 7315/554/959 7271/510/8 7322/552/965
f 7293/512/10 7321/557/954 7328/547/966
f 7320/575/953 7319/559/960 7326/548/967 7327/549/968
f 7318/558/955 7317/576/958 7324/550/964 7325/551/961
f 7316/555/957 7315/554/959 7322/552/965 7323/553/963
f 7321/557/954 7320/575/953 7327/549/968 7328/547/966
f 7293/512/10 7328/547/966 7221/513/847
f 7327/549/968 7326/548/967 7220/516/850 7331/515/849
f 7325/551/961 7324/550/964 7219/505/841 7330/519/853
f 7323/553/963 7322/552/965 7329/509/845 7218/506/842
f 7328/547/966 7327/549/968 7331/515/849 7221/513/847
f 7326/548/962 7325/551/961 7330/519/853 7220/516/855
f 7324/550/964 7323/553/963 7218/506/842 7219/505/841
f 7322/552/965 7271/510/8 7329/509/845
usemtl base_material.009
f 851/1/1 961/2/2 857/3/3 858/4/4
f 1017/5/5 905/6/5 1076/6/5 1177/5/5
f 962/7/6 848/8/6 1031/8/6 1122/7/6
f 959/9/7 901/10/8 852/11/9
f 923/12/10 851/1/1 858/4/4
f 929/13/11 921/14/12 1082/15/10 1084/16/10
f 990/17/10 989/18/10 1149/19/10 1150/20/10
f 899/3/13 892/21/14 1058/22/10 1060/23/10
f 923/12/10 858/4/4 865/24/15
f 857/3/3 856/25/16 863/26/17 864/21/18
f 994/27/19 854/28/20 861/29/21 995/30/22
f 978/31/23 852/11/9 859/32/24 979/33/25
f 858/4/4 857/3/3 864/21/18 865/24/15
f 1010/34/26 855/35/27 862/36/28 1011/37/29
f 963/38/30 853/39/31 860/40/32 964/41/33
f 852/11/9 901/10/8 859/32/24
f 897/35/34 1016/34/34 1176/42/34 1066/43/34
f 859/32/24 866/44/35 1044/45/36 1043/46/36
f 865/24/15 864/21/18 871/47/37 872/48/38
f 1015/37/39 890/36/39 1065/49/39 1175/50/39
f 860/40/32 867/51/40 1041/52/8 1042/53/8
f 859/32/24 901/10/8 866/44/35
f 923/12/10 865/24/15 872/48/38
f 992/54/10 991/55/10 1151/56/10 1152/57/10
f 872/48/38 871/47/37 878/58/41 879/59/42
f 1012/60/43 869/61/44 876/62/45 1013/63/46
f 965/64/47 867/51/40 874/65/48 966/66/49
f 866/44/35 901/10/8 873/67/50
f 923/12/10 872/48/38 879/59/42
f 871/47/37 870/68/51 877/69/52 878/58/41
f 996/70/53 868/71/54 875/72/55 997/73/56
f 980/74/57 866/44/35 873/67/50 981/75/58
f 956/76/59 957/77/59 1108/78/59 1107/79/59
f 873/67/50 901/10/8 880/44/60
f 923/12/10 879/59/42 886/48/61
f 887/32/62 894/11/63 1064/80/64 1063/46/64
f 883/61/65 1014/60/65 1174/81/65 1055/82/65
f 928/83/66 929/13/66 1084/16/66 1083/84/66
f 879/59/42 878/58/41 885/47/67 886/48/61
f 861/29/8 868/71/8 1040/85/8 1039/86/8
f 923/12/10 886/48/61 893/24/68
f 885/47/67 884/68/69 891/87/70 892/21/14
f 998/70/71 882/71/72 889/88/73 999/30/74
f 982/74/75 880/44/60 887/32/62 983/33/76
f 886/48/61 885/47/67 892/21/14 893/24/68
f 1014/60/77 883/61/78 890/36/818 1015/37/80
f 967/64/81 881/51/82 888/40/83 968/41/84
f 880/44/60 901/10/8 887/32/62
f 888/40/83 895/39/85 1061/89/8 1062/53/8
f 893/24/68 892/21/14 899/3/13 900/4/86
f 1013/63/87 876/62/87 1056/90/87 1173/91/87
f 862/36/8 869/61/8 1037/92/8 1038/49/8
f 887/32/62 901/10/8 894/11/63
f 923/12/10 893/24/68 900/4/86
f 993/93/6 959/9/6 1121/9/6 1153/93/6
f 869/61/88 1012/60/88 1172/81/88 1037/92/88
f 900/4/86 899/3/13 907/2/89 908/1/90
f 1016/34/91 897/35/92 905/6/93 1017/5/94
f 969/38/95 895/39/85 903/8/96 970/7/97
f 894/11/63 901/10/8 902/9/98
f 923/12/10 900/4/86 908/1/90
f 899/3/13 898/25/99 906/94/100 907/2/89
f 1000/27/101 896/28/102 904/95/103 1001/96/104
f 984/31/105 894/11/63 902/9/98 985/93/106
f 902/9/98 901/10/8 909/97/107
f 923/12/10 908/1/90 915/98/108
f 952/97/59 992/54/59 1152/57/59 1115/99/59
f 898/25/34 899/3/34 1060/23/34 1059/100/34
f 1011/37/109 862/36/109 1038/49/109 1171/50/109
f 908/1/90 907/2/89 914/101/110 915/98/108
f 870/68/88 871/47/88 1036/102/88 1035/103/88
f 991/55/111 945/104/111 1116/105/111 1151/56/111
f 914/101/110 913/106/112 920/107/113 921/14/12
f 1002/108/114 911/109/115 918/110/116 1003/111/117
f 986/54/118 909/97/107 916/104/119 987/112/120
f 915/98/108 914/101/110 921/14/12 922/113/121
f 1018/114/122 912/115/123 919/116/124 1019/117/125
f 971/118/126 910/119/127 917/120/128 972/121/129
f 909/97/107 901/10/8 916/104/119
f 923/12/10 915/98/108 922/113/121
f 922/113/121 921/14/12 929/13/11 930/122/130
f 855/35/131 1010/34/131 1170/42/131 1119/43/131
f 938/123/132 990/17/132 1150/20/132 1104/124/132
f 916/104/119 901/10/8 924/123/133
f 923/12/10 922/113/121 930/122/130
f 994/27/10 1009/96/10 1169/96/10 1154/125/10
f 989/18/134 931/126/134 1103/127/134 1149/19/134
f 924/123/66 988/128/66 1148/20/66 1091/124/66
f 1020/129/135 927/130/136 934/131/137 1021/132/138
f 973/133/139 925/134/140 932/135/141 974/136/142
f 924/123/133 901/10/8 931/126/143
f 923/12/10 930/122/130 937/137/144
f 929/13/11 928/83/145 935/138/146 936/139/147
f 1004/140/148 926/141/149 933/142/150 1005/143/151
f 988/128/152 924/123/133 931/126/143 989/18/153
f 930/122/130 929/13/11 936/139/147 937/137/144
f 923/12/10 937/137/144 944/122/154
f 996/70/10 995/30/10 1155/144/10 1156/145/10
f 987/112/155 916/104/155 1092/105/155 1147/56/155
f 909/97/156 986/54/156 1146/57/156 1073/99/156
f 937/137/144 936/139/147 943/13/157 944/122/154
f 998/70/10 997/73/10 1157/146/10 1158/145/10
f 985/93/5 902/9/5 1074/9/5 1145/93/5
f 931/126/143 901/10/8 938/123/158
f 1006/147/159 940/141/160 947/148/161 1007/149/162
f 990/17/163 938/123/158 945/104/164 991/55/165
f 944/122/154 943/13/157 950/150/166 951/113/167
f 1022/151/168 941/130/169 948/152/170 1023/153/171
f 975/133/172 939/134/173 946/154/174 976/155/175
f 938/123/158 901/10/8 945/104/164
f 923/12/10 944/122/154 951/113/167
f 943/13/157 942/83/176 949/156/177 950/150/166
f 951/113/167 950/150/166 957/77/178 958/98/179
f 894/11/34 984/31/34 1144/157/34 1064/80/34
f 1000/27/10 999/30/10 1159/144/10 1160/125/10
f 945/104/164 901/10/8 952/97/180
f 923/12/10 951/113/167 958/98/179
f 983/33/39 887/32/39 1063/46/39 1143/158/39
f 880/44/65 982/74/65 1142/159/65 1053/45/65
f 950/150/111 949/156/111 1105/160/111 1106/15/111
f 977/161/181 953/162/182 848/8/183 962/7/184
f 952/97/180 901/10/8 959/9/7
f 923/12/10 958/98/179 851/1/1
f 957/77/178 956/76/185 850/94/186 961/2/2
f 1008/108/187 954/163/188 849/95/189 1009/96/190
f 992/54/191 952/97/180 959/9/7 993/93/192
f 958/98/179 957/77/178 961/2/2 851/1/1
f 1024/114/193 955/115/194 960/6/195 1025/5/196
f 954/163/188 977/161/181 962/7/184 849/95/189
f 947/148/161 976/155/175 977/161/181 954/163/188
f 940/141/160 975/133/172 976/155/175 947/148/161
f 933/142/150 974/136/142 975/133/172 940/141/160
f 926/141/149 973/133/139 974/136/142 933/142/150
f 918/110/116 972/121/129 973/133/139 926/141/149
f 911/109/115 971/118/126 972/121/129 918/110/116
f 904/95/103 970/7/97 971/118/126 911/109/115
f 896/28/102 969/38/95 970/7/97 904/95/103
f 889/88/73 968/41/84 969/38/95 896/28/102
f 882/71/72 967/64/81 968/41/84 889/88/73
f 875/72/55 966/66/49 967/64/81 882/71/72
f 868/71/54 965/64/47 966/66/49 875/72/55
f 861/29/21 964/41/33 965/64/47 868/71/54
f 854/28/20 963/38/30 964/41/33 861/29/21
f 849/95/189 962/7/184 963/38/30 854/28/20
f 953/162/182 992/54/191 993/93/192 848/8/183
f 946/154/174 991/55/165 992/54/191 953/162/182
f 939/134/173 990/17/163 991/55/165 946/154/174
f 932/135/141 989/18/153 990/17/163 939/134/173
f 925/134/140 988/128/152 989/18/153 932/135/141
f 917/120/128 987/112/120 988/128/152 925/134/140
f 910/119/127 986/54/118 987/112/120 917/120/128
f 903/8/96 985/93/106 986/54/118 910/119/127
f 895/39/85 984/31/105 985/93/106 903/8/96
f 888/40/83 983/33/76 984/31/105 895/39/85
f 881/51/82 982/74/75 983/33/76 888/40/83
f 874/65/48 981/75/58 982/74/75 881/51/82
f 867/51/40 980/74/57 981/75/58 874/65/48
f 860/40/32 979/33/25 980/74/57 867/51/40
f 853/39/31 978/31/23 979/33/25 860/40/32
f 848/8/183 993/93/192 978/31/23 853/39/31
f 955/115/194 1008/108/187 1009/96/190 960/6/195
f 948/152/170 1007/149/162 1008/108/187 955/115/194
f 941/130/169 1006/147/159 1007/149/162 948/152/170
f 934/131/137 1005/143/151 1006/147/159 941/130/169
f 927/130/136 1004/140/148 1005/143/151 934/131/137
f 919/116/124 1003/111/117 1004/140/148 927/130/136
f 912/115/123 1002/108/114 1003/111/117 919/116/124
f 905/6/93 1001/96/104 1002/108/114 912/115/123
f 897/35/92 1000/27/101 1001/96/104 905/6/93
f 890/36/818 999/30/74 1000/27/101 897/35/92
f 883/61/78 998/70/71 999/30/74 890/36/818
f 876/62/45 997/73/56 998/70/71 883/61/78
f 869/61/44 996/70/53 997/73/56 876/62/45
f 862/36/28 995/30/22 996/70/53 869/61/44
f 855/35/27 994/27/19 995/30/22 862/36/28
f 960/6/195 1009/96/190 994/27/19 855/35/27
f 956/76/185 1024/114/193 1025/5/196 850/94/186
f 949/156/177 1023/153/171 1024/114/193 956/76/185
f 942/83/176 1022/151/168 1023/153/171 949/156/177
f 935/138/146 1021/132/138 1022/151/168 942/83/176
f 928/83/145 1020/129/135 1021/132/138 935/138/146
f 920/107/113 1019/117/125 1020/129/135 928/83/145
f 913/106/112 1018/114/122 1019/117/125 920/107/113
f 906/94/100 1017/5/94 1018/114/122 913/106/112
f 898/25/99 1016/34/91 1017/5/94 906/94/100
f 891/87/70 1015/37/80 1016/34/91 898/25/99
f 884/68/69 1014/60/77 1015/37/80 891/87/70
f 877/69/52 1013/63/46 1014/60/77 884/68/69
f 870/68/51 1012/60/43 1013/63/46 877/69/52
f 863/26/17 1011/37/29 1012/60/43 870/68/51
f 856/25/16 1010/34/26 1011/37/29 863/26/17
f 850/94/186 1025/5/196 1010/34/26 856/25/16
f 1185/5/197 1118/6/197 1119/43/197 1170/42/197
f 1122/7/198 1031/8/198 1032/89/198 1123/164/198
f 1117/2/199 1028/94/199 1026/100/199 1027/23/199
f 1169/96/200 1030/95/200 1029/165/200 1154/125/200
f 1153/93/201 1121/9/202 1120/80/202 1138/157/201
f 1155/144/203 1039/86/203 1040/85/203 1156/145/203
f 1139/158/204 1043/46/36 1044/45/36 1140/159/204
f 1171/50/205 1038/49/205 1037/92/205 1172/81/205
f 1124/166/206 1042/53/206 1041/52/206 1125/167/206
f 1034/22/207 1033/168/207 1035/103/207 1036/102/207
f 1126/169/208 1051/170/208 1052/52/208 1127/167/208
f 1046/171/209 1045/172/209 1047/103/209 1048/102/209
f 1157/146/210 1050/173/210 1049/85/210 1158/145/210
f 1141/174/211 1054/175/212 1053/45/212 1142/159/211
f 1173/91/213 1056/90/213 1055/82/213 1174/81/213
f 1143/158/214 1063/46/64 1064/80/64 1144/157/214
f 1175/50/215 1065/49/215 1066/43/215 1176/42/215
f 1128/176/819 1062/53/819 1061/89/819 1129/164/819
f 1058/22/820 1057/168/820 1059/100/820 1060/23/820
f 1159/144/218 1068/86/218 1067/165/218 1160/125/218
f 1070/2/219 1069/94/219 1071/79/219 1072/177/219
f 1161/96/220 1077/95/220 1078/178/220 1162/179/220
f 1145/93/221 1074/9/222 1073/99/222 1146/57/221
f 1177/5/223 1076/6/223 1075/180/223 1178/181/223
f 1130/7/224 1080/8/224 1079/182/224 1131/183/224
f 1179/184/225 1085/185/225 1086/186/225 1180/187/225
f 1132/188/226 1089/189/226 1090/190/226 1133/191/226
f 1082/15/227 1081/160/227 1083/84/227 1084/16/227
f 1163/192/228 1088/193/228 1087/194/228 1164/195/228
f 1147/56/229 1092/105/230 1091/124/230 1148/20/229
f 1094/196/231 1093/197/231 1095/198/231 1096/16/231
f 1165/199/232 1099/200/232 1100/201/232 1166/202/232
f 1149/19/233 1103/127/234 1104/124/234 1150/20/233
f 1181/203/235 1098/204/235 1097/205/235 1182/206/235
f 1134/207/236 1102/208/236 1101/190/236 1135/191/236
f 1183/209/237 1109/210/237 1110/180/237 1184/211/237
f 1136/188/238 1113/189/238 1114/212/238 1137/213/238
f 1106/15/239 1105/160/239 1107/79/239 1108/78/239
f 1167/214/240 1112/193/240 1111/178/240 1168/215/240
f 1151/56/241 1116/105/242 1115/99/242 1152/57/241
f 891/87/8 898/25/8 1059/100/8 1057/168/8
f 957/77/178 950/150/166 1106/15/10 1108/78/10
f 871/47/37 864/21/18 1034/22/10 1036/102/10
f 920/107/8 928/83/8 1083/84/8 1081/160/8
f 853/39/131 963/38/131 1123/164/131 1032/89/131
f 912/115/156 1018/114/156 1178/181/156 1075/180/156
f 890/36/8 897/35/8 1066/43/8 1065/49/8
f 949/156/8 956/76/8 1107/79/8 1105/160/8
f 988/128/10 987/112/10 1147/56/10 1148/20/10
f 863/26/8 870/68/8 1035/103/8 1033/168/8
f 919/116/8 927/130/8 1086/186/8 1085/185/8
f 964/41/109 860/40/109 1042/53/109 1124/166/109
f 1019/117/155 919/116/155 1085/185/155 1179/184/155
f 889/88/8 896/28/8 1067/165/8 1068/86/8
f 948/152/8 955/115/8 1110/180/8 1109/210/8
f 918/110/8 926/141/8 1087/194/8 1088/193/8
f 867/51/88 965/64/88 1125/167/88 1041/52/88
f 927/130/66 1020/129/66 1180/187/66 1086/186/66
f 947/148/8 954/163/8 1111/178/8 1112/193/8
f 986/54/10 985/93/10 1145/93/10 1146/57/10
f 917/120/128 925/134/140 1090/190/8 1089/189/8
f 966/66/87 874/65/87 1051/170/87 1126/169/87
f 1021/132/134 934/131/134 1098/204/134 1181/203/134
f 946/154/174 953/162/182 1114/212/8 1113/189/8
f 916/104/119 924/123/133 1091/124/230 1092/105/230
f 881/51/65 967/64/65 1127/167/65 1052/52/65
f 941/130/132 1022/151/132 1182/206/132 1097/205/132
f 945/104/164 952/97/180 1115/99/242 1116/105/242
f 984/31/10 983/33/10 1143/158/10 1144/157/10
f 968/41/39 888/40/39 1062/53/39 1128/176/39
f 1023/153/111 948/152/111 1109/210/111 1183/209/111
f 878/58/87 877/69/87 1045/172/87 1046/171/87
f 895/39/34 969/38/34 1129/164/34 1061/89/34
f 955/115/59 1024/114/59 1184/211/59 1110/180/59
f 982/74/10 981/75/10 1141/174/10 1142/159/10
f 970/7/5 903/8/5 1080/8/5 1130/7/5
f 1025/5/6 960/6/6 1118/6/6 1185/5/6
f 907/2/5 906/94/5 1069/94/5 1070/2/5
f 910/119/156 971/118/156 1131/183/156 1079/182/156
f 980/74/10 979/33/10 1139/158/10 1140/159/10
f 936/139/134 935/138/134 1093/197/134 1094/196/134
f 972/121/155 917/120/155 1089/189/155 1132/188/155
f 1024/114/10 1023/153/10 1183/209/10 1184/211/10
f 925/134/66 973/133/66 1133/191/66 1090/190/66
f 978/31/10 993/93/10 1153/93/10 1138/157/10
f 974/136/134 932/135/134 1102/208/134 1134/207/134
f 1022/151/10 1021/132/10 1181/203/10 1182/206/10
f 854/28/131 994/27/131 1154/125/131 1029/165/131
f 939/134/132 975/133/132 1135/191/132 1101/190/132
f 961/2/6 850/94/6 1028/94/6 1117/2/6
f 995/30/109 861/29/109 1039/86/109 1155/144/109
f 976/155/111 946/154/111 1113/189/111 1136/188/111
f 1020/129/10 1019/117/10 1179/184/10 1180/187/10
f 868/71/88 996/70/88 1156/145/88 1040/85/88
f 953/162/59 977/161/59 1137/213/59 1114/212/59
f 997/73/87 875/72/87 1050/173/87 1157/146/87
f 1018/114/10 1017/5/10 1177/5/10 1178/181/10
f 882/71/65 998/70/65 1158/145/65 1049/85/65
f 977/161/10 976/155/10 1136/188/10 1137/213/10
f 999/30/39 889/88/39 1068/86/39 1159/144/39
f 1016/34/10 1015/37/10 1175/50/10 1176/42/10
f 857/3/3 961/2/2 1117/2/10 1027/23/10
f 896/28/34 1000/27/34 1160/125/34 1067/165/34
f 975/133/10 974/136/10 1134/207/10 1135/191/10
f 960/6/8 855/35/8 1119/43/8 1118/6/8
f 1001/96/5 904/95/5 1077/95/5 1161/96/5
f 884/68/65 885/47/65 1048/102/65 1047/103/65
f 1014/60/10 1013/63/10 1173/91/10 1174/81/10
f 959/9/7 852/11/9 1120/80/202 1121/9/202
f 911/109/156 1002/108/156 1162/179/156 1078/178/156
f 973/133/10 972/121/10 1132/188/10 1133/191/10
f 913/106/156 914/101/156 1072/177/156 1071/79/156
f 1003/111/155 918/110/155 1088/193/155 1163/192/155
f 875/72/8 882/71/8 1049/85/8 1050/173/8
f 856/25/131 857/3/131 1027/23/131 1026/100/131
f 1012/60/10 1011/37/10 1171/50/10 1172/81/10
f 926/141/66 1004/140/66 1164/195/66 1087/194/66
f 874/65/48 881/51/82 1052/52/8 1051/170/8
f 942/83/132 943/13/132 1096/16/132 1095/198/132
f 971/118/10 970/7/10 1130/7/10 1131/183/10
f 902/9/98 909/97/107 1073/99/222 1074/9/222
f 1005/143/134 933/142/134 1099/200/134 1165/199/134
f 873/67/50 880/44/60 1053/45/212 1054/175/212
f 1010/34/10 1025/5/10 1185/5/10 1170/42/10
f 940/141/132 1006/147/132 1166/202/132 1100/201/132
f 850/94/8 856/25/8 1026/100/8 1028/94/8
f 969/38/10 968/41/10 1128/176/10 1129/164/10
f 914/101/110 907/2/89 1070/2/10 1072/177/10
f 1007/149/111 947/148/111 1112/193/111 1167/214/111
f 885/47/67 878/58/41 1046/171/10 1048/102/10
f 943/13/157 936/139/147 1094/196/10 1096/16/10
f 849/95/8 854/28/8 1029/165/8 1030/95/8
f 906/94/8 913/106/8 1071/79/8 1069/94/8
f 954/163/59 1008/108/59 1168/215/59 1111/178/59
f 877/69/8 884/68/8 1047/103/8 1045/172/8
f 935/138/8 942/83/8 1095/198/8 1093/197/8
f 848/8/183 853/39/31 1032/89/8 1031/8/8
f 967/64/10 966/66/10 1126/169/10 1127/167/10
f 905/6/8 912/115/8 1075/180/8 1076/6/8
f 1009/96/6 849/95/6 1030/95/6 1169/96/6
f 876/62/8 883/61/8 1055/82/8 1056/90/8
f 934/131/8 941/130/8 1097/205/8 1098/204/8
f 904/95/8 911/109/8 1078/178/8 1077/95/8
f 933/142/8 940/141/8 1100/201/8 1099/200/8
f 965/64/10 964/41/10 1124/166/10 1125/167/10
f 903/8/96 910/119/127 1079/182/8 1080/8/8
f 1008/108/10 1007/149/10 1167/214/10 1168/215/10
f 932/135/141 939/134/173 1101/190/8 1102/208/8
f 931/126/143 938/123/158 1104/124/234 1103/127/234
f 963/38/10 962/7/10 1122/7/10 1123/164/10
f 1006/147/10 1005/143/10 1165/199/10 1166/202/10
f 852/11/131 978/31/131 1138/157/131 1120/80/131
f 864/21/109 863/26/109 1033/168/109 1034/22/109
f 892/21/39 891/87/39 1057/168/39 1058/22/39
f 979/33/109 859/32/109 1043/46/109 1139/158/109
f 1004/140/10 1003/111/10 1163/192/10 1164/195/10
f 866/44/88 980/74/88 1140/159/88 1044/45/88
f 921/14/155 920/107/155 1081/160/155 1082/15/155
f 981/75/87 873/67/87 1054/175/87 1141/174/87
f 1002/108/10 1001/96/10 1161/96/10 1162/179/10
f 1186/216/6 1187/217/6 1189/217/6 1188/216/6
f 1188/216/87 1189/217/87 1193/218/87 1192/219/87
f 1192/219/5 1193/218/5 1191/218/5 1190/219/5
f 1190/219/134 1191/218/134 1187/217/134 1186/216/134
f 1188/216/10 1192/219/10 1190/219/10 1186/216/10
f 1193/218/8 1189/217/8 1187/217/8 1191/218/8
f 1202/220/243 1203/221/243 1197/222/244 1196/220/245
f 1206/223/246 1207/224/246 1201/225/247 1200/226/248
f 1204/227/249 1205/228/249 1199/225/250 1198/229/251
f 1208/223/252 1209/230/252 1195/221/253 1194/231/254
f 1211/232/255 1204/227/256 1198/229/257 1208/223/258
f 1210/233/259 1203/221/260 1195/221/261 1209/230/262
f 1207/224/263 1197/222/264 1203/221/260 1210/233/259
f 1206/223/265 1200/226/266 1204/227/256 1211/232/255
f 1200/226/248 1201/225/247 1205/228/267 1204/227/267
f 1194/231/254 1195/221/253 1203/221/243 1202/220/243
f 1196/220/268 1206/223/265 1211/232/255 1202/220/269
f 1201/225/270 1207/224/263 1210/233/259 1205/228/271
f 1205/228/271 1210/233/259 1209/230/262 1199/225/272
f 1202/220/269 1211/232/255 1208/223/258 1194/231/273
f 1198/229/251 1199/225/250 1209/230/274 1208/223/274
f 1196/220/245 1197/222/244 1207/224/275 1206/223/275
f 1220/234/276 1221/235/276 1215/235/277 1214/236/278
f 1224/237/279 1225/238/279 1219/239/280 1218/240/281
f 1222/241/282 1223/242/282 1217/243/283 1216/240/284
f 1226/244/285 1227/245/285 1213/246/286 1212/234/287
f 1229/247/288 1222/241/289 1216/240/290 1226/244/291
f 1228/248/292 1221/235/293 1213/246/294 1227/245/295
f 1225/238/296 1215/235/297 1221/235/293 1228/248/292
f 1224/237/298 1218/240/299 1222/241/289 1229/247/288
f 1218/240/281 1219/239/280 1223/242/300 1222/241/300
f 1212/234/287 1213/246/286 1221/235/276 1220/234/276
f 1214/236/301 1224/237/298 1229/247/288 1220/234/302
f 1219/239/303 1225/238/296 1228/248/292 1223/242/304
f 1223/242/304 1228/248/292 1227/245/295 1217/243/305
f 1220/234/302 1229/247/288 1226/244/291 1212/234/306
f 1216/240/284 1217/243/283 1227/245/307 1226/244/307
f 1214/236/278 1215/235/277 1225/238/308 1224/237/308
f 1238/249/309 1239/250/309 1233/251/310 1232/252/311
f 1242/253/312 1243/254/313 1237/255/314 1236/256/315
f 1240/257/316 1241/258/316 1235/259/317 1234/260/318
f 1244/261/319 1245/262/320 1231/263/321 1230/264/322
f 1247/265/323 1240/257/324 1234/260/325 1244/261/326
f 1246/266/327 1239/250/328 1231/263/329 1245/262/330
f 1243/254/331 1233/251/332 1239/250/328 1246/266/327
f 1242/253/333 1236/256/334 1240/257/324 1247/265/323
f 1236/256/315 1237/255/314 1241/258/335 1240/257/335
f 1230/264/322 1231/263/321 1239/250/309 1238/249/309
f 1232/252/336 1242/253/333 1247/265/323 1238/249/337
f 1237/255/338 1243/254/331 1246/266/327 1241/258/339
f 1241/258/339 1246/266/327 1245/262/330 1235/259/340
f 1238/249/337 1247/265/323 1244/261/326 1230/264/341
f 1234/260/318 1235/259/317 1245/262/320 1244/261/319
f 1232/252/311 1233/251/310 1243/254/313 1242/253/312
f 1256/267/342 1257/268/342 1251/269/343 1250/270/344
f 1260/271/345 1261/272/345 1255/273/346 1254/274/347
f 1258/275/348 1259/276/348 1253/277/349 1252/278/350
f 1262/279/351 1263/280/351 1249/281/352 1248/282/353
f 1265/283/354 1258/275/355 1252/278/356 1262/279/357
f 1264/284/358 1257/268/359 1249/281/360 1263/280/361
f 1261/272/362 1251/269/363 1257/268/359 1264/284/358
f 1260/271/364 1254/274/365 1258/275/355 1265/283/354
f 1254/274/347 1255/273/346 1259/276/366 1258/275/366
f 1248/282/353 1249/281/352 1257/268/342 1256/267/342
f 1250/270/367 1260/271/364 1265/283/354 1256/267/368
f 1255/273/369 1261/272/362 1264/284/358 1259/276/370
f 1259/276/370 1264/284/358 1263/280/361 1253/277/371
f 1256/267/368 1265/283/354 1262/279/357 1248/282/372
f 1252/278/350 1253/277/349 1263/280/373 1262/279/373
f 1250/270/344 1251/269/343 1261/272/374 1260/271/374
f 1274/285/375 1275/286/375 1269/287/376 1268/288/377
f 1278/289/378 1279/290/379 1273/291/380 1272/292/381
f 1276/293/382 1277/294/382 1271/295/383 1270/296/384
f 1280/297/385 1281/298/386 1267/299/387 1266/300/388
f 1283/301/389 1276/293/390 1270/296/391 1280/297/392
f 1282/302/393 1275/286/394 1267/299/395 1281/298/396
f 1279/290/397 1269/287/398 1275/286/394 1282/302/393
f 1278/289/399 1272/292/400 1276/293/390 1283/301/389
f 1272/292/381 1273/291/380 1277/294/401 1276/293/401
f 1266/300/388 1267/299/387 1275/286/375 1274/285/375
f 1268/288/402 1278/289/399 1283/301/389 1274/285/403
f 1273/291/404 1279/290/397 1282/302/393 1277/294/405
f 1277/294/405 1282/302/393 1281/298/396 1271/295/406
f 1274/285/403 1283/301/389 1280/297/392 1266/300/407
f 1270/296/384 1271/295/383 1281/298/386 1280/297/385
f 1268/288/377 1269/287/376 1279/290/379 1278/289/378
f 1292/303/408 1293/304/408 1287/305/409 1286/306/410
f 1296/307/411 1297/308/411 1291/309/412 1290/310/413
f 1294/311/414 1295/312/414 1289/313/415 1288/314/416
f 1298/315/417 1299/316/417 1285/317/418 1284/318/419
f 1301/319/420 1294/311/421 1288/314/422 1298/315/423
f 1300/320/424 1293/304/425 1285/317/426 1299/316/427
f 1297/308/428 1287/305/429 1293/304/425 1300/320/424
f 1296/307/430 1290/310/431 1294/311/421 1301/319/420
f 1290/310/413 1291/309/412 1295/312/432 1294/311/432
f 1284/318/419 1285/317/418 1293/304/408 1292/303/408
f 1286/306/433 1296/307/430 1301/319/420 1292/303/434
f 1291/309/435 1297/308/428 1300/320/424 1295/312/436
f 1295/312/436 1300/320/424 1299/316/427 1289/313/437
f 1292/303/434 1301/319/420 1298/315/423 1284/318/438
f 1288/314/416 1289/313/415 1299/316/439 1298/315/439
f 1286/306/410 1287/305/409 1297/308/440 1296/307/440
f 1310/249/441 1311/250/441 1305/251/442 1304/252/443
f 1314/253/444 1315/254/445 1309/255/446 1308/256/447
f 1312/257/448 1313/258/448 1307/259/449 1306/260/450
f 1316/261/451 1317/262/452 1303/263/453 1302/264/454
f 1319/265/455 1312/257/456 1306/260/457 1316/261/458
f 1318/266/459 1311/250/460 1303/263/461 1317/262/462
f 1315/254/463 1305/251/464 1311/250/460 1318/266/459
f 1314/253/465 1308/256/466 1312/257/456 1319/265/455
f 1308/256/447 1309/255/446 1313/258/467 1312/257/467
f 1302/264/454 1303/263/453 1311/250/441 1310/249/441
f 1304/252/468 1314/253/465 1319/265/455 1310/249/469
f 1309/255/470 1315/254/463 1318/266/459 1313/258/471
f 1313/258/471 1318/266/459 1317/262/462 1307/259/472
f 1310/249/469 1319/265/455 1316/261/458 1302/264/473
f 1306/260/450 1307/259/449 1317/262/452 1316/261/451
f 1304/252/443 1305/251/442 1315/254/445 1314/253/444
f 1328/267/474 1329/268/474 1323/269/475 1322/270/476
f 1332/271/477 1333/272/477 1327/273/478 1326/274/479
f 1330/275/480 1331/276/480 1325/277/481 1324/278/482
f 1334/279/483 1335/280/483 1321/281/484 1320/282/485
f 1337/283/486 1330/275/487 1324/278/488 1334/279/489
f 1336/284/490 1329/268/491 1321/281/492 1335/280/493
f 1333/272/494 1323/269/495 1329/268/491 1336/284/490
f 1332/271/496 1326/274/497 1330/275/487 1337/283/486
f 1326/274/479 1327/273/478 1331/276/498 1330/275/498
f 1320/282/485 1321/281/484 1329/268/474 1328/267/474
f 1322/270/499 1332/271/496 1337/283/486 1328/267/500
f 1327/273/501 1333/272/494 1336/284/490 1331/276/502
f 1331/276/502 1336/284/490 1335/280/493 1325/277/503
f 1328/267/500 1337/283/486 1334/279/489 1320/282/504
f 1324/278/482 1325/277/481 1335/280/505 1334/279/505
f 1322/270/476 1323/269/475 1333/272/506 1332/271/506
usemtl base_material.010
f 1341/1/1 1451/2/2 1347/3/3 1348/4/4
f 1507/5/5 1395/6/5 1566/6/5 1667/5/5
f 1452/7/6 1338/8/6 1521/8/6 1612/7/6
f 1449/9/7 1391/10/8 1342/11/9
f 1413/12/10 1341/1/1 1348/4/4
f 1419/13/11 1411/14/12 1572/15/10 1574/16/10
f 1480/17/10 1479/18/10 1639/19/10 1640/20/10
f 1389/3/13 1382/21/14 1548/22/10 1550/23/10
f 1413/12/10 1348/4/4 1355/24/15
f 1347/3/3 1346/25/16 1353/26/17 1354/21/18
f 1484/27/19 1344/28/20 1351/29/21 1485/30/22
f 1468/31/23 1342/11/9 1349/32/24 1469/33/25
f 1348/4/4 1347/3/3 1354/21/18 1355/24/15
f 1500/34/26 1345/35/27 1352/36/28 1501/37/29
f 1453/38/30 1343/39/31 1350/40/32 1454/41/33
f 1342/11/9 1391/10/8 1349/32/24
f 1387/35/34 1506/34/34 1666/42/34 1556/43/34
f 1349/32/24 1356/44/35 1534/45/36 1533/46/36
f 1355/24/15 1354/21/18 1361/47/37 1362/48/38
f 1505/37/39 1380/36/39 1555/49/39 1665/50/39
f 1350/40/32 1357/51/40 1531/52/8 1532/53/8
f 1349/32/24 1391/10/8 1356/44/35
f 1413/12/10 1355/24/15 1362/48/38
f 1482/54/10 1481/55/10 1641/56/10 1642/57/10
f 1362/48/38 1361/47/37 1368/58/41 1369/59/42
f 1502/60/43 1359/61/44 1366/62/45 1503/63/46
f 1455/64/47 1357/51/40 1364/65/48 1456/66/49
f 1356/44/35 1391/10/8 1363/67/50
f 1413/12/10 1362/48/38 1369/59/42
f 1361/47/37 1360/68/51 1367/69/52 1368/58/41
f 1486/70/53 1358/71/54 1365/72/55 1487/73/56
f 1470/74/57 1356/44/35 1363/67/50 1471/75/58
f 1446/76/59 1447/77/59 1598/78/59 1597/79/59
f 1363/67/50 1391/10/8 1370/44/60
f 1413/12/10 1369/59/42 1376/48/61
f 1377/32/62 1384/11/63 1554/80/64 1553/46/64
f 1373/61/65 1504/60/65 1664/81/65 1545/82/65
f 1418/83/66 1419/13/66 1574/16/66 1573/84/66
f 1369/59/42 1368/58/41 1375/47/67 1376/48/61
f 1351/29/8 1358/71/8 1530/85/8 1529/86/8
f 1413/12/10 1376/48/61 1383/24/68
f 1375/47/67 1374/68/69 1381/87/70 1382/21/14
f 1488/70/71 1372/71/72 1379/88/73 1489/30/74
f 1472/74/75 1370/44/60 1377/32/62 1473/33/76
f 1376/48/61 1375/47/67 1382/21/14 1383/24/68
f 1504/60/77 1373/61/78 1380/36/79 1505/37/80
f 1457/64/81 1371/51/82 1378/40/83 1458/41/84
f 1370/44/60 1391/10/8 1377/32/62
f 1378/40/83 1385/39/85 1551/89/8 1552/53/8
f 1383/24/68 1382/21/14 1389/3/13 1390/4/86
f 1503/63/87 1366/62/87 1546/90/87 1663/91/87
f 1352/36/8 1359/61/8 1527/92/8 1528/49/8
f 1377/32/62 1391/10/8 1384/11/63
f 1413/12/10 1383/24/68 1390/4/86
f 1483/93/6 1449/9/6 1611/9/6 1643/93/6
f 1359/61/88 1502/60/88 1662/81/88 1527/92/88
f 1390/4/86 1389/3/13 1397/2/89 1398/1/90
f 1506/34/91 1387/35/92 1395/6/93 1507/5/94
f 1459/38/95 1385/39/85 1393/8/96 1460/7/97
f 1384/11/63 1391/10/8 1392/9/98
f 1413/12/10 1390/4/86 1398/1/90
f 1389/3/13 1388/25/99 1396/94/100 1397/2/89
f 1490/27/101 1386/28/102 1394/95/103 1491/96/104
f 1474/31/105 1384/11/63 1392/9/98 1475/93/106
f 1392/9/98 1391/10/8 1399/97/107
f 1413/12/10 1398/1/90 1405/98/108
f 1442/97/59 1482/54/59 1642/57/59 1605/99/59
f 1388/25/34 1389/3/34 1550/23/34 1549/100/34
f 1501/37/109 1352/36/109 1528/49/109 1661/50/109
f 1398/1/90 1397/2/89 1404/101/110 1405/98/108
f 1360/68/88 1361/47/88 1526/102/88 1525/103/88
f 1481/55/111 1435/104/111 1606/105/111 1641/56/111
f 1404/101/110 1403/106/112 1410/107/113 1411/14/12
f 1492/108/114 1401/109/115 1408/110/116 1493/111/117
f 1476/54/118 1399/97/107 1406/104/119 1477/112/120
f 1405/98/108 1404/101/110 1411/14/12 1412/113/121
f 1508/114/122 1402/115/123 1409/116/124 1509/117/125
f 1461/118/126 1400/119/127 1407/120/128 1462/121/129
f 1399/97/107 1391/10/8 1406/104/119
f 1413/12/10 1405/98/108 1412/113/121
f 1412/113/121 1411/14/12 1419/13/11 1420/122/130
f 1345/35/131 1500/34/131 1660/42/131 1609/43/131
f 1428/123/132 1480/17/132 1640/20/132 1594/124/132
f 1406/104/119 1391/10/8 1414/123/133
f 1413/12/10 1412/113/121 1420/122/130
f 1484/27/10 1499/96/10 1659/96/10 1644/125/10
f 1479/18/134 1421/126/134 1593/127/134 1639/19/134
f 1414/123/66 1478/128/66 1638/20/66 1581/124/66
f 1510/129/135 1417/130/136 1424/131/137 1511/132/138
f 1463/133/139 1415/134/140 1422/135/141 1464/136/142
f 1414/123/133 1391/10/8 1421/126/143
f 1413/12/10 1420/122/130 1427/137/144
f 1419/13/11 1418/83/145 1425/138/146 1426/139/147
f 1494/140/148 1416/141/149 1423/142/150 1495/143/151
f 1478/128/152 1414/123/133 1421/126/143 1479/18/153
f 1420/122/130 1419/13/11 1426/139/147 1427/137/144
f 1413/12/10 1427/137/144 1434/122/154
f 1486/70/10 1485/30/10 1645/144/10 1646/145/10
f 1477/112/155 1406/104/155 1582/105/155 1637/56/155
f 1399/97/156 1476/54/156 1636/57/156 1563/99/156
f 1427/137/144 1426/139/147 1433/13/157 1434/122/154
f 1488/70/10 1487/73/10 1647/146/10 1648/145/10
f 1475/93/5 1392/9/5 1564/9/5 1635/93/5
f 1421/126/143 1391/10/8 1428/123/158
f 1496/147/159 1430/141/160 1437/148/161 1497/149/162
f 1480/17/163 1428/123/158 1435/104/164 1481/55/165
f 1434/122/154 1433/13/157 1440/150/166 1441/113/167
f 1512/151/168 1431/130/169 1438/152/170 1513/153/171
f 1465/133/172 1429/134/173 1436/154/174 1466/155/175
f 1428/123/158 1391/10/8 1435/104/164
f 1413/12/10 1434/122/154 1441/113/167
f 1433/13/157 1432/83/176 1439/156/177 1440/150/166
f 1441/113/167 1440/150/166 1447/77/178 1448/98/179
f 1384/11/34 1474/31/34 1634/157/34 1554/80/34
f 1490/27/10 1489/30/10 1649/144/10 1650/125/10
f 1435/104/164 1391/10/8 1442/97/180
f 1413/12/10 1441/113/167 1448/98/179
f 1473/33/39 1377/32/39 1553/46/39 1633/158/39
f 1370/44/65 1472/74/65 1632/159/65 1543/45/65
f 1440/150/111 1439/156/111 1595/160/111 1596/15/111
f 1467/161/181 1443/162/182 1338/8/183 1452/7/184
f 1442/97/180 1391/10/8 1449/9/7
f 1413/12/10 1448/98/179 1341/1/1
f 1447/77/178 1446/76/185 1340/94/186 1451/2/2
f 1498/108/187 1444/163/188 1339/95/189 1499/96/190
f 1482/54/191 1442/97/180 1449/9/7 1483/93/192
f 1448/98/179 1447/77/178 1451/2/2 1341/1/1
f 1514/114/193 1445/115/194 1450/6/195 1515/5/196
f 1444/163/188 1467/161/181 1452/7/184 1339/95/189
f 1437/148/161 1466/155/175 1467/161/181 1444/163/188
f 1430/141/160 1465/133/172 1466/155/175 1437/148/161
f 1423/142/150 1464/136/142 1465/133/172 1430/141/160
f 1416/141/149 1463/133/139 1464/136/142 1423/142/150
f 1408/110/116 1462/121/129 1463/133/139 1416/141/149
f 1401/109/115 1461/118/126 1462/121/129 1408/110/116
f 1394/95/103 1460/7/97 1461/118/126 1401/109/115
f 1386/28/102 1459/38/95 1460/7/97 1394/95/103
f 1379/88/73 1458/41/84 1459/38/95 1386/28/102
f 1372/71/72 1457/64/81 1458/41/84 1379/88/73
f 1365/72/55 1456/66/49 1457/64/81 1372/71/72
f 1358/71/54 1455/64/47 1456/66/49 1365/72/55
f 1351/29/21 1454/41/33 1455/64/47 1358/71/54
f 1344/28/20 1453/38/30 1454/41/33 1351/29/21
f 1339/95/189 1452/7/184 1453/38/30 1344/28/20
f 1443/162/182 1482/54/191 1483/93/192 1338/8/183
f 1436/154/174 1481/55/165 1482/54/191 1443/162/182
f 1429/134/173 1480/17/163 1481/55/165 1436/154/174
f 1422/135/141 1479/18/153 1480/17/163 1429/134/173
f 1415/134/140 1478/128/152 1479/18/153 1422/135/141
f 1407/120/128 1477/112/120 1478/128/152 1415/134/140
f 1400/119/127 1476/54/118 1477/112/120 1407/120/128
f 1393/8/96 1475/93/106 1476/54/118 1400/119/127
f 1385/39/85 1474/31/105 1475/93/106 1393/8/96
f 1378/40/83 1473/33/76 1474/31/105 1385/39/85
f 1371/51/82 1472/74/75 1473/33/76 1378/40/83
f 1364/65/48 1471/75/58 1472/74/75 1371/51/82
f 1357/51/40 1470/74/57 1471/75/58 1364/65/48
f 1350/40/32 1469/33/25 1470/74/57 1357/51/40
f 1343/39/31 1468/31/23 1469/33/25 1350/40/32
f 1338/8/183 1483/93/192 1468/31/23 1343/39/31
f 1445/115/194 1498/108/187 1499/96/190 1450/6/195
f 1438/152/170 1497/149/162 1498/108/187 1445/115/194
f 1431/130/169 1496/147/159 1497/149/162 1438/152/170
f 1424/131/137 1495/143/151 1496/147/159 1431/130/169
f 1417/130/136 1494/140/148 1495/143/151 1424/131/137
f 1409/116/124 1493/111/117 1494/140/148 1417/130/136
f 1402/115/123 1492/108/114 1493/111/117 1409/116/124
f 1395/6/93 1491/96/104 1492/108/114 1402/115/123
f 1387/35/92 1490/27/101 1491/96/104 1395/6/93
f 1380/36/79 1489/30/74 1490/27/101 1387/35/92
f 1373/61/78 1488/70/71 1489/30/74 1380/36/79
f 1366/62/45 1487/73/56 1488/70/71 1373/61/78
f 1359/61/44 1486/70/53 1487/73/56 1366/62/45
f 1352/36/28 1485/30/22 1486/70/53 1359/61/44
f 1345/35/27 1484/27/19 1485/30/22 1352/36/28
f 1450/6/195 1499/96/190 1484/27/19 1345/35/27
f 1446/76/185 1514/114/193 1515/5/196 1340/94/186
f 1439/156/177 1513/153/171 1514/114/193 1446/76/185
f 1432/83/176 1512/151/168 1513/153/171 1439/156/177
f 1425/138/146 1511/132/138 1512/151/168 1432/83/176
f 1418/83/145 1510/129/135 1511/132/138 1425/138/146
f 1410/107/113 1509/117/125 1510/129/135 1418/83/145
f 1403/106/112 1508/114/122 1509/117/125 1410/107/113
f 1396/94/100 1507/5/94 1508/114/122 1403/106/112
f 1388/25/99 1506/34/91 1507/5/94 1396/94/100
f 1381/87/70 1505/37/80 1506/34/91 1388/25/99
f 1374/68/69 1504/60/77 1505/37/80 1381/87/70
f 1367/69/52 1503/63/46 1504/60/77 1374/68/69
f 1360/68/51 1502/60/43 1503/63/46 1367/69/52
f 1353/26/17 1501/37/29 1502/60/43 1360/68/51
f 1346/25/16 1500/34/26 1501/37/29 1353/26/17
f 1340/94/186 1515/5/196 1500/34/26 1346/25/16
f 1675/5/197 1608/6/197 1609/43/197 1660/42/197
f 1612/7/198 1521/8/198 1522/89/198 1613/164/198
f 1607/2/199 1518/94/199 1516/100/199 1517/23/199
f 1659/96/200 1520/95/200 1519/165/200 1644/125/200
f 1643/93/201 1611/9/202 1610/80/202 1628/157/201
f 1645/144/203 1529/86/203 1530/85/203 1646/145/203
f 1629/158/204 1533/46/36 1534/45/36 1630/159/204
f 1661/50/205 1528/49/205 1527/92/205 1662/81/205
f 1614/166/821 1532/53/821 1531/52/821 1615/167/821
f 1524/22/207 1523/168/207 1525/103/207 1526/102/207
f 1616/169/208 1541/170/208 1542/52/208 1617/167/208
f 1536/171/209 1535/172/209 1537/103/209 1538/102/209
f 1647/146/210 1540/173/210 1539/85/210 1648/145/210
f 1631/174/211 1544/175/212 1543/45/212 1632/159/211
f 1663/91/213 1546/90/213 1545/82/213 1664/81/213
f 1633/158/214 1553/46/64 1554/80/64 1634/157/214
f 1665/50/215 1555/49/215 1556/43/215 1666/42/215
f 1618/176/819 1552/53/819 1551/89/819 1619/164/819
f 1548/22/217 1547/168/217 1549/100/217 1550/23/217
f 1649/144/218 1558/86/218 1557/165/218 1650/125/218
f 1560/2/219 1559/94/219 1561/79/219 1562/177/219
f 1651/96/220 1567/95/220 1568/178/220 1652/179/220
f 1635/93/221 1564/9/222 1563/99/222 1636/57/221
f 1667/5/223 1566/6/223 1565/180/223 1668/181/223
f 1620/7/224 1570/8/224 1569/182/224 1621/183/224
f 1669/184/225 1575/185/225 1576/186/225 1670/187/225
f 1622/188/226 1579/189/226 1580/190/226 1623/191/226
f 1572/15/227 1571/160/227 1573/84/227 1574/16/227
f 1653/192/228 1578/193/228 1577/194/228 1654/195/228
f 1637/56/229 1582/105/230 1581/124/230 1638/20/229
f 1584/196/231 1583/197/231 1585/198/231 1586/16/231
f 1655/199/232 1589/200/232 1590/201/232 1656/202/232
f 1639/19/233 1593/127/234 1594/124/234 1640/20/233
f 1671/203/235 1588/204/235 1587/205/235 1672/206/235
f 1624/207/236 1592/208/236 1591/190/236 1625/191/236
f 1673/209/237 1599/210/237 1600/180/237 1674/211/237
f 1626/188/238 1603/189/238 1604/212/238 1627/213/238
f 1596/15/239 1595/160/239 1597/79/239 1598/78/239
f 1657/214/240 1602/193/240 1601/178/240 1658/215/240
f 1641/56/241 1606/105/242 1605/99/242 1642/57/241
f 1381/87/8 1388/25/8 1549/100/8 1547/168/8
f 1447/77/178 1440/150/166 1596/15/10 1598/78/10
f 1361/47/37 1354/21/18 1524/22/10 1526/102/10
f 1410/107/8 1418/83/8 1573/84/8 1571/160/8
f 1343/39/131 1453/38/131 1613/164/131 1522/89/131
f 1402/115/156 1508/114/156 1668/181/156 1565/180/156
f 1380/36/8 1387/35/8 1556/43/8 1555/49/8
f 1439/156/8 1446/76/8 1597/79/8 1595/160/8
f 1478/128/10 1477/112/10 1637/56/10 1638/20/10
f 1353/26/8 1360/68/8 1525/103/8 1523/168/8
f 1409/116/8 1417/130/8 1576/186/8 1575/185/8
f 1454/41/109 1350/40/109 1532/53/109 1614/166/109
f 1509/117/155 1409/116/155 1575/185/155 1669/184/155
f 1379/88/8 1386/28/8 1557/165/8 1558/86/8
f 1438/152/8 1445/115/8 1600/180/8 1599/210/8
f 1408/110/8 1416/141/8 1577/194/8 1578/193/8
f 1357/51/88 1455/64/88 1615/167/88 1531/52/88
f 1417/130/66 1510/129/66 1670/187/66 1576/186/66
f 1437/148/8 1444/163/8 1601/178/8 1602/193/8
f 1476/54/10 1475/93/10 1635/93/10 1636/57/10
f 1407/120/128 1415/134/140 1580/190/8 1579/189/8
f 1456/66/87 1364/65/87 1541/170/87 1616/169/87
f 1511/132/134 1424/131/134 1588/204/134 1671/203/134
f 1436/154/174 1443/162/182 1604/212/8 1603/189/8
f 1406/104/119 1414/123/133 1581/124/230 1582/105/230
f 1371/51/65 1457/64/65 1617/167/65 1542/52/65
f 1431/130/132 1512/151/132 1672/206/132 1587/205/132
f 1435/104/164 1442/97/180 1605/99/242 1606/105/242
f 1474/31/10 1473/33/10 1633/158/10 1634/157/10
f 1458/41/39 1378/40/39 1552/53/39 1618/176/39
f 1513/153/111 1438/152/111 1599/210/111 1673/209/111
f 1368/58/87 1367/69/87 1535/172/87 1536/171/87
f 1385/39/34 1459/38/34 1619/164/34 1551/89/34
f 1445/115/59 1514/114/59 1674/211/59 1600/180/59
f 1472/74/10 1471/75/10 1631/174/10 1632/159/10
f 1460/7/5 1393/8/5 1570/8/5 1620/7/5
f 1515/5/6 1450/6/6 1608/6/6 1675/5/6
f 1397/2/5 1396/94/5 1559/94/5 1560/2/5
f 1400/119/156 1461/118/156 1621/183/156 1569/182/156
f 1470/74/10 1469/33/10 1629/158/10 1630/159/10
f 1426/139/134 1425/138/134 1583/197/134 1584/196/134
f 1462/121/155 1407/120/155 1579/189/155 1622/188/155
f 1514/114/10 1513/153/10 1673/209/10 1674/211/10
f 1415/134/66 1463/133/66 1623/191/66 1580/190/66
f 1468/31/10 1483/93/10 1643/93/10 1628/157/10
f 1464/136/134 1422/135/134 1592/208/134 1624/207/134
f 1512/151/10 1511/132/10 1671/203/10 1672/206/10
f 1344/28/131 1484/27/131 1644/125/131 1519/165/131
f 1429/134/132 1465/133/132 1625/191/132 1591/190/132
f 1451/2/6 1340/94/6 1518/94/6 1607/2/6
f 1485/30/109 1351/29/109 1529/86/109 1645/144/109
f 1466/155/111 1436/154/111 1603/189/111 1626/188/111
f 1510/129/10 1509/117/10 1669/184/10 1670/187/10
f 1358/71/88 1486/70/88 1646/145/88 1530/85/88
f 1443/162/59 1467/161/59 1627/213/59 1604/212/59
f 1487/73/87 1365/72/87 1540/173/87 1647/146/87
f 1508/114/10 1507/5/10 1667/5/10 1668/181/10
f 1372/71/65 1488/70/65 1648/145/65 1539/85/65
f 1467/161/10 1466/155/10 1626/188/10 1627/213/10
f 1489/30/39 1379/88/39 1558/86/39 1649/144/39
f 1506/34/10 1505/37/10 1665/50/10 1666/42/10
f 1347/3/3 1451/2/2 1607/2/10 1517/23/10
f 1386/28/34 1490/27/34 1650/125/34 1557/165/34
f 1465/133/10 1464/136/10 1624/207/10 1625/191/10
f 1450/6/8 1345/35/8 1609/43/8 1608/6/8
f 1491/96/5 1394/95/5 1567/95/5 1651/96/5
f 1374/68/65 1375/47/65 1538/102/65 1537/103/65
f 1504/60/10 1503/63/10 1663/91/10 1664/81/10
f 1449/9/7 1342/11/9 1610/80/202 1611/9/202
f 1401/109/156 1492/108/156 1652/179/156 1568/178/156
f 1463/133/10 1462/121/10 1622/188/10 1623/191/10
f 1403/106/156 1404/101/156 1562/177/156 1561/79/156
f 1493/111/155 1408/110/155 1578/193/155 1653/192/155
f 1365/72/8 1372/71/8 1539/85/8 1540/173/8
f 1346/25/131 1347/3/131 1517/23/131 1516/100/131
f 1502/60/10 1501/37/10 1661/50/10 1662/81/10
f 1416/141/66 1494/140/66 1654/195/66 1577/194/66
f 1364/65/48 1371/51/82 1542/52/8 1541/170/8
f 1432/83/132 1433/13/132 1586/16/132 1585/198/132
f 1461/118/10 1460/7/10 1620/7/10 1621/183/10
f 1392/9/98 1399/97/107 1563/99/222 1564/9/222
f 1495/143/134 1423/142/134 1589/200/134 1655/199/134
f 1363/67/50 1370/44/60 1543/45/212 1544/175/212
f 1500/34/10 1515/5/10 1675/5/10 1660/42/10
f 1430/141/132 1496/147/132 1656/202/132 1590/201/132
f 1340/94/8 1346/25/8 1516/100/8 1518/94/8
f 1459/38/10 1458/41/10 1618/176/10 1619/164/10
f 1404/101/110 1397/2/89 1560/2/10 1562/177/10
f 1497/149/111 1437/148/111 1602/193/111 1657/214/111
f 1375/47/67 1368/58/41 1536/171/10 1538/102/10
f 1433/13/157 1426/139/147 1584/196/10 1586/16/10
f 1339/95/8 1344/28/8 1519/165/8 1520/95/8
f 1396/94/8 1403/106/8 1561/79/8 1559/94/8
f 1444/163/59 1498/108/59 1658/215/59 1601/178/59
f 1367/69/8 1374/68/8 1537/103/8 1535/172/8
f 1425/138/8 1432/83/8 1585/198/8 1583/197/8
f 1338/8/183 1343/39/31 1522/89/8 1521/8/8
f 1457/64/10 1456/66/10 1616/169/10 1617/167/10
f 1395/6/8 1402/115/8 1565/180/8 1566/6/8
f 1499/96/6 1339/95/6 1520/95/6 1659/96/6
f 1366/62/8 1373/61/8 1545/82/8 1546/90/8
f 1424/131/8 1431/130/8 1587/205/8 1588/204/8
f 1394/95/8 1401/109/8 1568/178/8 1567/95/8
f 1423/142/8 1430/141/8 1590/201/8 1589/200/8
f 1455/64/10 1454/41/10 1614/166/10 1615/167/10
f 1393/8/96 1400/119/127 1569/182/8 1570/8/8
f 1498/108/10 1497/149/10 1657/214/10 1658/215/10
f 1422/135/141 1429/134/173 1591/190/8 1592/208/8
f 1421/126/143 1428/123/158 1594/124/234 1593/127/234
f 1453/38/10 1452/7/10 1612/7/10 1613/164/10
f 1496/147/10 1495/143/10 1655/199/10 1656/202/10
f 1342/11/131 1468/31/131 1628/157/131 1610/80/131
f 1354/21/109 1353/26/109 1523/168/109 1524/22/109
f 1382/21/39 1381/87/39 1547/168/39 1548/22/39
f 1469/33/109 1349/32/109 1533/46/109 1629/158/109
f 1494/140/10 1493/111/10 1653/192/10 1654/195/10
f 1356/44/88 1470/74/88 1630/159/88 1534/45/88
f 1411/14/155 1410/107/155 1571/160/155 1572/15/155
f 1471/75/87 1363/67/87 1544/175/87 1631/174/87
f 1492/108/10 1491/96/10 1651/96/10 1652/179/10
f 1676/216/6 1677/217/6 1679/217/6 1678/216/6
f 1678/216/87 1679/217/87 1683/218/87 1682/219/87
f 1682/219/5 1683/218/5 1681/218/5 1680/219/5
f 1680/219/134 1681/218/134 1677/217/134 1676/216/134
f 1678/216/10 1682/219/10 1680/219/10 1676/216/10
f 1683/218/8 1679/217/8 1677/217/8 1681/218/8
f 1692/220/243 1693/221/243 1687/222/244 1686/220/245
f 1696/223/246 1697/224/246 1691/225/247 1690/226/248
f 1694/227/249 1695/228/249 1689/225/250 1688/229/251
f 1698/223/252 1699/230/252 1685/221/253 1684/231/254
f 1701/232/255 1694/227/256 1688/229/257 1698/223/258
f 1700/233/259 1693/221/260 1685/221/261 1699/230/262
f 1697/224/263 1687/222/264 1693/221/260 1700/233/259
f 1696/223/265 1690/226/266 1694/227/256 1701/232/255
f 1690/226/248 1691/225/247 1695/228/267 1694/227/267
f 1684/231/254 1685/221/253 1693/221/243 1692/220/243
f 1686/220/268 1696/223/265 1701/232/255 1692/220/269
f 1691/225/270 1697/224/263 1700/233/259 1695/228/271
f 1695/228/271 1700/233/259 1699/230/262 1689/225/272
f 1692/220/269 1701/232/255 1698/223/258 1684/231/273
f 1688/229/251 1689/225/250 1699/230/274 1698/223/274
f 1686/220/245 1687/222/244 1697/224/275 1696/223/275
f 1710/234/276 1711/235/276 1705/235/277 1704/236/278
f 1714/237/279 1715/238/279 1709/239/280 1708/240/281
f 1712/241/282 1713/242/282 1707/243/283 1706/240/284
f 1716/244/285 1717/245/285 1703/246/286 1702/234/287
f 1719/247/288 1712/241/289 1706/240/290 1716/244/291
f 1718/248/292 1711/235/293 1703/246/294 1717/245/295
f 1715/238/296 1705/235/297 1711/235/293 1718/248/292
f 1714/237/298 1708/240/299 1712/241/289 1719/247/288
f 1708/240/281 1709/239/280 1713/242/300 1712/241/300
f 1702/234/287 1703/246/286 1711/235/276 1710/234/276
f 1704/236/301 1714/237/298 1719/247/288 1710/234/302
f 1709/239/303 1715/238/296 1718/248/292 1713/242/304
f 1713/242/304 1718/248/292 1717/245/295 1707/243/305
f 1710/234/302 1719/247/288 1716/244/291 1702/234/306
f 1706/240/284 1707/243/283 1717/245/307 1716/244/307
f 1704/236/278 1705/235/277 1715/238/308 1714/237/308
f 1728/249/309 1729/250/309 1723/251/310 1722/252/311
f 1732/253/312 1733/254/313 1727/255/314 1726/256/315
f 1730/257/316 1731/258/316 1725/259/317 1724/260/318
f 1734/261/319 1735/262/320 1721/263/321 1720/264/322
f 1737/265/323 1730/257/324 1724/260/325 1734/261/326
f 1736/266/327 1729/250/328 1721/263/329 1735/262/330
f 1733/254/331 1723/251/332 1729/250/328 1736/266/327
f 1732/253/333 1726/256/334 1730/257/324 1737/265/323
f 1726/256/315 1727/255/314 1731/258/335 1730/257/335
f 1720/264/322 1721/263/321 1729/250/309 1728/249/309
f 1722/252/336 1732/253/333 1737/265/323 1728/249/337
f 1727/255/338 1733/254/331 1736/266/327 1731/258/339
f 1731/258/339 1736/266/327 1735/262/330 1725/259/340
f 1728/249/337 1737/265/323 1734/261/326 1720/264/341
f 1724/260/318 1725/259/317 1735/262/320 1734/261/319
f 1722/252/311 1723/251/310 1733/254/313 1732/253/312
f 1746/267/342 1747/268/342 1741/269/343 1740/270/344
f 1750/271/345 1751/272/345 1745/273/346 1744/274/347
f 1748/275/348 1749/276/348 1743/277/349 1742/278/350
f 1752/279/351 1753/280/351 1739/281/352 1738/282/353
f 1755/283/354 1748/275/355 1742/278/356 1752/279/357
f 1754/284/358 1747/268/359 1739/281/360 1753/280/361
f 1751/272/362 1741/269/363 1747/268/359 1754/284/358
f 1750/271/364 1744/274/365 1748/275/355 1755/283/354
f 1744/274/347 1745/273/346 1749/276/366 1748/275/366
f 1738/282/353 1739/281/352 1747/268/342 1746/267/342
f 1740/270/367 1750/271/364 1755/283/354 1746/267/368
f 1745/273/369 1751/272/362 1754/284/358 1749/276/370
f 1749/276/370 1754/284/358 1753/280/361 1743/277/822
f 1746/267/368 1755/283/354 1752/279/357 1738/282/372
f 1742/278/350 1743/277/349 1753/280/373 1752/279/373
f 1740/270/344 1741/269/343 1751/272/374 1750/271/374
f 1764/285/375 1765/286/375 1759/287/376 1758/288/377
f 1768/289/378 1769/290/379 1763/291/380 1762/292/381
f 1766/293/382 1767/294/382 1761/295/383 1760/296/384
f 1770/297/385 1771/298/386 1757/299/387 1756/300/388
f 1773/301/389 1766/293/390 1760/296/391 1770/297/392
f 1772/302/393 1765/286/394 1757/299/395 1771/298/396
f 1769/290/397 1759/287/398 1765/286/394 1772/302/393
f 1768/289/399 1762/292/400 1766/293/390 1773/301/389
f 1762/292/381 1763/291/380 1767/294/401 1766/293/401
f 1756/300/388 1757/299/387 1765/286/375 1764/285/375
f 1758/288/402 1768/289/399 1773/301/389 1764/285/403
f 1763/291/404 1769/290/397 1772/302/393 1767/294/405
f 1767/294/405 1772/302/393 1771/298/396 1761/295/406
f 1764/285/403 1773/301/389 1770/297/392 1756/300/407
f 1760/296/384 1761/295/383 1771/298/386 1770/297/385
f 1758/288/377 1759/287/376 1769/290/379 1768/289/378
f 1782/303/408 1783/304/408 1777/305/409 1776/306/410
f 1786/307/411 1787/308/411 1781/309/412 1780/310/413
f 1784/311/414 1785/312/414 1779/313/415 1778/314/416
f 1788/315/417 1789/316/417 1775/317/418 1774/318/419
f 1791/319/420 1784/311/421 1778/314/422 1788/315/423
f 1790/320/424 1783/304/425 1775/317/426 1789/316/427
f 1787/308/428 1777/305/429 1783/304/425 1790/320/424
f 1786/307/430 1780/310/431 1784/311/421 1791/319/420
f 1780/310/413 1781/309/412 1785/312/432 1784/311/432
f 1774/318/419 1775/317/418 1783/304/408 1782/303/408
f 1776/306/433 1786/307/430 1791/319/420 1782/303/434
f 1781/309/435 1787/308/428 1790/320/424 1785/312/436
f 1785/312/436 1790/320/424 1789/316/427 1779/313/437
f 1782/303/434 1791/319/420 1788/315/423 1774/318/438
f 1778/314/416 1779/313/415 1789/316/439 1788/315/439
f 1776/306/410 1777/305/409 1787/308/440 1786/307/440
f 1800/249/441 1801/250/441 1795/251/442 1794/252/443
f 1804/253/444 1805/254/445 1799/255/446 1798/256/447
f 1802/257/448 1803/258/448 1797/259/449 1796/260/450
f 1806/261/451 1807/262/452 1793/263/453 1792/264/454
f 1809/265/455 1802/257/456 1796/260/457 1806/261/458
f 1808/266/459 1801/250/460 1793/263/461 1807/262/462
f 1805/254/463 1795/251/464 1801/250/460 1808/266/459
f 1804/253/465 1798/256/466 1802/257/456 1809/265/455
f 1798/256/447 1799/255/446 1803/258/467 1802/257/467
f 1792/264/454 1793/263/453 1801/250/441 1800/249/441
f 1794/252/468 1804/253/465 1809/265/455 1800/249/469
f 1799/255/470 1805/254/463 1808/266/459 1803/258/471
f 1803/258/471 1808/266/459 1807/262/462 1797/259/472
f 1800/249/469 1809/265/455 1806/261/458 1792/264/473
f 1796/260/450 1797/259/449 1807/262/452 1806/261/451
f 1794/252/443 1795/251/442 1805/254/445 1804/253/444
f 1818/267/474 1819/268/474 1813/269/475 1812/270/476
f 1822/271/477 1823/272/477 1817/273/478 1816/274/479
f 1820/275/480 1821/276/480 1815/277/481 1814/278/482
f 1824/279/483 1825/280/483 1811/281/484 1810/282/823
f 1827/283/486 1820/275/487 1814/278/488 1824/279/489
f 1826/284/490 1819/268/491 1811/281/492 1825/280/493
f 1823/272/494 1813/269/495 1819/268/491 1826/284/490
f 1822/271/496 1816/274/497 1820/275/487 1827/283/486
f 1816/274/479 1817/273/478 1821/276/498 1820/275/498
f 1810/282/823 1811/281/484 1819/268/474 1818/267/474
f 1812/270/499 1822/271/496 1827/283/486 1818/267/500
f 1817/273/501 1823/272/494 1826/284/490 1821/276/502
f 1821/276/502 1826/284/490 1825/280/493 1815/277/503
f 1818/267/500 1827/283/486 1824/279/489 1810/282/504
f 1814/278/482 1815/277/481 1825/280/505 1824/279/505
f 1812/270/476 1813/269/475 1823/272/506 1822/271/506
usemtl base_material.011
f 1831/1/1 1941/2/2 1837/3/3 1838/4/4
f 1997/5/5 1885/6/5 2056/6/5 2157/5/5
f 1942/7/6 1828/8/6 2011/8/6 2102/7/6
f 1939/9/7 1881/10/8 1832/11/9
f 1903/12/10 1831/1/1 1838/4/4
f 1909/13/11 1901/14/12 2062/15/10 2064/16/10
f 1970/17/10 1969/18/10 2129/19/10 2130/20/10
f 1879/3/13 1872/21/14 2038/22/10 2040/23/10
f 1903/12/10 1838/4/4 1845/24/15
f 1837/3/3 1836/25/16 1843/26/17 1844/21/18
f 1974/27/19 1834/28/20 1841/29/21 1975/30/22
f 1958/31/23 1832/11/9 1839/32/24 1959/33/25
f 1838/4/4 1837/3/3 1844/21/18 1845/24/15
f 1990/34/26 1835/35/27 1842/36/28 1991/37/29
f 1943/38/30 1833/39/31 1840/40/32 1944/41/33
f 1832/11/9 1881/10/8 1839/32/24
f 1877/35/34 1996/34/34 2156/42/34 2046/43/34
f 1839/32/24 1846/44/35 2024/45/36 2023/46/36
f 1845/24/15 1844/21/18 1851/47/37 1852/48/38
f 1995/37/39 1870/36/39 2045/49/39 2155/50/39
f 1840/40/32 1847/51/40 2021/52/8 2022/53/8
f 1839/32/24 1881/10/8 1846/44/35
f 1903/12/10 1845/24/15 1852/48/38
f 1972/54/10 1971/55/10 2131/56/10 2132/57/10
f 1852/48/38 1851/47/37 1858/58/41 1859/59/42
f 1992/60/43 1849/61/44 1856/62/45 1993/63/46
f 1945/64/47 1847/51/40 1854/65/48 1946/66/49
f 1846/44/35 1881/10/8 1853/67/50
f 1903/12/10 1852/48/38 1859/59/42
f 1851/47/37 1850/68/51 1857/69/52 1858/58/41
f 1976/70/53 1848/71/54 1855/72/55 1977/73/56
f 1960/74/57 1846/44/35 1853/67/50 1961/75/58
f 1936/76/59 1937/77/59 2088/78/59 2087/79/59
f 1853/67/50 1881/10/8 1860/44/60
f 1903/12/10 1859/59/42 1866/48/61
f 1867/32/62 1874/11/63 2044/80/64 2043/46/64
f 1863/61/65 1994/60/65 2154/81/65 2035/82/65
f 1908/83/66 1909/13/66 2064/16/66 2063/84/66
f 1859/59/42 1858/58/41 1865/47/67 1866/48/61
f 1841/29/8 1848/71/8 2020/85/8 2019/86/8
f 1903/12/10 1866/48/61 1873/24/68
f 1865/47/67 1864/68/69 1871/87/70 1872/21/14
f 1978/70/71 1862/71/72 1869/88/73 1979/30/74
f 1962/74/75 1860/44/60 1867/32/62 1963/33/76
f 1866/48/61 1865/47/67 1872/21/14 1873/24/68
f 1994/60/77 1863/61/78 1870/36/79 1995/37/80
f 1947/64/81 1861/51/82 1868/40/83 1948/41/84
f 1860/44/60 1881/10/8 1867/32/62
f 1868/40/83 1875/39/85 2041/89/8 2042/53/8
f 1873/24/68 1872/21/14 1879/3/13 1880/4/86
f 1993/63/87 1856/62/87 2036/90/87 2153/91/87
f 1842/36/8 1849/61/8 2017/92/8 2018/49/8
f 1867/32/62 1881/10/8 1874/11/63
f 1903/12/10 1873/24/68 1880/4/86
f 1973/93/6 1939/9/6 2101/9/6 2133/93/6
f 1849/61/88 1992/60/88 2152/81/88 2017/92/88
f 1880/4/86 1879/3/13 1887/2/89 1888/1/90
f 1996/34/91 1877/35/92 1885/6/93 1997/5/94
f 1949/38/95 1875/39/85 1883/8/96 1950/7/97
f 1874/11/63 1881/10/8 1882/9/98
f 1903/12/10 1880/4/86 1888/1/90
f 1879/3/13 1878/25/99 1886/94/100 1887/2/89
f 1980/27/101 1876/28/102 1884/95/103 1981/96/104
f 1964/31/105 1874/11/63 1882/9/98 1965/93/106
f 1882/9/98 1881/10/8 1889/97/107
f 1903/12/10 1888/1/90 1895/98/108
f 1932/97/59 1972/54/59 2132/57/59 2095/99/59
f 1878/25/34 1879/3/34 2040/23/34 2039/100/34
f 1991/37/109 1842/36/109 2018/49/109 2151/50/109
f 1888/1/90 1887/2/89 1894/101/110 1895/98/108
f 1850/68/88 1851/47/88 2016/102/88 2015/103/88
f 1971/55/111 1925/104/111 2096/105/111 2131/56/111
f 1894/101/110 1893/106/112 1900/107/113 1901/14/12
f 1982/108/114 1891/109/115 1898/110/116 1983/111/117
f 1966/54/118 1889/97/107 1896/104/119 1967/112/120
f 1895/98/108 1894/101/110 1901/14/12 1902/113/121
f 1998/114/122 1892/115/123 1899/116/124 1999/117/125
f 1951/118/126 1890/119/127 1897/120/128 1952/121/129
f 1889/97/107 1881/10/8 1896/104/119
f 1903/12/10 1895/98/108 1902/113/121
f 1902/113/121 1901/14/12 1909/13/11 1910/122/130
f 1835/35/131 1990/34/131 2150/42/131 2099/43/131
f 1918/123/132 1970/17/132 2130/20/132 2084/124/132
f 1896/104/119 1881/10/8 1904/123/133
f 1903/12/10 1902/113/121 1910/122/130
f 1974/27/10 1989/96/10 2149/96/10 2134/125/10
f 1969/18/134 1911/126/134 2083/127/134 2129/19/134
f 1904/123/66 1968/128/66 2128/20/66 2071/124/66
f 2000/129/135 1907/130/136 1914/131/137 2001/132/138
f 1953/133/139 1905/134/140 1912/135/141 1954/136/142
f 1904/123/133 1881/10/8 1911/126/143
f 1903/12/10 1910/122/130 1917/137/144
f 1909/13/11 1908/83/145 1915/138/146 1916/139/147
f 1984/140/148 1906/141/149 1913/142/150 1985/143/151
f 1968/128/152 1904/123/133 1911/126/143 1969/18/153
f 1910/122/130 1909/13/11 1916/139/147 1917/137/144
f 1903/12/10 1917/137/144 1924/122/154
f 1976/70/10 1975/30/10 2135/144/10 2136/145/10
f 1967/112/155 1896/104/155 2072/105/155 2127/56/155
f 1889/97/156 1966/54/156 2126/57/156 2053/99/156
f 1917/137/144 1916/139/147 1923/13/157 1924/122/154
f 1978/70/10 1977/73/10 2137/146/10 2138/145/10
f 1965/93/5 1882/9/5 2054/9/5 2125/93/5
f 1911/126/143 1881/10/8 1918/123/158
f 1986/147/159 1920/141/160 1927/148/161 1987/149/162
f 1970/17/163 1918/123/158 1925/104/164 1971/55/165
f 1924/122/154 1923/13/157 1930/150/166 1931/113/167
f 2002/151/168 1921/130/169 1928/152/170 2003/153/171
f 1955/133/172 1919/134/173 1926/154/174 1956/155/175
f 1918/123/158 1881/10/8 1925/104/164
f 1903/12/10 1924/122/154 1931/113/167
f 1923/13/157 1922/83/176 1929/156/177 1930/150/166
f 1931/113/167 1930/150/166 1937/77/178 1938/98/179
f 1874/11/34 1964/31/34 2124/157/34 2044/80/34
f 1980/27/10 1979/30/10 2139/144/10 2140/125/10
f 1925/104/164 1881/10/8 1932/97/180
f 1903/12/10 1931/113/167 1938/98/179
f 1963/33/39 1867/32/39 2043/46/39 2123/158/39
f 1860/44/65 1962/74/65 2122/159/65 2033/45/65
f 1930/150/111 1929/156/111 2085/160/111 2086/15/111
f 1957/161/181 1933/162/182 1828/8/183 1942/7/184
f 1932/97/180 1881/10/8 1939/9/7
f 1903/12/10 1938/98/179 1831/1/1
f 1937/77/178 1936/76/185 1830/94/186 1941/2/2
f 1988/108/187 1934/163/188 1829/95/189 1989/96/190
f 1972/54/191 1932/97/180 1939/9/7 1973/93/192
f 1938/98/179 1937/77/178 1941/2/2 1831/1/1
f 2004/114/193 1935/115/194 1940/6/195 2005/5/196
f 1934/163/188 1957/161/181 1942/7/184 1829/95/189
f 1927/148/161 1956/155/175 1957/161/181 1934/163/188
f 1920/141/160 1955/133/172 1956/155/175 1927/148/161
f 1913/142/150 1954/136/142 1955/133/172 1920/141/160
f 1906/141/149 1953/133/139 1954/136/142 1913/142/150
f 1898/110/116 1952/121/129 1953/133/139 1906/141/149
f 1891/109/115 1951/118/126 1952/121/129 1898/110/116
f 1884/95/103 1950/7/97 1951/118/126 1891/109/115
f 1876/28/102 1949/38/95 1950/7/97 1884/95/103
f 1869/88/73 1948/41/84 1949/38/95 1876/28/102
f 1862/71/72 1947/64/81 1948/41/84 1869/88/73
f 1855/72/55 1946/66/49 1947/64/81 1862/71/72
f 1848/71/54 1945/64/47 1946/66/49 1855/72/55
f 1841/29/21 1944/41/33 1945/64/47 1848/71/54
f 1834/28/20 1943/38/30 1944/41/33 1841/29/21
f 1829/95/189 1942/7/184 1943/38/30 1834/28/20
f 1933/162/182 1972/54/191 1973/93/192 1828/8/183
f 1926/154/174 1971/55/165 1972/54/191 1933/162/182
f 1919/134/173 1970/17/163 1971/55/165 1926/154/174
f 1912/135/141 1969/18/153 1970/17/163 1919/134/173
f 1905/134/140 1968/128/152 1969/18/153 1912/135/141
f 1897/120/128 1967/112/120 1968/128/152 1905/134/140
f 1890/119/127 1966/54/118 1967/112/120 1897/120/128
f 1883/8/96 1965/93/106 1966/54/118 1890/119/127
f 1875/39/85 1964/31/105 1965/93/106 1883/8/96
f 1868/40/83 1963/33/76 1964/31/105 1875/39/85
f 1861/51/82 1962/74/75 1963/33/76 1868/40/83
f 1854/65/48 1961/75/58 1962/74/75 1861/51/82
f 1847/51/40 1960/74/57 1961/75/58 1854/65/48
f 1840/40/32 1959/33/25 1960/74/57 1847/51/40
f 1833/39/31 1958/31/23 1959/33/25 1840/40/32
f 1828/8/183 1973/93/192 1958/31/23 1833/39/31
f 1935/115/194 1988/108/187 1989/96/190 1940/6/195
f 1928/152/170 1987/149/162 1988/108/187 1935/115/194
f 1921/130/169 1986/147/159 1987/149/162 1928/152/170
f 1914/131/137 1985/143/151 1986/147/159 1921/130/169
f 1907/130/136 1984/140/148 1985/143/151 1914/131/137
f 1899/116/124 1983/111/117 1984/140/148 1907/130/136
f 1892/115/123 1982/108/114 1983/111/117 1899/116/124
f 1885/6/93 1981/96/104 1982/108/114 1892/115/123
f 1877/35/92 1980/27/101 1981/96/104 1885/6/93
f 1870/36/79 1979/30/74 1980/27/101 1877/35/92
f 1863/61/78 1978/70/71 1979/30/74 1870/36/79
f 1856/62/45 1977/73/56 1978/70/71 1863/61/78
f 1849/61/44 1976/70/53 1977/73/56 1856/62/45
f 1842/36/28 1975/30/22 1976/70/53 1849/61/44
f 1835/35/27 1974/27/19 1975/30/22 1842/36/28
f 1940/6/195 1989/96/190 1974/27/19 1835/35/27
f 1936/76/185 2004/114/193 2005/5/196 1830/94/186
f 1929/156/177 2003/153/171 2004/114/193 1936/76/185
f 1922/83/176 2002/151/168 2003/153/171 1929/156/177
f 1915/138/146 2001/132/138 2002/151/168 1922/83/176
f 1908/83/145 2000/129/135 2001/132/138 1915/138/146
f 1900/107/113 1999/117/125 2000/129/135 1908/83/145
f 1893/106/112 1998/114/122 1999/117/125 1900/107/113
f 1886/94/100 1997/5/94 1998/114/122 1893/106/112
f 1878/25/99 1996/34/91 1997/5/94 1886/94/100
f 1871/87/70 1995/37/80 1996/34/91 1878/25/99
f 1864/68/69 1994/60/77 1995/37/80 1871/87/70
f 1857/69/52 1993/63/46 1994/60/77 1864/68/69
f 1850/68/51 1992/60/43 1993/63/46 1857/69/52
f 1843/26/17 1991/37/29 1992/60/43 1850/68/51
f 1836/25/16 1990/34/26 1991/37/29 1843/26/17
f 1830/94/186 2005/5/196 1990/34/26 1836/25/16
f 2165/5/197 2098/6/197 2099/43/197 2150/42/197
f 2102/7/198 2011/8/198 2012/89/198 2103/164/198
f 2097/2/824 2008/94/824 2006/100/824 2007/23/824
f 2149/96/200 2010/95/200 2009/165/200 2134/125/200
f 2133/93/201 2101/9/202 2100/80/202 2118/157/201
f 2135/144/203 2019/86/203 2020/85/203 2136/145/203
f 2119/158/204 2023/46/36 2024/45/36 2120/159/204
f 2151/50/205 2018/49/205 2017/92/205 2152/81/205
f 2104/166/206 2022/53/206 2021/52/206 2105/167/206
f 2014/22/207 2013/168/207 2015/103/207 2016/102/207
f 2106/169/825 2031/170/825 2032/52/825 2107/167/825
f 2026/171/209 2025/172/209 2027/103/209 2028/102/209
f 2137/146/210 2030/173/210 2029/85/210 2138/145/210
f 2121/174/211 2034/175/212 2033/45/212 2122/159/211
f 2153/91/213 2036/90/213 2035/82/213 2154/81/213
f 2123/158/214 2043/46/64 2044/80/64 2124/157/214
f 2155/50/215 2045/49/215 2046/43/215 2156/42/215
f 2108/176/216 2042/53/216 2041/89/216 2109/164/216
f 2038/22/217 2037/168/217 2039/100/217 2040/23/217
f 2139/144/218 2048/86/218 2047/165/218 2140/125/218
f 2050/2/219 2049/94/219 2051/79/219 2052/177/219
f 2141/96/220 2057/95/220 2058/178/220 2142/179/220
f 2125/93/221 2054/9/222 2053/99/222 2126/57/221
f 2157/5/223 2056/6/223 2055/180/223 2158/181/223
f 2110/7/224 2060/8/224 2059/182/224 2111/183/224
f 2159/184/225 2065/185/225 2066/186/225 2160/187/225
f 2112/188/226 2069/189/226 2070/190/226 2113/191/226
f 2062/15/227 2061/160/227 2063/84/227 2064/16/227
f 2143/192/228 2068/193/228 2067/194/228 2144/195/228
f 2127/56/229 2072/105/230 2071/124/230 2128/20/229
f 2074/196/231 2073/197/231 2075/198/231 2076/16/231
f 2145/199/232 2079/200/232 2080/201/232 2146/202/232
f 2129/19/233 2083/127/234 2084/124/234 2130/20/233
f 2161/203/235 2078/204/235 2077/205/235 2162/206/235
f 2114/207/236 2082/208/236 2081/190/236 2115/191/236
f 2163/209/237 2089/210/237 2090/180/237 2164/211/237
f 2116/188/238 2093/189/238 2094/212/238 2117/213/238
f 2086/15/239 2085/160/239 2087/79/239 2088/78/239
f 2147/214/240 2092/193/240 2091/178/240 2148/215/240
f 2131/56/241 2096/105/242 2095/99/242 2132/57/241
f 1871/87/8 1878/25/8 2039/100/8 2037/168/8
f 1937/77/178 1930/150/166 2086/15/10 2088/78/10
f 1851/47/37 1844/21/18 2014/22/10 2016/102/10
f 1900/107/8 1908/83/8 2063/84/8 2061/160/8
f 1833/39/131 1943/38/131 2103/164/131 2012/89/131
f 1892/115/156 1998/114/156 2158/181/156 2055/180/156
f 1870/36/8 1877/35/8 2046/43/8 2045/49/8
f 1929/156/8 1936/76/8 2087/79/8 2085/160/8
f 1968/128/10 1967/112/10 2127/56/10 2128/20/10
f 1843/26/8 1850/68/8 2015/103/8 2013/168/8
f 1899/116/8 1907/130/8 2066/186/8 2065/185/8
f 1944/41/109 1840/40/109 2022/53/109 2104/166/109
f 1999/117/155 1899/116/155 2065/185/155 2159/184/155
f 1869/88/8 1876/28/8 2047/165/8 2048/86/8
f 1928/152/8 1935/115/8 2090/180/8 2089/210/8
f 1898/110/8 1906/141/8 2067/194/8 2068/193/8
f 1847/51/88 1945/64/88 2105/167/88 2021/52/88
f 1907/130/66 2000/129/66 2160/187/66 2066/186/66
f 1927/148/8 1934/163/8 2091/178/8 2092/193/8
f 1966/54/10 1965/93/10 2125/93/10 2126/57/10
f 1897/120/128 1905/134/140 2070/190/8 2069/189/8
f 1946/66/87 1854/65/87 2031/170/87 2106/169/87
f 2001/132/134 1914/131/134 2078/204/134 2161/203/134
f 1926/154/174 1933/162/182 2094/212/8 2093/189/8
f 1896/104/119 1904/123/133 2071/124/230 2072/105/230
f 1861/51/65 1947/64/65 2107/167/65 2032/52/65
f 1921/130/132 2002/151/132 2162/206/132 2077/205/132
f 1925/104/164 1932/97/180 2095/99/242 2096/105/242
f 1964/31/10 1963/33/10 2123/158/10 2124/157/10
f 1948/41/39 1868/40/39 2042/53/39 2108/176/39
f 2003/153/111 1928/152/111 2089/210/111 2163/209/111
f 1858/58/87 1857/69/87 2025/172/87 2026/171/87
f 1875/39/34 1949/38/34 2109/164/34 2041/89/34
f 1935/115/59 2004/114/59 2164/211/59 2090/180/59
f 1962/74/10 1961/75/10 2121/174/10 2122/159/10
f 1950/7/5 1883/8/5 2060/8/5 2110/7/5
f 2005/5/6 1940/6/6 2098/6/6 2165/5/6
f 1887/2/5 1886/94/5 2049/94/5 2050/2/5
f 1890/119/156 1951/118/156 2111/183/156 2059/182/156
f 1960/74/10 1959/33/10 2119/158/10 2120/159/10
f 1916/139/134 1915/138/134 2073/197/134 2074/196/134
f 1952/121/155 1897/120/155 2069/189/155 2112/188/155
f 2004/114/10 2003/153/10 2163/209/10 2164/211/10
f 1905/134/66 1953/133/66 2113/191/66 2070/190/66
f 1958/31/10 1973/93/10 2133/93/10 2118/157/10
f 1954/136/134 1912/135/134 2082/208/134 2114/207/134
f 2002/151/10 2001/132/10 2161/203/10 2162/206/10
f 1834/28/131 1974/27/131 2134/125/131 2009/165/131
f 1919/134/132 1955/133/132 2115/191/132 2081/190/132
f 1941/2/6 1830/94/6 2008/94/6 2097/2/6
f 1975/30/109 1841/29/109 2019/86/109 2135/144/109
f 1956/155/111 1926/154/111 2093/189/111 2116/188/111
f 2000/129/10 1999/117/10 2159/184/10 2160/187/10
f 1848/71/88 1976/70/88 2136/145/88 2020/85/88
f 1933/162/59 1957/161/59 2117/213/59 2094/212/59
f 1977/73/87 1855/72/87 2030/173/87 2137/146/87
f 1998/114/10 1997/5/10 2157/5/10 2158/181/10
f 1862/71/65 1978/70/65 2138/145/65 2029/85/65
f 1957/161/10 1956/155/10 2116/188/10 2117/213/10
f 1979/30/39 1869/88/39 2048/86/39 2139/144/39
f 1996/34/10 1995/37/10 2155/50/10 2156/42/10
f 1837/3/3 1941/2/2 2097/2/10 2007/23/10
f 1876/28/34 1980/27/34 2140/125/34 2047/165/34
f 1955/133/10 1954/136/10 2114/207/10 2115/191/10
f 1940/6/8 1835/35/8 2099/43/8 2098/6/8
f 1981/96/5 1884/95/5 2057/95/5 2141/96/5
f 1864/68/65 1865/47/65 2028/102/65 2027/103/65
f 1994/60/10 1993/63/10 2153/91/10 2154/81/10
f 1939/9/7 1832/11/9 2100/80/202 2101/9/202
f 1891/109/156 1982/108/156 2142/179/156 2058/178/156
f 1953/133/10 1952/121/10 2112/188/10 2113/191/10
f 1893/106/156 1894/101/156 2052/177/156 2051/79/156
f 1983/111/155 1898/110/155 2068/193/155 2143/192/155
f 1855/72/8 1862/71/8 2029/85/8 2030/173/8
f 1836/25/131 1837/3/131 2007/23/131 2006/100/131
f 1992/60/10 1991/37/10 2151/50/10 2152/81/10
f 1906/141/66 1984/140/66 2144/195/66 2067/194/66
f 1854/65/48 1861/51/82 2032/52/8 2031/170/8
f 1922/83/132 1923/13/132 2076/16/132 2075/198/132
f 1951/118/10 1950/7/10 2110/7/10 2111/183/10
f 1882/9/98 1889/97/107 2053/99/222 2054/9/222
f 1985/143/134 1913/142/134 2079/200/134 2145/199/134
f 1853/67/50 1860/44/60 2033/45/212 2034/175/212
f 1990/34/10 2005/5/10 2165/5/10 2150/42/10
f 1920/141/132 1986/147/132 2146/202/132 2080/201/132
f 1830/94/8 1836/25/8 2006/100/8 2008/94/8
f 1949/38/10 1948/41/10 2108/176/10 2109/164/10
f 1894/101/110 1887/2/89 2050/2/10 2052/177/10
f 1987/149/111 1927/148/111 2092/193/111 2147/214/111
f 1865/47/67 1858/58/41 2026/171/10 2028/102/10
f 1923/13/157 1916/139/147 2074/196/10 2076/16/10
f 1829/95/8 1834/28/8 2009/165/8 2010/95/8
f 1886/94/8 1893/106/8 2051/79/8 2049/94/8
f 1934/163/59 1988/108/59 2148/215/59 2091/178/59
f 1857/69/8 1864/68/8 2027/103/8 2025/172/8
f 1915/138/8 1922/83/8 2075/198/8 2073/197/8
f 1828/8/183 1833/39/31 2012/89/8 2011/8/8
f 1947/64/10 1946/66/10 2106/169/10 2107/167/10
f 1885/6/8 1892/115/8 2055/180/8 2056/6/8
f 1989/96/6 1829/95/6 2010/95/6 2149/96/6
f 1856/62/8 1863/61/8 2035/82/8 2036/90/8
f 1914/131/8 1921/130/8 2077/205/8 2078/204/8
f 1884/95/8 1891/109/8 2058/178/8 2057/95/8
f 1913/142/8 1920/141/8 2080/201/8 2079/200/8
f 1945/64/10 1944/41/10 2104/166/10 2105/167/10
f 1883/8/96 1890/119/127 2059/182/8 2060/8/8
f 1988/108/10 1987/149/10 2147/214/10 2148/215/10
f 1912/135/141 1919/134/173 2081/190/8 2082/208/8
f 1911/126/143 1918/123/158 2084/124/234 2083/127/234
f 1943/38/10 1942/7/10 2102/7/10 2103/164/10
f 1986/147/10 1985/143/10 2145/199/10 2146/202/10
f 1832/11/131 1958/31/131 2118/157/131 2100/80/131
f 1844/21/109 1843/26/109 2013/168/109 2014/22/109
f 1872/21/39 1871/87/39 2037/168/39 2038/22/39
f 1959/33/109 1839/32/109 2023/46/109 2119/158/109
f 1984/140/10 1983/111/10 2143/192/10 2144/195/10
f 1846/44/88 1960/74/88 2120/159/88 2024/45/88
f 1901/14/155 1900/107/155 2061/160/155 2062/15/155
f 1961/75/87 1853/67/87 2034/175/87 2121/174/87
f 1982/108/10 1981/96/10 2141/96/10 2142/179/10
f 2166/216/6 2167/217/6 2169/217/6 2168/216/6
f 2168/216/87 2169/217/87 2173/218/87 2172/219/87
f 2172/219/5 2173/218/5 2171/218/5 2170/219/5
f 2170/219/134 2171/218/134 2167/217/134 2166/216/134
f 2168/216/10 2172/219/10 2170/219/10 2166/216/10
f 2173/218/8 2169/217/8 2167/217/8 2171/218/8
f 2182/220/243 2183/221/243 2177/222/244 2176/220/245
f 2186/223/246 2187/224/246 2181/225/247 2180/226/248
f 2184/227/249 2185/228/249 2179/225/250 2178/229/251
f 2188/223/826 2189/230/826 2175/221/253 2174/231/254
f 2191/232/255 2184/227/256 2178/229/257 2188/223/258
f 2190/233/259 2183/221/260 2175/221/261 2189/230/262
f 2187/224/263 2177/222/264 2183/221/260 2190/233/259
f 2186/223/265 2180/226/266 2184/227/256 2191/232/255
f 2180/226/248 2181/225/247 2185/228/267 2184/227/267
f 2174/231/254 2175/221/253 2183/221/243 2182/220/243
f 2176/220/268 2186/223/265 2191/232/255 2182/220/269
f 2181/225/270 2187/224/263 2190/233/259 2185/228/271
f 2185/228/271 2190/233/259 2189/230/262 2179/225/272
f 2182/220/269 2191/232/255 2188/223/258 2174/231/273
f 2178/229/251 2179/225/250 2189/230/274 2188/223/274
f 2176/220/245 2177/222/244 2187/224/275 2186/223/275
f 2200/234/276 2201/235/276 2195/235/277 2194/236/278
f 2204/237/279 2205/238/279 2199/239/280 2198/240/281
f 2202/241/282 2203/242/282 2197/243/283 2196/240/284
f 2206/244/827 2207/245/827 2193/246/286 2192/234/287
f 2209/247/288 2202/241/289 2196/240/290 2206/244/291
f 2208/248/292 2201/235/293 2193/246/294 2207/245/295
f 2205/238/296 2195/235/297 2201/235/293 2208/248/292
f 2204/237/298 2198/240/299 2202/241/289 2209/247/288
f 2198/240/281 2199/239/280 2203/242/300 2202/241/300
f 2192/234/287 2193/246/286 2201/235/276 2200/234/276
f 2194/236/301 2204/237/298 2209/247/288 2200/234/302
f 2199/239/303 2205/238/296 2208/248/292 2203/242/304
f 2203/242/304 2208/248/292 2207/245/295 2197/243/305
f 2200/234/302 2209/247/288 2206/244/291 2192/234/306
f 2196/240/284 2197/243/283 2207/245/307 2206/244/307
f 2194/236/278 2195/235/277 2205/238/308 2204/237/308
f 2218/249/309 2219/250/309 2213/251/310 2212/252/311
f 2222/253/312 2223/254/313 2217/255/314 2216/256/315
f 2220/257/316 2221/258/316 2215/259/317 2214/260/318
f 2224/261/319 2225/262/320 2211/263/321 2210/264/322
f 2227/265/323 2220/257/324 2214/260/325 2224/261/326
f 2226/266/327 2219/250/328 2211/263/329 2225/262/330
f 2223/254/331 2213/251/332 2219/250/328 2226/266/327
f 2222/253/333 2216/256/334 2220/257/324 2227/265/323
f 2216/256/315 2217/255/314 2221/258/335 2220/257/335
f 2210/264/322 2211/263/321 2219/250/309 2218/249/309
f 2212/252/336 2222/253/333 2227/265/323 2218/249/337
f 2217/255/338 2223/254/331 2226/266/327 2221/258/339
f 2221/258/339 2226/266/327 2225/262/330 2215/259/340
f 2218/249/337 2227/265/323 2224/261/326 2210/264/341
f 2214/260/318 2215/259/317 2225/262/320 2224/261/319
f 2212/252/311 2213/251/310 2223/254/313 2222/253/312
f 2236/267/342 2237/268/342 2231/269/343 2230/270/344
f 2240/271/345 2241/272/345 2235/273/346 2234/274/347
f 2238/275/348 2239/276/348 2233/277/349 2232/278/350
f 2242/279/351 2243/280/351 2229/281/352 2228/282/353
f 2245/283/354 2238/275/355 2232/278/356 2242/279/357
f 2244/284/358 2237/268/359 2229/281/360 2243/280/361
f 2241/272/362 2231/269/363 2237/268/359 2244/284/358
f 2240/271/364 2234/274/365 2238/275/355 2245/283/354
f 2234/274/347 2235/273/346 2239/276/366 2238/275/366
f 2228/282/353 2229/281/352 2237/268/342 2236/267/342
f 2230/270/367 2240/271/364 2245/283/354 2236/267/368
f 2235/273/369 2241/272/362 2244/284/358 2239/276/370
f 2239/276/370 2244/284/358 2243/280/361 2233/277/822
f 2236/267/368 2245/283/354 2242/279/357 2228/282/372
f 2232/278/350 2233/277/349 2243/280/373 2242/279/373
f 2230/270/344 2231/269/343 2241/272/374 2240/271/374
f 2254/285/375 2255/286/375 2249/287/376 2248/288/377
f 2258/289/378 2259/290/379 2253/291/380 2252/292/381
f 2256/293/382 2257/294/382 2251/295/383 2250/296/384
f 2260/297/385 2261/298/386 2247/299/387 2246/300/388
f 2263/301/389 2256/293/390 2250/296/391 2260/297/392
f 2262/302/393 2255/286/394 2247/299/395 2261/298/396
f 2259/290/397 2249/287/398 2255/286/394 2262/302/393
f 2258/289/399 2252/292/400 2256/293/390 2263/301/389
f 2252/292/381 2253/291/380 2257/294/401 2256/293/401
f 2246/300/388 2247/299/387 2255/286/375 2254/285/375
f 2248/288/402 2258/289/399 2263/301/389 2254/285/403
f 2253/291/404 2259/290/397 2262/302/393 2257/294/405
f 2257/294/405 2262/302/393 2261/298/396 2251/295/406
f 2254/285/403 2263/301/389 2260/297/392 2246/300/407
f 2250/296/384 2251/295/383 2261/298/386 2260/297/385
f 2248/288/377 2249/287/376 2259/290/379 2258/289/378
f 2272/303/408 2273/304/408 2267/305/409 2266/306/410
f 2276/307/411 2277/308/411 2271/309/412 2270/310/413
f 2274/311/414 2275/312/414 2269/313/415 2268/314/416
f 2278/315/417 2279/316/417 2265/317/418 2264/318/419
f 2281/319/420 2274/311/421 2268/314/422 2278/315/423
f 2280/320/424 2273/304/425 2265/317/426 2279/316/427
f 2277/308/428 2267/305/429 2273/304/425 2280/320/424
f 2276/307/430 2270/310/431 2274/311/421 2281/319/420
f 2270/310/413 2271/309/412 2275/312/828 2274/311/828
f 2264/318/419 2265/317/418 2273/304/408 2272/303/408
f 2266/306/433 2276/307/430 2281/319/420 2272/303/434
f 2271/309/435 2277/308/428 2280/320/424 2275/312/436
f 2275/312/436 2280/320/424 2279/316/427 2269/313/437
f 2272/303/434 2281/319/420 2278/315/423 2264/318/438
f 2268/314/416 2269/313/415 2279/316/439 2278/315/439
f 2266/306/410 2267/305/409 2277/308/440 2276/307/440
f 2290/249/441 2291/250/441 2285/251/442 2284/252/443
f 2294/253/444 2295/254/445 2289/255/446 2288/256/447
f 2292/257/448 2293/258/448 2287/259/449 2286/260/450
f 2296/261/451 2297/262/452 2283/263/453 2282/264/454
f 2299/265/455 2292/257/456 2286/260/457 2296/261/458
f 2298/266/459 2291/250/460 2283/263/461 2297/262/462
f 2295/254/463 2285/251/464 2291/250/460 2298/266/459
f 2294/253/465 2288/256/466 2292/257/456 2299/265/455
f 2288/256/447 2289/255/446 2293/258/467 2292/257/467
f 2282/264/454 2283/263/453 2291/250/441 2290/249/441
f 2284/252/468 2294/253/465 2299/265/455 2290/249/469
f 2289/255/470 2295/254/463 2298/266/459 2293/258/471
f 2293/258/471 2298/266/459 2297/262/462 2287/259/472
f 2290/249/469 2299/265/455 2296/261/458 2282/264/473
f 2286/260/450 2287/259/449 2297/262/452 2296/261/451
f 2284/252/443 2285/251/442 2295/254/445 2294/253/444
f 2308/267/474 2309/268/474 2303/269/475 2302/270/476
f 2312/271/477 2313/272/477 2307/273/478 2306/274/479
f 2310/275/480 2311/276/480 2305/277/481 2304/278/482
f 2314/279/483 2315/280/483 2301/281/484 2300/282/823
f 2317/283/486 2310/275/487 2304/278/488 2314/279/489
f 2316/284/490 2309/268/491 2301/281/492 2315/280/493
f 2313/272/494 2303/269/495 2309/268/491 2316/284/490
f 2312/271/496 2306/274/497 2310/275/487 2317/283/486
f 2306/274/479 2307/273/478 2311/276/498 2310/275/498
f 2300/282/823 2301/281/484 2309/268/474 2308/267/474
f 2302/270/499 2312/271/496 2317/283/486 2308/267/500
f 2307/273/501 2313/272/494 2316/284/490 2311/276/502
f 2311/276/502 2316/284/490 2315/280/493 2305/277/503
f 2308/267/500 2317/283/486 2314/279/489 2300/282/504
f 2304/278/482 2305/277/481 2315/280/505 2314/279/505
f 2302/270/476 2303/269/475 2313/272/506 2312/271/506
usemtl base_material.012
f 2321/1/1 2431/2/2 2327/3/3 2328/4/4
f 2487/5/5 2375/6/5 2546/6/5 2647/5/5
f 2432/7/6 2318/8/6 2501/8/6 2592/7/6
f 2429/9/7 2371/10/8 2322/11/9
f 2393/12/10 2321/1/1 2328/4/4
f 2399/13/11 2391/14/12 2552/15/10 2554/16/10
f 2460/17/10 2459/18/10 2619/19/10 2620/20/10
f 2369/3/13 2362/21/14 2528/22/10 2530/23/10
f 2393/12/10 2328/4/4 2335/24/15
f 2327/3/3 2326/25/16 2333/26/17 2334/21/18
f 2464/27/19 2324/28/20 2331/29/21 2465/30/22
f 2448/31/23 2322/11/9 2329/32/24 2449/33/25
f 2328/4/4 2327/3/3 2334/21/18 2335/24/15
f 2480/34/26 2325/35/27 2332/36/28 2481/37/29
f 2433/38/30 2323/39/31 2330/40/32 2434/41/33
f 2322/11/9 2371/10/8 2329/32/24
f 2367/35/34 2486/34/34 2646/42/34 2536/43/34
f 2329/32/24 2336/44/35 2514/45/36 2513/46/36
f 2335/24/15 2334/21/18 2341/47/37 2342/48/38
f 2485/37/39 2360/36/39 2535/49/39 2645/50/39
f 2330/40/32 2337/51/40 2511/52/8 2512/53/8
f 2329/32/24 2371/10/8 2336/44/35
f 2393/12/10 2335/24/15 2342/48/38
f 2462/54/10 2461/55/10 2621/56/10 2622/57/10
f 2342/48/38 2341/47/37 2348/58/41 2349/59/42
f 2482/60/43 2339/61/44 2346/62/45 2483/63/46
f 2435/64/47 2337/51/40 2344/65/48 2436/66/49
f 2336/44/35 2371/10/8 2343/67/50
f 2393/12/10 2342/48/38 2349/59/42
f 2341/47/37 2340/68/51 2347/69/52 2348/58/41
f 2466/70/53 2338/71/54 2345/72/55 2467/73/56
f 2450/74/57 2336/44/35 2343/67/50 2451/75/58
f 2426/76/59 2427/77/59 2578/78/59 2577/79/59
f 2343/67/50 2371/10/8 2350/44/60
f 2393/12/10 2349/59/42 2356/48/61
f 2357/32/62 2364/11/63 2534/80/64 2533/46/64
f 2353/61/65 2484/60/65 2644/81/65 2525/82/65
f 2398/83/66 2399/13/66 2554/16/66 2553/84/66
f 2349/59/42 2348/58/41 2355/47/67 2356/48/61
f 2331/29/8 2338/71/8 2510/85/8 2509/86/8
f 2393/12/10 2356/48/61 2363/24/68
f 2355/47/67 2354/68/69 2361/87/70 2362/21/14
f 2468/70/71 2352/71/72 2359/88/73 2469/30/74
f 2452/74/75 2350/44/60 2357/32/62 2453/33/76
f 2356/48/61 2355/47/67 2362/21/14 2363/24/68
f 2484/60/77 2353/61/78 2360/36/79 2485/37/80
f 2437/64/81 2351/51/82 2358/40/83 2438/41/84
f 2350/44/60 2371/10/8 2357/32/62
f 2358/40/83 2365/39/85 2531/89/8 2532/53/8
f 2363/24/68 2362/21/14 2369/3/13 2370/4/86
f 2483/63/87 2346/62/87 2526/90/87 2643/91/87
f 2332/36/8 2339/61/8 2507/92/8 2508/49/8
f 2357/32/62 2371/10/8 2364/11/63
f 2393/12/10 2363/24/68 2370/4/86
f 2463/93/6 2429/9/6 2591/9/6 2623/93/6
f 2339/61/88 2482/60/88 2642/81/88 2507/92/88
f 2370/4/86 2369/3/13 2377/2/89 2378/1/90
f 2486/34/91 2367/35/92 2375/6/93 2487/5/94
f 2439/38/95 2365/39/85 2373/8/96 2440/7/97
f 2364/11/63 2371/10/8 2372/9/98
f 2393/12/10 2370/4/86 2378/1/90
f 2369/3/13 2368/25/99 2376/94/100 2377/2/89
f 2470/27/101 2366/28/102 2374/95/103 2471/96/104
f 2454/31/105 2364/11/63 2372/9/98 2455/93/106
f 2372/9/98 2371/10/8 2379/97/107
f 2393/12/10 2378/1/90 2385/98/108
f 2422/97/59 2462/54/59 2622/57/59 2585/99/59
f 2368/25/34 2369/3/34 2530/23/34 2529/100/34
f 2481/37/109 2332/36/109 2508/49/109 2641/50/109
f 2378/1/90 2377/2/89 2384/101/110 2385/98/108
f 2340/68/88 2341/47/88 2506/102/88 2505/103/88
f 2461/55/111 2415/104/111 2586/105/111 2621/56/111
f 2384/101/110 2383/106/112 2390/107/113 2391/14/12
f 2472/108/114 2381/109/115 2388/110/116 2473/111/117
f 2456/54/118 2379/97/107 2386/104/119 2457/112/120
f 2385/98/108 2384/101/110 2391/14/12 2392/113/121
f 2488/114/122 2382/115/123 2389/116/124 2489/117/125
f 2441/118/126 2380/119/127 2387/120/128 2442/121/129
f 2379/97/107 2371/10/8 2386/104/119
f 2393/12/10 2385/98/108 2392/113/121
f 2392/113/121 2391/14/12 2399/13/11 2400/122/130
f 2325/35/131 2480/34/131 2640/42/131 2589/43/131
f 2408/123/132 2460/17/132 2620/20/132 2574/124/132
f 2386/104/119 2371/10/8 2394/123/133
f 2393/12/10 2392/113/121 2400/122/130
f 2464/27/10 2479/96/10 2639/96/10 2624/125/10
f 2459/18/134 2401/126/134 2573/127/134 2619/19/134
f 2394/123/66 2458/128/66 2618/20/66 2561/124/66
f 2490/129/135 2397/130/136 2404/131/137 2491/132/138
f 2443/133/139 2395/134/140 2402/135/141 2444/136/142
f 2394/123/133 2371/10/8 2401/126/143
f 2393/12/10 2400/122/130 2407/137/144
f 2399/13/11 2398/83/145 2405/138/146 2406/139/147
f 2474/140/148 2396/141/149 2403/142/150 2475/143/151
f 2458/128/152 2394/123/133 2401/126/143 2459/18/153
f 2400/122/130 2399/13/11 2406/139/147 2407/137/144
f 2393/12/10 2407/137/144 2414/122/154
f 2466/70/10 2465/30/10 2625/144/10 2626/145/10
f 2457/112/155 2386/104/155 2562/105/155 2617/56/155
f 2379/97/156 2456/54/156 2616/57/156 2543/99/156
f 2407/137/144 2406/139/147 2413/13/157 2414/122/154
f 2468/70/10 2467/73/10 2627/146/10 2628/145/10
f 2455/93/5 2372/9/5 2544/9/5 2615/93/5
f 2401/126/143 2371/10/8 2408/123/158
f 2476/147/159 2410/141/160 2417/148/161 2477/149/162
f 2460/17/163 2408/123/158 2415/104/164 2461/55/165
f 2414/122/154 2413/13/157 2420/150/166 2421/113/167
f 2492/151/168 2411/130/169 2418/152/170 2493/153/171
f 2445/133/172 2409/134/173 2416/154/174 2446/155/175
f 2408/123/158 2371/10/8 2415/104/164
f 2393/12/10 2414/122/154 2421/113/167
f 2413/13/157 2412/83/176 2419/156/177 2420/150/166
f 2421/113/167 2420/150/166 2427/77/178 2428/98/179
f 2364/11/34 2454/31/34 2614/157/34 2534/80/34
f 2470/27/10 2469/30/10 2629/144/10 2630/125/10
f 2415/104/164 2371/10/8 2422/97/180
f 2393/12/10 2421/113/167 2428/98/179
f 2453/33/39 2357/32/39 2533/46/39 2613/158/39
f 2350/44/65 2452/74/65 2612/159/65 2523/45/65
f 2420/150/111 2419/156/111 2575/160/111 2576/15/111
f 2447/161/181 2423/162/182 2318/8/183 2432/7/184
f 2422/97/180 2371/10/8 2429/9/7
f 2393/12/10 2428/98/179 2321/1/1
f 2427/77/178 2426/76/185 2320/94/186 2431/2/2
f 2478/108/187 2424/163/188 2319/95/189 2479/96/190
f 2462/54/191 2422/97/180 2429/9/7 2463/93/192
f 2428/98/179 2427/77/178 2431/2/2 2321/1/1
f 2494/114/193 2425/115/194 2430/6/195 2495/5/196
f 2424/163/188 2447/161/181 2432/7/184 2319/95/189
f 2417/148/161 2446/155/175 2447/161/181 2424/163/188
f 2410/141/160 2445/133/172 2446/155/175 2417/148/161
f 2403/142/150 2444/136/142 2445/133/172 2410/141/160
f 2396/141/149 2443/133/139 2444/136/142 2403/142/150
f 2388/110/116 2442/121/129 2443/133/139 2396/141/149
f 2381/109/115 2441/118/126 2442/121/129 2388/110/116
f 2374/95/103 2440/7/97 2441/118/126 2381/109/115
f 2366/28/102 2439/38/95 2440/7/97 2374/95/103
f 2359/88/73 2438/41/84 2439/38/95 2366/28/102
f 2352/71/72 2437/64/81 2438/41/84 2359/88/73
f 2345/72/55 2436/66/49 2437/64/81 2352/71/72
f 2338/71/54 2435/64/47 2436/66/49 2345/72/55
f 2331/29/21 2434/41/33 2435/64/47 2338/71/54
f 2324/28/20 2433/38/30 2434/41/33 2331/29/21
f 2319/95/189 2432/7/184 2433/38/30 2324/28/20
f 2423/162/182 2462/54/191 2463/93/192 2318/8/183
f 2416/154/174 2461/55/165 2462/54/191 2423/162/182
f 2409/134/173 2460/17/163 2461/55/165 2416/154/174
f 2402/135/141 2459/18/153 2460/17/163 2409/134/173
f 2395/134/140 2458/128/152 2459/18/153 2402/135/141
f 2387/120/128 2457/112/120 2458/128/152 2395/134/140
f 2380/119/127 2456/54/118 2457/112/120 2387/120/128
f 2373/8/96 2455/93/106 2456/54/118 2380/119/127
f 2365/39/85 2454/31/105 2455/93/106 2373/8/96
f 2358/40/83 2453/33/76 2454/31/105 2365/39/85
f 2351/51/82 2452/74/75 2453/33/76 2358/40/83
f 2344/65/48 2451/75/58 2452/74/75 2351/51/82
f 2337/51/40 2450/74/57 2451/75/58 2344/65/48
f 2330/40/32 2449/33/25 2450/74/57 2337/51/40
f 2323/39/31 2448/31/23 2449/33/25 2330/40/32
f 2318/8/183 2463/93/192 2448/31/23 2323/39/31
f 2425/115/194 2478/108/187 2479/96/190 2430/6/195
f 2418/152/170 2477/149/162 2478/108/187 2425/115/194
f 2411/130/169 2476/147/159 2477/149/162 2418/152/170
f 2404/131/137 2475/143/151 2476/147/159 2411/130/169
f 2397/130/136 2474/140/148 2475/143/151 2404/131/137
f 2389/116/124 2473/111/117 2474/140/148 2397/130/136
f 2382/115/123 2472/108/114 2473/111/117 2389/116/124
f 2375/6/93 2471/96/104 2472/108/114 2382/115/123
f 2367/35/92 2470/27/101 2471/96/104 2375/6/93
f 2360/36/79 2469/30/74 2470/27/101 2367/35/92
f 2353/61/78 2468/70/71 2469/30/74 2360/36/79
f 2346/62/45 2467/73/56 2468/70/71 2353/61/78
f 2339/61/44 2466/70/53 2467/73/56 2346/62/45
f 2332/36/28 2465/30/22 2466/70/53 2339/61/44
f 2325/35/27 2464/27/19 2465/30/22 2332/36/28
f 2430/6/195 2479/96/190 2464/27/19 2325/35/27
f 2426/76/185 2494/114/193 2495/5/196 2320/94/186
f 2419/156/177 2493/153/171 2494/114/193 2426/76/185
f 2412/83/176 2492/151/168 2493/153/171 2419/156/177
f 2405/138/146 2491/132/138 2492/151/168 2412/83/176
f 2398/83/145 2490/129/135 2491/132/138 2405/138/146
f 2390/107/113 2489/117/125 2490/129/135 2398/83/145
f 2383/106/112 2488/114/122 2489/117/125 2390/107/113
f 2376/94/100 2487/5/94 2488/114/122 2383/106/112
f 2368/25/99 2486/34/91 2487/5/94 2376/94/100
f 2361/87/70 2485/37/80 2486/34/91 2368/25/99
f 2354/68/69 2484/60/77 2485/37/80 2361/87/70
f 2347/69/52 2483/63/46 2484/60/77 2354/68/69
f 2340/68/51 2482/60/43 2483/63/46 2347/69/52
f 2333/26/17 2481/37/29 2482/60/43 2340/68/51
f 2326/25/16 2480/34/26 2481/37/29 2333/26/17
f 2320/94/186 2495/5/196 2480/34/26 2326/25/16
f 2655/5/197 2588/6/197 2589/43/197 2640/42/197
f 2592/7/198 2501/8/198 2502/89/198 2593/164/198
f 2587/2/199 2498/94/199 2496/100/199 2497/23/199
f 2639/96/200 2500/95/200 2499/165/200 2624/125/200
f 2623/93/201 2591/9/202 2590/80/202 2608/157/201
f 2625/144/203 2509/86/203 2510/85/203 2626/145/203
f 2609/158/204 2513/46/36 2514/45/36 2610/159/204
f 2641/50/205 2508/49/205 2507/92/205 2642/81/205
f 2594/166/206 2512/53/206 2511/52/206 2595/167/206
f 2504/22/207 2503/168/207 2505/103/207 2506/102/207
f 2596/169/825 2521/170/825 2522/52/825 2597/167/825
f 2516/171/209 2515/172/209 2517/103/209 2518/102/209
f 2627/146/210 2520/173/210 2519/85/210 2628/145/210
f 2611/174/211 2524/175/212 2523/45/212 2612/159/211
f 2643/91/213 2526/90/213 2525/82/213 2644/81/213
f 2613/158/214 2533/46/64 2534/80/64 2614/157/214
f 2645/50/215 2535/49/215 2536/43/215 2646/42/215
f 2598/176/216 2532/53/216 2531/89/216 2599/164/216
f 2528/22/217 2527/168/217 2529/100/217 2530/23/217
f 2629/144/218 2538/86/218 2537/165/218 2630/125/218
f 2540/2/219 2539/94/219 2541/79/219 2542/177/219
f 2631/96/220 2547/95/220 2548/178/220 2632/179/220
f 2615/93/221 2544/9/222 2543/99/222 2616/57/221
f 2647/5/223 2546/6/223 2545/180/223 2648/181/223
f 2600/7/224 2550/8/224 2549/182/224 2601/183/224
f 2649/184/225 2555/185/225 2556/186/225 2650/187/225
f 2602/188/829 2559/189/829 2560/190/829 2603/191/829
f 2552/15/227 2551/160/227 2553/84/227 2554/16/227
f 2633/192/228 2558/193/228 2557/194/228 2634/195/228
f 2617/56/229 2562/105/230 2561/124/230 2618/20/229
f 2564/196/231 2563/197/231 2565/198/231 2566/16/231
f 2635/199/232 2569/200/232 2570/201/232 2636/202/232
f 2619/19/233 2573/127/234 2574/124/234 2620/20/233
f 2651/203/235 2568/204/235 2567/205/235 2652/206/235
f 2604/207/236 2572/208/236 2571/190/236 2605/191/236
f 2653/209/237 2579/210/237 2580/180/237 2654/211/237
f 2606/188/238 2583/189/238 2584/212/238 2607/213/238
f 2576/15/239 2575/160/239 2577/79/239 2578/78/239
f 2637/214/240 2582/193/240 2581/178/240 2638/215/240
f 2621/56/241 2586/105/242 2585/99/242 2622/57/241
f 2361/87/8 2368/25/8 2529/100/8 2527/168/8
f 2427/77/178 2420/150/166 2576/15/10 2578/78/10
f 2341/47/37 2334/21/18 2504/22/10 2506/102/10
f 2390/107/8 2398/83/8 2553/84/8 2551/160/8
f 2323/39/131 2433/38/131 2593/164/131 2502/89/131
f 2382/115/156 2488/114/156 2648/181/156 2545/180/156
f 2360/36/8 2367/35/8 2536/43/8 2535/49/8
f 2419/156/8 2426/76/8 2577/79/8 2575/160/8
f 2458/128/10 2457/112/10 2617/56/10 2618/20/10
f 2333/26/8 2340/68/8 2505/103/8 2503/168/8
f 2389/116/8 2397/130/8 2556/186/8 2555/185/8
f 2434/41/109 2330/40/109 2512/53/109 2594/166/109
f 2489/117/155 2389/116/155 2555/185/155 2649/184/155
f 2359/88/8 2366/28/8 2537/165/8 2538/86/8
f 2418/152/8 2425/115/8 2580/180/8 2579/210/8
f 2388/110/8 2396/141/8 2557/194/8 2558/193/8
f 2337/51/88 2435/64/88 2595/167/88 2511/52/88
f 2397/130/66 2490/129/66 2650/187/66 2556/186/66
f 2417/148/8 2424/163/8 2581/178/8 2582/193/8
f 2456/54/10 2455/93/10 2615/93/10 2616/57/10
f 2387/120/128 2395/134/140 2560/190/8 2559/189/8
f 2436/66/87 2344/65/87 2521/170/87 2596/169/87
f 2491/132/134 2404/131/134 2568/204/134 2651/203/134
f 2416/154/174 2423/162/182 2584/212/8 2583/189/8
f 2386/104/119 2394/123/133 2561/124/230 2562/105/230
f 2351/51/65 2437/64/65 2597/167/65 2522/52/65
f 2411/130/132 2492/151/132 2652/206/132 2567/205/132
f 2415/104/164 2422/97/180 2585/99/242 2586/105/242
f 2454/31/10 2453/33/10 2613/158/10 2614/157/10
f 2438/41/39 2358/40/39 2532/53/39 2598/176/39
f 2493/153/111 2418/152/111 2579/210/111 2653/209/111
f 2348/58/87 2347/69/87 2515/172/87 2516/171/87
f 2365/39/34 2439/38/34 2599/164/34 2531/89/34
f 2425/115/59 2494/114/59 2654/211/59 2580/180/59
f 2452/74/10 2451/75/10 2611/174/10 2612/159/10
f 2440/7/5 2373/8/5 2550/8/5 2600/7/5
f 2495/5/6 2430/6/6 2588/6/6 2655/5/6
f 2377/2/5 2376/94/5 2539/94/5 2540/2/5
f 2380/119/156 2441/118/156 2601/183/156 2549/182/156
f 2450/74/10 2449/33/10 2609/158/10 2610/159/10
f 2406/139/134 2405/138/134 2563/197/134 2564/196/134
f 2442/121/155 2387/120/155 2559/189/155 2602/188/155
f 2494/114/10 2493/153/10 2653/209/10 2654/211/10
f 2395/134/66 2443/133/66 2603/191/66 2560/190/66
f 2448/31/10 2463/93/10 2623/93/10 2608/157/10
f 2444/136/134 2402/135/134 2572/208/134 2604/207/134
f 2492/151/10 2491/132/10 2651/203/10 2652/206/10
f 2324/28/131 2464/27/131 2624/125/131 2499/165/131
f 2409/134/132 2445/133/132 2605/191/132 2571/190/132
f 2431/2/6 2320/94/6 2498/94/6 2587/2/6
f 2465/30/109 2331/29/109 2509/86/109 2625/144/109
f 2446/155/111 2416/154/111 2583/189/111 2606/188/111
f 2490/129/10 2489/117/10 2649/184/10 2650/187/10
f 2338/71/88 2466/70/88 2626/145/88 2510/85/88
f 2423/162/59 2447/161/59 2607/213/59 2584/212/59
f 2467/73/87 2345/72/87 2520/173/87 2627/146/87
f 2488/114/10 2487/5/10 2647/5/10 2648/181/10
f 2352/71/65 2468/70/65 2628/145/65 2519/85/65
f 2447/161/10 2446/155/10 2606/188/10 2607/213/10
f 2469/30/39 2359/88/39 2538/86/39 2629/144/39
f 2486/34/10 2485/37/10 2645/50/10 2646/42/10
f 2327/3/3 2431/2/2 2587/2/10 2497/23/10
f 2366/28/34 2470/27/34 2630/125/34 2537/165/34
f 2445/133/10 2444/136/10 2604/207/10 2605/191/10
f 2430/6/8 2325/35/8 2589/43/8 2588/6/8
f 2471/96/5 2374/95/5 2547/95/5 2631/96/5
f 2354/68/65 2355/47/65 2518/102/65 2517/103/65
f 2484/60/10 2483/63/10 2643/91/10 2644/81/10
f 2429/9/7 2322/11/9 2590/80/202 2591/9/202
f 2381/109/156 2472/108/156 2632/179/156 2548/178/156
f 2443/133/10 2442/121/10 2602/188/10 2603/191/10
f 2383/106/156 2384/101/156 2542/177/156 2541/79/156
f 2473/111/155 2388/110/155 2558/193/155 2633/192/155
f 2345/72/8 2352/71/8 2519/85/8 2520/173/8
f 2326/25/131 2327/3/131 2497/23/131 2496/100/131
f 2482/60/10 2481/37/10 2641/50/10 2642/81/10
f 2396/141/66 2474/140/66 2634/195/66 2557/194/66
f 2344/65/48 2351/51/82 2522/52/8 2521/170/8
f 2412/83/132 2413/13/132 2566/16/132 2565/198/132
f 2441/118/10 2440/7/10 2600/7/10 2601/183/10
f 2372/9/98 2379/97/107 2543/99/222 2544/9/222
f 2475/143/134 2403/142/134 2569/200/134 2635/199/134
f 2343/67/50 2350/44/60 2523/45/212 2524/175/212
f 2480/34/10 2495/5/10 2655/5/10 2640/42/10
f 2410/141/132 2476/147/132 2636/202/132 2570/201/132
f 2320/94/8 2326/25/8 2496/100/8 2498/94/8
f 2439/38/10 2438/41/10 2598/176/10 2599/164/10
f 2384/101/110 2377/2/89 2540/2/10 2542/177/10
f 2477/149/111 2417/148/111 2582/193/111 2637/214/111
f 2355/47/67 2348/58/41 2516/171/10 2518/102/10
f 2413/13/157 2406/139/147 2564/196/10 2566/16/10
f 2319/95/8 2324/28/8 2499/165/8 2500/95/8
f 2376/94/8 2383/106/8 2541/79/8 2539/94/8
f 2424/163/59 2478/108/59 2638/215/59 2581/178/59
f 2347/69/8 2354/68/8 2517/103/8 2515/172/8
f 2405/138/8 2412/83/8 2565/198/8 2563/197/8
f 2318/8/183 2323/39/31 2502/89/8 2501/8/8
f 2437/64/10 2436/66/10 2596/169/10 2597/167/10
f 2375/6/8 2382/115/8 2545/180/8 2546/6/8
f 2479/96/6 2319/95/6 2500/95/6 2639/96/6
f 2346/62/8 2353/61/8 2525/82/8 2526/90/8
f 2404/131/8 2411/130/8 2567/205/8 2568/204/8
f 2374/95/8 2381/109/8 2548/178/8 2547/95/8
f 2403/142/8 2410/141/8 2570/201/8 2569/200/8
f 2435/64/10 2434/41/10 2594/166/10 2595/167/10
f 2373/8/96 2380/119/127 2549/182/8 2550/8/8
f 2478/108/10 2477/149/10 2637/214/10 2638/215/10
f 2402/135/141 2409/134/173 2571/190/8 2572/208/8
f 2401/126/143 2408/123/158 2574/124/234 2573/127/234
f 2433/38/10 2432/7/10 2592/7/10 2593/164/10
f 2476/147/10 2475/143/10 2635/199/10 2636/202/10
f 2322/11/131 2448/31/131 2608/157/131 2590/80/131
f 2334/21/109 2333/26/109 2503/168/109 2504/22/109
f 2362/21/39 2361/87/39 2527/168/39 2528/22/39
f 2449/33/109 2329/32/109 2513/46/109 2609/158/109
f 2474/140/10 2473/111/10 2633/192/10 2634/195/10
f 2336/44/88 2450/74/88 2610/159/88 2514/45/88
f 2391/14/155 2390/107/155 2551/160/155 2552/15/155
f 2451/75/87 2343/67/87 2524/175/87 2611/174/87
f 2472/108/10 2471/96/10 2631/96/10 2632/179/10
f 2656/216/6 2657/217/6 2659/217/6 2658/216/6
f 2658/216/87 2659/217/87 2663/218/87 2662/219/87
f 2662/219/5 2663/218/5 2661/218/5 2660/219/5
f 2660/219/134 2661/218/134 2657/217/134 2656/216/134
f 2658/216/10 2662/219/10 2660/219/10 2656/216/10
f 2663/218/8 2659/217/8 2657/217/8 2661/218/8
f 2672/220/243 2673/221/243 2667/222/244 2666/220/245
f 2676/223/246 2677/224/246 2671/225/247 2670/226/248
f 2674/227/249 2675/228/249 2669/225/250 2668/229/251
f 2678/223/252 2679/230/252 2665/221/253 2664/231/254
f 2681/232/255 2674/227/256 2668/229/257 2678/223/258
f 2680/233/259 2673/221/260 2665/221/261 2679/230/262
f 2677/224/263 2667/222/264 2673/221/260 2680/233/259
f 2676/223/265 2670/226/266 2674/227/256 2681/232/255
f 2670/226/248 2671/225/247 2675/228/267 2674/227/267
f 2664/231/254 2665/221/253 2673/221/243 2672/220/243
f 2666/220/268 2676/223/265 2681/232/255 2672/220/269
f 2671/225/270 2677/224/263 2680/233/259 2675/228/271
f 2675/228/271 2680/233/259 2679/230/262 2669/225/272
f 2672/220/269 2681/232/255 2678/223/258 2664/231/273
f 2668/229/251 2669/225/250 2679/230/274 2678/223/274
f 2666/220/245 2667/222/244 2677/224/275 2676/223/275
f 2690/234/276 2691/235/276 2685/235/277 2684/236/278
f 2694/237/279 2695/238/279 2689/239/280 2688/240/281
f 2692/241/282 2693/242/282 2687/243/283 2686/240/284
f 2696/244/827 2697/245/827 2683/246/286 2682/234/287
f 2699/247/288 2692/241/289 2686/240/290 2696/244/291
f 2698/248/292 2691/235/293 2683/246/294 2697/245/295
f 2695/238/296 2685/235/297 2691/235/293 2698/248/292
f 2694/237/298 2688/240/299 2692/241/289 2699/247/288
f 2688/240/281 2689/239/280 2693/242/300 2692/241/300
f 2682/234/287 2683/246/286 2691/235/276 2690/234/276
f 2684/236/301 2694/237/298 2699/247/288 2690/234/302
f 2689/239/303 2695/238/296 2698/248/292 2693/242/304
f 2693/242/304 2698/248/292 2697/245/295 2687/243/305
f 2690/234/302 2699/247/288 2696/244/291 2682/234/306
f 2686/240/284 2687/243/283 2697/245/307 2696/244/307
f 2684/236/278 2685/235/277 2695/238/308 2694/237/308
f 2708/249/309 2709/250/309 2703/251/310 2702/252/311
f 2712/253/312 2713/254/313 2707/255/314 2706/256/315
f 2710/257/316 2711/258/316 2705/259/317 2704/260/318
f 2714/261/319 2715/262/320 2701/263/321 2700/264/322
f 2717/265/323 2710/257/324 2704/260/325 2714/261/326
f 2716/266/327 2709/250/328 2701/263/329 2715/262/330
f 2713/254/331 2703/251/332 2709/250/328 2716/266/327
f 2712/253/333 2706/256/334 2710/257/324 2717/265/323
f 2706/256/315 2707/255/314 2711/258/335 2710/257/335
f 2700/264/322 2701/263/321 2709/250/309 2708/249/309
f 2702/252/336 2712/253/333 2717/265/323 2708/249/337
f 2707/255/338 2713/254/331 2716/266/327 2711/258/339
f 2711/258/339 2716/266/327 2715/262/330 2705/259/340
f 2708/249/337 2717/265/323 2714/261/326 2700/264/341
f 2704/260/318 2705/259/317 2715/262/320 2714/261/319
f 2702/252/311 2703/251/310 2713/254/313 2712/253/312
f 2726/267/342 2727/268/342 2721/269/343 2720/270/344
f 2730/271/345 2731/272/345 2725/273/346 2724/274/347
f 2728/275/348 2729/276/348 2723/277/349 2722/278/350
f 2732/279/351 2733/280/351 2719/281/352 2718/282/353
f 2735/283/354 2728/275/355 2722/278/356 2732/279/357
f 2734/284/358 2727/268/359 2719/281/360 2733/280/361
f 2731/272/362 2721/269/363 2727/268/359 2734/284/358
f 2730/271/364 2724/274/365 2728/275/355 2735/283/354
f 2724/274/347 2725/273/346 2729/276/366 2728/275/366
f 2718/282/353 2719/281/352 2727/268/342 2726/267/342
f 2720/270/367 2730/271/364 2735/283/354 2726/267/368
f 2725/273/369 2731/272/362 2734/284/358 2729/276/370
f 2729/276/370 2734/284/358 2733/280/361 2723/277/371
f 2726/267/368 2735/283/354 2732/279/357 2718/282/372
f 2722/278/350 2723/277/349 2733/280/373 2732/279/373
f 2720/270/344 2721/269/343 2731/272/374 2730/271/374
f 2744/285/375 2745/286/375 2739/287/376 2738/288/377
f 2748/289/378 2749/290/379 2743/291/380 2742/292/381
f 2746/293/382 2747/294/382 2741/295/383 2740/296/384
f 2750/297/385 2751/298/386 2737/299/387 2736/300/388
f 2753/301/389 2746/293/390 2740/296/391 2750/297/392
f 2752/302/393 2745/286/394 2737/299/395 2751/298/396
f 2749/290/397 2739/287/398 2745/286/394 2752/302/393
f 2748/289/399 2742/292/400 2746/293/390 2753/301/389
f 2742/292/381 2743/291/380 2747/294/401 2746/293/401
f 2736/300/388 2737/299/387 2745/286/375 2744/285/375
f 2738/288/402 2748/289/399 2753/301/389 2744/285/403
f 2743/291/404 2749/290/397 2752/302/393 2747/294/405
f 2747/294/405 2752/302/393 2751/298/396 2741/295/406
f 2744/285/403 2753/301/389 2750/297/392 2736/300/407
f 2740/296/384 2741/295/383 2751/298/386 2750/297/385
f 2738/288/377 2739/287/376 2749/290/379 2748/289/378
f 2762/303/408 2763/304/408 2757/305/409 2756/306/410
f 2766/307/411 2767/308/411 2761/309/412 2760/310/413
f 2764/311/414 2765/312/414 2759/313/415 2758/314/416
f 2768/315/417 2769/316/417 2755/317/418 2754/318/419
f 2771/319/420 2764/311/421 2758/314/422 2768/315/423
f 2770/320/424 2763/304/425 2755/317/426 2769/316/427
f 2767/308/428 2757/305/429 2763/304/425 2770/320/424
f 2766/307/430 2760/310/431 2764/311/421 2771/319/420
f 2760/310/413 2761/309/412 2765/312/828 2764/311/828
f 2754/318/419 2755/317/418 2763/304/408 2762/303/408
f 2756/306/433 2766/307/430 2771/319/420 2762/303/434
f 2761/309/435 2767/308/428 2770/320/424 2765/312/436
f 2765/312/436 2770/320/424 2769/316/427 2759/313/437
f 2762/303/434 2771/319/420 2768/315/423 2754/318/438
f 2758/314/416 2759/313/415 2769/316/439 2768/315/439
f 2756/306/410 2757/305/409 2767/308/440 2766/307/440
f 2780/249/441 2781/250/441 2775/251/442 2774/252/443
f 2784/253/444 2785/254/445 2779/255/446 2778/256/447
f 2782/257/448 2783/258/448 2777/259/449 2776/260/450
f 2786/261/451 2787/262/452 2773/263/453 2772/264/454
f 2789/265/455 2782/257/456 2776/260/457 2786/261/458
f 2788/266/459 2781/250/460 2773/263/461 2787/262/462
f 2785/254/463 2775/251/464 2781/250/460 2788/266/459
f 2784/253/465 2778/256/466 2782/257/456 2789/265/455
f 2778/256/447 2779/255/446 2783/258/467 2782/257/467
f 2772/264/454 2773/263/453 2781/250/441 2780/249/441
f 2774/252/468 2784/253/465 2789/265/455 2780/249/469
f 2779/255/470 2785/254/463 2788/266/459 2783/258/471
f 2783/258/471 2788/266/459 2787/262/462 2777/259/472
f 2780/249/469 2789/265/455 2786/261/458 2772/264/473
f 2776/260/450 2777/259/449 2787/262/452 2786/261/451
f 2774/252/443 2775/251/442 2785/254/445 2784/253/444
f 2798/267/474 2799/268/474 2793/269/475 2792/270/476
f 2802/271/477 2803/272/477 2797/273/478 2796/274/479
f 2800/275/480 2801/276/480 2795/277/481 2794/278/482
f 2804/279/483 2805/280/483 2791/281/484 2790/282/823
f 2807/283/486 2800/275/487 2794/278/488 2804/279/489
f 2806/284/490 2799/268/491 2791/281/492 2805/280/493
f 2803/272/494 2793/269/495 2799/268/491 2806/284/490
f 2802/271/496 2796/274/497 2800/275/487 2807/283/486
f 2796/274/479 2797/273/478 2801/276/498 2800/275/498
f 2790/282/823 2791/281/484 2799/268/474 2798/267/474
f 2792/270/499 2802/271/496 2807/283/486 2798/267/500
f 2797/273/501 2803/272/494 2806/284/490 2801/276/502
f 2801/276/502 2806/284/490 2805/280/493 2795/277/503
f 2798/267/500 2807/283/486 2804/279/489 2790/282/504
f 2794/278/482 2795/277/481 2805/280/505 2804/279/505
f 2792/270/476 2793/269/475 2803/272/506 2802/271/506
usemtl base_material.014
f 2811/1/1 2921/2/2 2817/3/3 2818/4/4
f 2977/5/5 2865/6/5 3036/6/5 3137/5/5
f 2922/7/6 2808/8/6 2991/8/6 3082/7/6
f 2919/9/7 2861/10/8 2812/11/9
f 2883/12/10 2811/1/1 2818/4/4
f 2889/13/11 2881/14/12 3042/15/10 3044/16/10
f 2950/17/10 2949/18/10 3109/19/10 3110/20/10
f 2859/3/13 2852/21/14 3018/22/10 3020/23/10
f 2883/12/10 2818/4/4 2825/24/15
f 2817/3/3 2816/25/16 2823/26/17 2824/21/18
f 2954/27/19 2814/28/20 2821/29/21 2955/30/22
f 2938/31/23 2812/11/9 2819/32/24 2939/33/25
f 2818/4/4 2817/3/3 2824/21/18 2825/24/15
f 2970/34/26 2815/35/27 2822/36/28 2971/37/29
f 2923/38/30 2813/39/31 2820/40/32 2924/41/33
f 2812/11/9 2861/10/8 2819/32/24
f 2857/35/34 2976/34/34 3136/42/34 3026/43/34
f 2819/32/24 2826/44/35 3004/45/36 3003/46/36
f 2825/24/15 2824/21/18 2831/47/37 2832/48/38
f 2975/37/39 2850/36/39 3025/49/39 3135/50/39
f 2820/40/32 2827/51/40 3001/52/8 3002/53/8
f 2819/32/24 2861/10/8 2826/44/35
f 2883/12/10 2825/24/15 2832/48/38
f 2952/54/10 2951/55/10 3111/56/10 3112/57/10
f 2832/48/38 2831/47/37 2838/58/41 2839/59/42
f 2972/60/43 2829/61/44 2836/62/45 2973/63/46
f 2925/64/47 2827/51/40 2834/65/48 2926/66/49
f 2826/44/35 2861/10/8 2833/67/50
f 2883/12/10 2832/48/38 2839/59/42
f 2831/47/37 2830/68/51 2837/69/52 2838/58/41
f 2956/70/53 2828/71/54 2835/72/55 2957/73/56
f 2940/74/57 2826/44/35 2833/67/50 2941/75/58
f 2916/76/59 2917/77/59 3068/78/59 3067/79/59
f 2833/67/50 2861/10/8 2840/44/60
f 2883/12/10 2839/59/42 2846/48/61
f 2847/32/62 2854/11/63 3024/80/64 3023/46/64
f 2843/61/65 2974/60/65 3134/81/65 3015/82/65
f 2888/83/66 2889/13/66 3044/16/66 3043/84/66
f 2839/59/42 2838/58/41 2845/47/67 2846/48/61
f 2821/29/8 2828/71/8 3000/85/8 2999/86/8
f 2883/12/10 2846/48/61 2853/24/68
f 2845/47/67 2844/68/69 2851/87/70 2852/21/14
f 2958/70/71 2842/71/72 2849/88/73 2959/30/74
f 2942/74/75 2840/44/60 2847/32/62 2943/33/76
f 2846/48/61 2845/47/67 2852/21/14 2853/24/68
f 2974/60/77 2843/61/78 2850/36/818 2975/37/80
f 2927/64/81 2841/51/82 2848/40/83 2928/41/84
f 2840/44/60 2861/10/8 2847/32/62
f 2848/40/83 2855/39/85 3021/89/8 3022/53/8
f 2853/24/68 2852/21/14 2859/3/13 2860/4/86
f 2973/63/87 2836/62/87 3016/90/87 3133/91/87
f 2822/36/8 2829/61/8 2997/92/8 2998/49/8
f 2847/32/62 2861/10/8 2854/11/63
f 2883/12/10 2853/24/68 2860/4/86
f 2953/93/6 2919/9/6 3081/9/6 3113/93/6
f 2829/61/88 2972/60/88 3132/81/88 2997/92/88
f 2860/4/86 2859/3/13 2867/2/89 2868/1/90
f 2976/34/91 2857/35/92 2865/6/93 2977/5/94
f 2929/38/95 2855/39/85 2863/8/96 2930/7/97
f 2854/11/63 2861/10/8 2862/9/98
f 2883/12/10 2860/4/86 2868/1/90
f 2859/3/13 2858/25/99 2866/94/100 2867/2/89
f 2960/27/101 2856/28/102 2864/95/103 2961/96/104
f 2944/31/105 2854/11/63 2862/9/98 2945/93/106
f 2862/9/98 2861/10/8 2869/97/107
f 2883/12/10 2868/1/90 2875/98/108
f 2912/97/59 2952/54/59 3112/57/59 3075/99/59
f 2858/25/34 2859/3/34 3020/23/34 3019/100/34
f 2971/37/109 2822/36/109 2998/49/109 3131/50/109
f 2868/1/90 2867/2/89 2874/101/110 2875/98/108
f 2830/68/88 2831/47/88 2996/102/88 2995/103/88
f 2951/55/111 2905/104/111 3076/105/111 3111/56/111
f 2874/101/110 2873/106/112 2880/107/113 2881/14/12
f 2962/108/114 2871/109/115 2878/110/116 2963/111/117
f 2946/54/118 2869/97/107 2876/104/119 2947/112/120
f 2875/98/108 2874/101/110 2881/14/12 2882/113/121
f 2978/114/122 2872/115/123 2879/116/124 2979/117/125
f 2931/118/126 2870/119/127 2877/120/128 2932/121/129
f 2869/97/107 2861/10/8 2876/104/119
f 2883/12/10 2875/98/108 2882/113/121
f 2882/113/121 2881/14/12 2889/13/11 2890/122/130
f 2815/35/131 2970/34/131 3130/42/131 3079/43/131
f 2898/123/132 2950/17/132 3110/20/132 3064/124/132
f 2876/104/119 2861/10/8 2884/123/133
f 2883/12/10 2882/113/121 2890/122/130
f 2954/27/10 2969/96/10 3129/96/10 3114/125/10
f 2949/18/134 2891/126/134 3063/127/134 3109/19/134
f 2884/123/66 2948/128/66 3108/20/66 3051/124/66
f 2980/129/135 2887/130/136 2894/131/137 2981/132/138
f 2933/133/139 2885/134/140 2892/135/141 2934/136/142
f 2884/123/133 2861/10/8 2891/126/143
f 2883/12/10 2890/122/130 2897/137/144
f 2889/13/11 2888/83/145 2895/138/146 2896/139/147
f 2964/140/148 2886/141/149 2893/142/150 2965/143/151
f 2948/128/152 2884/123/133 2891/126/143 2949/18/153
f 2890/122/130 2889/13/11 2896/139/147 2897/137/144
f 2883/12/10 2897/137/144 2904/122/154
f 2956/70/10 2955/30/10 3115/144/10 3116/145/10
f 2947/112/155 2876/104/155 3052/105/155 3107/56/155
f 2869/97/156 2946/54/156 3106/57/156 3033/99/156
f 2897/137/144 2896/139/147 2903/13/157 2904/122/154
f 2958/70/10 2957/73/10 3117/146/10 3118/145/10
f 2945/93/5 2862/9/5 3034/9/5 3105/93/5
f 2891/126/143 2861/10/8 2898/123/158
f 2966/147/159 2900/141/160 2907/148/161 2967/149/162
f 2950/17/163 2898/123/158 2905/104/164 2951/55/165
f 2904/122/154 2903/13/157 2910/150/166 2911/113/167
f 2982/151/168 2901/130/169 2908/152/170 2983/153/171
f 2935/133/172 2899/134/173 2906/154/174 2936/155/175
f 2898/123/158 2861/10/8 2905/104/164
f 2883/12/10 2904/122/154 2911/113/167
f 2903/13/157 2902/83/176 2909/156/177 2910/150/166
f 2911/113/167 2910/150/166 2917/77/178 2918/98/179
f 2854/11/34 2944/31/34 3104/157/34 3024/80/34
f 2960/27/10 2959/30/10 3119/144/10 3120/125/10
f 2905/104/164 2861/10/8 2912/97/180
f 2883/12/10 2911/113/167 2918/98/179
f 2943/33/39 2847/32/39 3023/46/39 3103/158/39
f 2840/44/65 2942/74/65 3102/159/65 3013/45/65
f 2910/150/111 2909/156/111 3065/160/111 3066/15/111
f 2937/161/181 2913/162/182 2808/8/183 2922/7/184
f 2912/97/180 2861/10/8 2919/9/7
f 2883/12/10 2918/98/179 2811/1/1
f 2917/77/178 2916/76/185 2810/94/186 2921/2/2
f 2968/108/187 2914/163/188 2809/95/189 2969/96/190
f 2952/54/191 2912/97/180 2919/9/7 2953/93/192
f 2918/98/179 2917/77/178 2921/2/2 2811/1/1
f 2984/114/193 2915/115/194 2920/6/195 2985/5/196
f 2914/163/188 2937/161/181 2922/7/184 2809/95/189
f 2907/148/161 2936/155/175 2937/161/181 2914/163/188
f 2900/141/160 2935/133/172 2936/155/175 2907/148/161
f 2893/142/150 2934/136/142 2935/133/172 2900/141/160
f 2886/141/149 2933/133/139 2934/136/142 2893/142/150
f 2878/110/116 2932/121/129 2933/133/139 2886/141/149
f 2871/109/115 2931/118/126 2932/121/129 2878/110/116
f 2864/95/103 2930/7/97 2931/118/126 2871/109/115
f 2856/28/102 2929/38/95 2930/7/97 2864/95/103
f 2849/88/73 2928/41/84 2929/38/95 2856/28/102
f 2842/71/72 2927/64/81 2928/41/84 2849/88/73
f 2835/72/55 2926/66/49 2927/64/81 2842/71/72
f 2828/71/54 2925/64/47 2926/66/49 2835/72/55
f 2821/29/21 2924/41/33 2925/64/47 2828/71/54
f 2814/28/20 2923/38/30 2924/41/33 2821/29/21
f 2809/95/189 2922/7/184 2923/38/30 2814/28/20
f 2913/162/182 2952/54/191 2953/93/192 2808/8/183
f 2906/154/174 2951/55/165 2952/54/191 2913/162/182
f 2899/134/173 2950/17/163 2951/55/165 2906/154/174
f 2892/135/141 2949/18/153 2950/17/163 2899/134/173
f 2885/134/140 2948/128/152 2949/18/153 2892/135/141
f 2877/120/128 2947/112/120 2948/128/152 2885/134/140
f 2870/119/127 2946/54/118 2947/112/120 2877/120/128
f 2863/8/96 2945/93/106 2946/54/118 2870/119/127
f 2855/39/85 2944/31/105 2945/93/106 2863/8/96
f 2848/40/83 2943/33/76 2944/31/105 2855/39/85
f 2841/51/82 2942/74/75 2943/33/76 2848/40/83
f 2834/65/48 2941/75/58 2942/74/75 2841/51/82
f 2827/51/40 2940/74/57 2941/75/58 2834/65/48
f 2820/40/32 2939/33/25 2940/74/57 2827/51/40
f 2813/39/31 2938/31/23 2939/33/25 2820/40/32
f 2808/8/183 2953/93/192 2938/31/23 2813/39/31
f 2915/115/194 2968/108/187 2969/96/190 2920/6/195
f 2908/152/170 2967/149/162 2968/108/187 2915/115/194
f 2901/130/169 2966/147/159 2967/149/162 2908/152/170
f 2894/131/137 2965/143/151 2966/147/159 2901/130/169
f 2887/130/136 2964/140/148 2965/143/151 2894/131/137
f 2879/116/124 2963/111/117 2964/140/148 2887/130/136
f 2872/115/123 2962/108/114 2963/111/117 2879/116/124
f 2865/6/93 2961/96/104 2962/108/114 2872/115/123
f 2857/35/92 2960/27/101 2961/96/104 2865/6/93
f 2850/36/818 2959/30/74 2960/27/101 2857/35/92
f 2843/61/78 2958/70/71 2959/30/74 2850/36/818
f 2836/62/45 2957/73/56 2958/70/71 2843/61/78
f 2829/61/44 2956/70/53 2957/73/56 2836/62/45
f 2822/36/28 2955/30/22 2956/70/53 2829/61/44
f 2815/35/27 2954/27/19 2955/30/22 2822/36/28
f 2920/6/195 2969/96/190 2954/27/19 2815/35/27
f 2916/76/185 2984/114/193 2985/5/196 2810/94/186
f 2909/156/177 2983/153/171 2984/114/193 2916/76/185
f 2902/83/176 2982/151/168 2983/153/171 2909/156/177
f 2895/138/146 2981/132/138 2982/151/168 2902/83/176
f 2888/83/145 2980/129/135 2981/132/138 2895/138/146
f 2880/107/113 2979/117/125 2980/129/135 2888/83/145
f 2873/106/112 2978/114/122 2979/117/125 2880/107/113
f 2866/94/100 2977/5/94 2978/114/122 2873/106/112
f 2858/25/99 2976/34/91 2977/5/94 2866/94/100
f 2851/87/70 2975/37/80 2976/34/91 2858/25/99
f 2844/68/69 2974/60/77 2975/37/80 2851/87/70
f 2837/69/52 2973/63/46 2974/60/77 2844/68/69
f 2830/68/51 2972/60/43 2973/63/46 2837/69/52
f 2823/26/17 2971/37/29 2972/60/43 2830/68/51
f 2816/25/16 2970/34/26 2971/37/29 2823/26/17
f 2810/94/186 2985/5/196 2970/34/26 2816/25/16
f 3145/5/197 3078/6/197 3079/43/197 3130/42/197
f 3082/7/198 2991/8/198 2992/89/198 3083/164/198
f 3077/2/199 2988/94/199 2986/100/199 2987/23/199
f 3129/96/200 2990/95/200 2989/165/200 3114/125/200
f 3113/93/201 3081/9/202 3080/80/202 3098/157/201
f 3115/144/203 2999/86/203 3000/85/203 3116/145/203
f 3099/158/204 3003/46/36 3004/45/36 3100/159/204
f 3131/50/205 2998/49/205 2997/92/205 3132/81/205
f 3084/166/206 3002/53/206 3001/52/206 3085/167/206
f 2994/22/207 2993/168/207 2995/103/207 2996/102/207
f 3086/169/208 3011/170/208 3012/52/208 3087/167/208
f 3006/171/209 3005/172/209 3007/103/209 3008/102/209
f 3117/146/210 3010/173/210 3009/85/210 3118/145/210
f 3101/174/211 3014/175/212 3013/45/212 3102/159/211
f 3133/91/213 3016/90/213 3015/82/213 3134/81/213
f 3103/158/214 3023/46/64 3024/80/64 3104/157/214
f 3135/50/215 3025/49/215 3026/43/215 3136/42/215
f 3088/176/216 3022/53/216 3021/89/216 3089/164/216
f 3018/22/217 3017/168/217 3019/100/217 3020/23/217
f 3119/144/218 3028/86/218 3027/165/218 3120/125/218
f 3030/2/219 3029/94/219 3031/79/219 3032/177/219
f 3121/96/220 3037/95/220 3038/178/220 3122/179/220
f 3105/93/221 3034/9/222 3033/99/222 3106/57/221
f 3137/5/223 3036/6/223 3035/180/223 3138/181/223
f 3090/7/224 3040/8/224 3039/182/224 3091/183/224
f 3139/184/225 3045/185/225 3046/186/225 3140/187/225
f 3092/188/829 3049/189/829 3050/190/829 3093/191/829
f 3042/15/227 3041/160/227 3043/84/227 3044/16/227
f 3123/192/228 3048/193/228 3047/194/228 3124/195/228
f 3107/56/229 3052/105/230 3051/124/230 3108/20/229
f 3054/196/231 3053/197/231 3055/198/231 3056/16/231
f 3125/199/232 3059/200/232 3060/201/232 3126/202/232
f 3109/19/233 3063/127/234 3064/124/234 3110/20/233
f 3141/203/235 3058/204/235 3057/205/235 3142/206/235
f 3094/207/236 3062/208/236 3061/190/236 3095/191/236
f 3143/209/237 3069/210/237 3070/180/237 3144/211/237
f 3096/188/238 3073/189/238 3074/212/238 3097/213/238
f 3066/15/239 3065/160/239 3067/79/239 3068/78/239
f 3127/214/240 3072/193/240 3071/178/240 3128/215/240
f 3111/56/241 3076/105/242 3075/99/242 3112/57/241
f 2851/87/8 2858/25/8 3019/100/8 3017/168/8
f 2917/77/178 2910/150/166 3066/15/10 3068/78/10
f 2831/47/37 2824/21/18 2994/22/10 2996/102/10
f 2880/107/8 2888/83/8 3043/84/8 3041/160/8
f 2813/39/131 2923/38/131 3083/164/131 2992/89/131
f 2872/115/156 2978/114/156 3138/181/156 3035/180/156
f 2850/36/8 2857/35/8 3026/43/8 3025/49/8
f 2909/156/8 2916/76/8 3067/79/8 3065/160/8
f 2948/128/10 2947/112/10 3107/56/10 3108/20/10
f 2823/26/8 2830/68/8 2995/103/8 2993/168/8
f 2879/116/8 2887/130/8 3046/186/8 3045/185/8
f 2924/41/109 2820/40/109 3002/53/109 3084/166/109
f 2979/117/155 2879/116/155 3045/185/155 3139/184/155
f 2849/88/8 2856/28/8 3027/165/8 3028/86/8
f 2908/152/8 2915/115/8 3070/180/8 3069/210/8
f 2878/110/8 2886/141/8 3047/194/8 3048/193/8
f 2827/51/88 2925/64/88 3085/167/88 3001/52/88
f 2887/130/66 2980/129/66 3140/187/66 3046/186/66
f 2907/148/8 2914/163/8 3071/178/8 3072/193/8
f 2946/54/10 2945/93/10 3105/93/10 3106/57/10
f 2877/120/128 2885/134/140 3050/190/8 3049/189/8
f 2926/66/87 2834/65/87 3011/170/87 3086/169/87
f 2981/132/134 2894/131/134 3058/204/134 3141/203/134
f 2906/154/174 2913/162/182 3074/212/8 3073/189/8
f 2876/104/119 2884/123/133 3051/124/230 3052/105/230
f 2841/51/65 2927/64/65 3087/167/65 3012/52/65
f 2901/130/132 2982/151/132 3142/206/132 3057/205/132
f 2905/104/164 2912/97/180 3075/99/242 3076/105/242
f 2944/31/10 2943/33/10 3103/158/10 3104/157/10
f 2928/41/39 2848/40/39 3022/53/39 3088/176/39
f 2983/153/111 2908/152/111 3069/210/111 3143/209/111
f 2838/58/87 2837/69/87 3005/172/87 3006/171/87
f 2855/39/34 2929/38/34 3089/164/34 3021/89/34
f 2915/115/59 2984/114/59 3144/211/59 3070/180/59
f 2942/74/10 2941/75/10 3101/174/10 3102/159/10
f 2930/7/5 2863/8/5 3040/8/5 3090/7/5
f 2985/5/6 2920/6/6 3078/6/6 3145/5/6
f 2867/2/5 2866/94/5 3029/94/5 3030/2/5
f 2870/119/156 2931/118/156 3091/183/156 3039/182/156
f 2940/74/10 2939/33/10 3099/158/10 3100/159/10
f 2896/139/134 2895/138/134 3053/197/134 3054/196/134
f 2932/121/155 2877/120/155 3049/189/155 3092/188/155
f 2984/114/10 2983/153/10 3143/209/10 3144/211/10
f 2885/134/66 2933/133/66 3093/191/66 3050/190/66
f 2938/31/10 2953/93/10 3113/93/10 3098/157/10
f 2934/136/134 2892/135/134 3062/208/134 3094/207/134
f 2982/151/10 2981/132/10 3141/203/10 3142/206/10
f 2814/28/131 2954/27/131 3114/125/131 2989/165/131
f 2899/134/132 2935/133/132 3095/191/132 3061/190/132
f 2921/2/6 2810/94/6 2988/94/6 3077/2/6
f 2955/30/109 2821/29/109 2999/86/109 3115/144/109
f 2936/155/111 2906/154/111 3073/189/111 3096/188/111
f 2980/129/10 2979/117/10 3139/184/10 3140/187/10
f 2828/71/88 2956/70/88 3116/145/88 3000/85/88
f 2913/162/59 2937/161/59 3097/213/59 3074/212/59
f 2957/73/87 2835/72/87 3010/173/87 3117/146/87
f 2978/114/10 2977/5/10 3137/5/10 3138/181/10
f 2842/71/65 2958/70/65 3118/145/65 3009/85/65
f 2937/161/10 2936/155/10 3096/188/10 3097/213/10
f 2959/30/39 2849/88/39 3028/86/39 3119/144/39
f 2976/34/10 2975/37/10 3135/50/10 3136/42/10
f 2817/3/3 2921/2/2 3077/2/10 2987/23/10
f 2856/28/34 2960/27/34 3120/125/34 3027/165/34
f 2935/133/10 2934/136/10 3094/207/10 3095/191/10
f 2920/6/8 2815/35/8 3079/43/8 3078/6/8
f 2961/96/5 2864/95/5 3037/95/5 3121/96/5
f 2844/68/65 2845/47/65 3008/102/65 3007/103/65
f 2974/60/10 2973/63/10 3133/91/10 3134/81/10
f 2919/9/7 2812/11/9 3080/80/202 3081/9/202
f 2871/109/156 2962/108/156 3122/179/156 3038/178/156
f 2933/133/10 2932/121/10 3092/188/10 3093/191/10
f 2873/106/156 2874/101/156 3032/177/156 3031/79/156
f 2963/111/155 2878/110/155 3048/193/155 3123/192/155
f 2835/72/8 2842/71/8 3009/85/8 3010/173/8
f 2816/25/131 2817/3/131 2987/23/131 2986/100/131
f 2972/60/10 2971/37/10 3131/50/10 3132/81/10
f 2886/141/66 2964/140/66 3124/195/66 3047/194/66
f 2834/65/48 2841/51/82 3012/52/8 3011/170/8
f 2902/83/132 2903/13/132 3056/16/132 3055/198/132
f 2931/118/10 2930/7/10 3090/7/10 3091/183/10
f 2862/9/98 2869/97/107 3033/99/222 3034/9/222
f 2965/143/134 2893/142/134 3059/200/134 3125/199/134
f 2833/67/50 2840/44/60 3013/45/212 3014/175/212
f 2970/34/10 2985/5/10 3145/5/10 3130/42/10
f 2900/141/132 2966/147/132 3126/202/132 3060/201/132
f 2810/94/8 2816/25/8 2986/100/8 2988/94/8
f 2929/38/10 2928/41/10 3088/176/10 3089/164/10
f 2874/101/110 2867/2/89 3030/2/10 3032/177/10
f 2967/149/111 2907/148/111 3072/193/111 3127/214/111
f 2845/47/67 2838/58/41 3006/171/10 3008/102/10
f 2903/13/157 2896/139/147 3054/196/10 3056/16/10
f 2809/95/8 2814/28/8 2989/165/8 2990/95/8
f 2866/94/8 2873/106/8 3031/79/8 3029/94/8
f 2914/163/59 2968/108/59 3128/215/59 3071/178/59
f 2837/69/8 2844/68/8 3007/103/8 3005/172/8
f 2895/138/8 2902/83/8 3055/198/8 3053/197/8
f 2808/8/183 2813/39/31 2992/89/8 2991/8/8
f 2927/64/10 2926/66/10 3086/169/10 3087/167/10
f 2865/6/8 2872/115/8 3035/180/8 3036/6/8
f 2969/96/6 2809/95/6 2990/95/6 3129/96/6
f 2836/62/8 2843/61/8 3015/82/8 3016/90/8
f 2894/131/8 2901/130/8 3057/205/8 3058/204/8
f 2864/95/8 2871/109/8 3038/178/8 3037/95/8
f 2893/142/8 2900/141/8 3060/201/8 3059/200/8
f 2925/64/10 2924/41/10 3084/166/10 3085/167/10
f 2863/8/96 2870/119/127 3039/182/8 3040/8/8
f 2968/108/10 2967/149/10 3127/214/10 3128/215/10
f 2892/135/141 2899/134/173 3061/190/8 3062/208/8
f 2891/126/143 2898/123/158 3064/124/234 3063/127/234
f 2923/38/10 2922/7/10 3082/7/10 3083/164/10
f 2966/147/10 2965/143/10 3125/199/10 3126/202/10
f 2812/11/131 2938/31/131 3098/157/131 3080/80/131
f 2824/21/109 2823/26/109 2993/168/109 2994/22/109
f 2852/21/39 2851/87/39 3017/168/39 3018/22/39
f 2939/33/109 2819/32/109 3003/46/109 3099/158/109
f 2964/140/10 2963/111/10 3123/192/10 3124/195/10
f 2826/44/88 2940/74/88 3100/159/88 3004/45/88
f 2881/14/155 2880/107/155 3041/160/155 3042/15/155
f 2941/75/87 2833/67/87 3014/175/87 3101/174/87
f 2962/108/10 2961/96/10 3121/96/10 3122/179/10
f 3146/216/6 3147/217/6 3149/217/6 3148/216/6
f 3148/216/87 3149/217/87 3153/218/87 3152/219/87
f 3152/219/5 3153/218/5 3151/218/5 3150/219/5
f 3150/219/134 3151/218/134 3147/217/134 3146/216/134
f 3148/216/10 3152/219/10 3150/219/10 3146/216/10
f 3153/218/8 3149/217/8 3147/217/8 3151/218/8
f 3162/220/243 3163/221/243 3157/222/244 3156/220/245
f 3166/223/246 3167/224/246 3161/225/247 3160/226/248
f 3164/227/249 3165/228/249 3159/225/250 3158/229/251
f 3168/223/252 3169/230/252 3155/221/253 3154/231/254
f 3171/232/255 3164/227/256 3158/229/257 3168/223/258
f 3170/233/259 3163/221/260 3155/221/261 3169/230/262
f 3167/224/263 3157/222/264 3163/221/260 3170/233/259
f 3166/223/265 3160/226/266 3164/227/256 3171/232/255
f 3160/226/248 3161/225/247 3165/228/267 3164/227/267
f 3154/231/254 3155/221/253 3163/221/243 3162/220/243
f 3156/220/268 3166/223/265 3171/232/255 3162/220/269
f 3161/225/270 3167/224/263 3170/233/259 3165/228/271
f 3165/228/271 3170/233/259 3169/230/262 3159/225/272
f 3162/220/269 3171/232/255 3168/223/258 3154/231/273
f 3158/229/251 3159/225/250 3169/230/274 3168/223/274
f 3156/220/245 3157/222/244 3167/224/275 3166/223/275
f 3180/234/276 3181/235/276 3175/235/277 3174/236/278
f 3184/237/279 3185/238/279 3179/239/280 3178/240/281
f 3182/241/282 3183/242/282 3177/243/283 3176/240/284
f 3186/244/285 3187/245/285 3173/246/286 3172/234/287
f 3189/247/288 3182/241/289 3176/240/290 3186/244/291
f 3188/248/292 3181/235/293 3173/246/294 3187/245/295
f 3185/238/296 3175/235/297 3181/235/293 3188/248/292
f 3184/237/298 3178/240/299 3182/241/289 3189/247/288
f 3178/240/281 3179/239/280 3183/242/300 3182/241/300
f 3172/234/287 3173/246/286 3181/235/276 3180/234/276
f 3174/236/301 3184/237/298 3189/247/288 3180/234/302
f 3179/239/303 3185/238/296 3188/248/292 3183/242/304
f 3183/242/304 3188/248/292 3187/245/295 3177/243/305
f 3180/234/302 3189/247/288 3186/244/291 3172/234/306
f 3176/240/284 3177/243/283 3187/245/307 3186/244/307
f 3174/236/278 3175/235/277 3185/238/308 3184/237/308
f 3198/249/309 3199/250/309 3193/251/310 3192/252/311
f 3202/253/312 3203/254/313 3197/255/314 3196/256/315
f 3200/257/316 3201/258/316 3195/259/317 3194/260/318
f 3204/261/319 3205/262/320 3191/263/321 3190/264/322
f 3207/265/323 3200/257/324 3194/260/325 3204/261/326
f 3206/266/327 3199/250/328 3191/263/329 3205/262/330
f 3203/254/331 3193/251/332 3199/250/328 3206/266/327
f 3202/253/333 3196/256/334 3200/257/324 3207/265/323
f 3196/256/315 3197/255/314 3201/258/335 3200/257/335
f 3190/264/322 3191/263/321 3199/250/309 3198/249/309
f 3192/252/336 3202/253/333 3207/265/323 3198/249/337
f 3197/255/338 3203/254/331 3206/266/327 3201/258/339
f 3201/258/339 3206/266/327 3205/262/330 3195/259/340
f 3198/249/337 3207/265/323 3204/261/326 3190/264/341
f 3194/260/318 3195/259/317 3205/262/320 3204/261/319
f 3192/252/311 3193/251/310 3203/254/313 3202/253/312
f 3216/267/342 3217/268/342 3211/269/343 3210/270/344
f 3220/271/345 3221/272/345 3215/273/346 3214/274/347
f 3218/275/348 3219/276/348 3213/277/349 3212/278/350
f 3222/279/351 3223/280/351 3209/281/352 3208/282/353
f 3225/283/354 3218/275/355 3212/278/356 3222/279/357
f 3224/284/358 3217/268/359 3209/281/360 3223/280/361
f 3221/272/362 3211/269/363 3217/268/359 3224/284/358
f 3220/271/364 3214/274/365 3218/275/355 3225/283/354
f 3214/274/347 3215/273/346 3219/276/366 3218/275/366
f 3208/282/353 3209/281/352 3217/268/342 3216/267/342
f 3210/270/367 3220/271/364 3225/283/354 3216/267/368
f 3215/273/369 3221/272/362 3224/284/358 3219/276/370
f 3219/276/370 3224/284/358 3223/280/361 3213/277/371
f 3216/267/368 3225/283/354 3222/279/357 3208/282/372
f 3212/278/350 3213/277/349 3223/280/373 3222/279/373
f 3210/270/344 3211/269/343 3221/272/374 3220/271/374
f 3234/285/375 3235/286/375 3229/287/376 3228/288/377
f 3238/289/378 3239/290/379 3233/291/380 3232/292/381
f 3236/293/382 3237/294/382 3231/295/383 3230/296/384
f 3240/297/385 3241/298/386 3227/299/387 3226/300/388
f 3243/301/389 3236/293/390 3230/296/391 3240/297/392
f 3242/302/393 3235/286/394 3227/299/395 3241/298/396
f 3239/290/397 3229/287/398 3235/286/394 3242/302/393
f 3238/289/399 3232/292/400 3236/293/390 3243/301/389
f 3232/292/381 3233/291/380 3237/294/401 3236/293/401
f 3226/300/388 3227/299/387 3235/286/375 3234/285/375
f 3228/288/402 3238/289/399 3243/301/389 3234/285/403
f 3233/291/404 3239/290/397 3242/302/393 3237/294/405
f 3237/294/405 3242/302/393 3241/298/396 3231/295/406
f 3234/285/403 3243/301/389 3240/297/392 3226/300/407
f 3230/296/384 3231/295/383 3241/298/386 3240/297/385
f 3228/288/377 3229/287/376 3239/290/379 3238/289/378
f 3252/303/408 3253/304/408 3247/305/409 3246/306/410
f 3256/307/411 3257/308/411 3251/309/412 3250/310/413
f 3254/311/414 3255/312/414 3249/313/415 3248/314/416
f 3258/315/417 3259/316/417 3245/317/418 3244/318/419
f 3261/319/420 3254/311/421 3248/314/422 3258/315/423
f 3260/320/424 3253/304/425 3245/317/426 3259/316/427
f 3257/308/428 3247/305/429 3253/304/425 3260/320/424
f 3256/307/430 3250/310/431 3254/311/421 3261/319/420
f 3250/310/413 3251/309/412 3255/312/432 3254/311/432
f 3244/318/419 3245/317/418 3253/304/408 3252/303/408
f 3246/306/433 3256/307/430 3261/319/420 3252/303/434
f 3251/309/435 3257/308/428 3260/320/424 3255/312/436
f 3255/312/436 3260/320/424 3259/316/427 3249/313/437
f 3252/303/434 3261/319/420 3258/315/423 3244/318/438
f 3248/314/416 3249/313/415 3259/316/439 3258/315/439
f 3246/306/410 3247/305/409 3257/308/440 3256/307/440
f 3270/249/441 3271/250/441 3265/251/442 3264/252/443
f 3274/253/444 3275/254/445 3269/255/446 3268/256/447
f 3272/257/448 3273/258/448 3267/259/449 3266/260/450
f 3276/261/451 3277/262/452 3263/263/453 3262/264/454
f 3279/265/455 3272/257/456 3266/260/457 3276/261/458
f 3278/266/459 3271/250/460 3263/263/461 3277/262/462
f 3275/254/463 3265/251/464 3271/250/460 3278/266/459
f 3274/253/465 3268/256/466 3272/257/456 3279/265/455
f 3268/256/447 3269/255/446 3273/258/467 3272/257/467
f 3262/264/454 3263/263/453 3271/250/441 3270/249/441
f 3264/252/468 3274/253/465 3279/265/455 3270/249/469
f 3269/255/470 3275/254/463 3278/266/459 3273/258/471
f 3273/258/471 3278/266/459 3277/262/462 3267/259/472
f 3270/249/469 3279/265/455 3276/261/458 3262/264/473
f 3266/260/450 3267/259/449 3277/262/452 3276/261/451
f 3264/252/443 3265/251/442 3275/254/445 3274/253/444
f 3288/267/474 3289/268/474 3283/269/475 3282/270/476
f 3292/271/477 3293/272/477 3287/273/478 3286/274/479
f 3290/275/480 3291/276/480 3285/277/481 3284/278/482
f 3294/279/483 3295/280/483 3281/281/484 3280/282/485
f 3297/283/486 3290/275/487 3284/278/488 3294/279/489
f 3296/284/490 3289/268/491 3281/281/492 3295/280/493
f 3293/272/494 3283/269/495 3289/268/491 3296/284/490
f 3292/271/496 3286/274/497 3290/275/487 3297/283/486
f 3286/274/479 3287/273/478 3291/276/498 3290/275/498
f 3280/282/485 3281/281/484 3289/268/474 3288/267/474
f 3282/270/499 3292/271/496 3297/283/486 3288/267/500
f 3287/273/501 3293/272/494 3296/284/490 3291/276/502
f 3291/276/502 3296/284/490 3295/280/493 3285/277/503
f 3288/267/500 3297/283/486 3294/279/489 3280/282/504
f 3284/278/482 3285/277/481 3295/280/505 3294/279/505
f 3282/270/476 3283/269/475 3293/272/506 3292/271/506
usemtl base_material.015
f 3301/1/1 3411/2/2 3307/3/3 3308/4/4
f 3467/5/5 3355/6/5 3526/6/5 3627/5/5
f 3412/7/6 3298/8/6 3481/8/6 3572/7/6
f 3409/9/7 3351/10/8 3302/11/9
f 3373/12/10 3301/1/1 3308/4/4
f 3379/13/11 3371/14/12 3532/15/10 3534/16/10
f 3440/17/10 3439/18/10 3599/19/10 3600/20/10
f 3349/3/13 3342/21/14 3508/22/10 3510/23/10
f 3373/12/10 3308/4/4 3315/24/15
f 3307/3/3 3306/25/16 3313/26/17 3314/21/18
f 3444/27/19 3304/28/20 3311/29/21 3445/30/22
f 3428/31/23 3302/11/9 3309/32/24 3429/33/25
f 3308/4/4 3307/3/3 3314/21/18 3315/24/15
f 3460/34/26 3305/35/27 3312/36/830 3461/37/29
f 3413/38/30 3303/39/31 3310/40/32 3414/41/33
f 3302/11/9 3351/10/8 3309/32/24
f 3347/35/34 3466/34/34 3626/42/34 3516/43/34
f 3309/32/24 3316/44/35 3494/45/36 3493/46/36
f 3315/24/15 3314/21/18 3321/47/37 3322/48/38
f 3465/37/39 3340/36/39 3515/49/39 3625/50/39
f 3310/40/32 3317/51/40 3491/52/8 3492/53/8
f 3309/32/24 3351/10/8 3316/44/35
f 3373/12/10 3315/24/15 3322/48/38
f 3442/54/10 3441/55/10 3601/56/10 3602/57/10
f 3322/48/38 3321/47/37 3328/58/41 3329/59/42
f 3462/60/43 3319/61/44 3326/62/45 3463/63/46
f 3415/64/47 3317/51/40 3324/65/48 3416/66/49
f 3316/44/35 3351/10/8 3323/67/50
f 3373/12/10 3322/48/38 3329/59/42
f 3321/47/37 3320/68/51 3327/69/52 3328/58/41
f 3446/70/53 3318/71/54 3325/72/55 3447/73/56
f 3430/74/57 3316/44/35 3323/67/50 3431/75/58
f 3406/76/59 3407/77/59 3558/78/59 3557/79/59
f 3323/67/50 3351/10/8 3330/44/60
f 3373/12/10 3329/59/42 3336/48/61
f 3337/32/62 3344/11/63 3514/80/64 3513/46/64
f 3333/61/65 3464/60/65 3624/81/65 3505/82/65
f 3378/83/66 3379/13/66 3534/16/66 3533/84/66
f 3329/59/42 3328/58/41 3335/47/67 3336/48/61
f 3311/29/8 3318/71/8 3490/85/8 3489/86/8
f 3373/12/10 3336/48/61 3343/24/68
f 3335/47/67 3334/68/69 3341/87/70 3342/21/14
f 3448/70/71 3332/71/72 3339/88/73 3449/30/74
f 3432/74/75 3330/44/60 3337/32/62 3433/33/76
f 3336/48/61 3335/47/67 3342/21/14 3343/24/68
f 3464/60/77 3333/61/78 3340/36/79 3465/37/80
f 3417/64/81 3331/51/82 3338/40/83 3418/41/84
f 3330/44/60 3351/10/8 3337/32/62
f 3338/40/83 3345/39/85 3511/89/8 3512/53/8
f 3343/24/68 3342/21/14 3349/3/13 3350/4/86
f 3463/63/87 3326/62/87 3506/90/87 3623/91/87
f 3312/36/8 3319/61/8 3487/92/8 3488/49/8
f 3337/32/62 3351/10/8 3344/11/63
f 3373/12/10 3343/24/68 3350/4/86
f 3443/93/6 3409/9/6 3571/9/6 3603/93/6
f 3319/61/88 3462/60/88 3622/81/88 3487/92/88
f 3350/4/86 3349/3/13 3357/2/89 3358/1/90
f 3466/34/91 3347/35/92 3355/6/93 3467/5/94
f 3419/38/95 3345/39/85 3353/8/96 3420/7/97
f 3344/11/63 3351/10/8 3352/9/98
f 3373/12/10 3350/4/86 3358/1/90
f 3349/3/13 3348/25/99 3356/94/100 3357/2/89
f 3450/27/101 3346/28/102 3354/95/103 3451/96/104
f 3434/31/105 3344/11/63 3352/9/98 3435/93/106
f 3352/9/98 3351/10/8 3359/97/107
f 3373/12/10 3358/1/90 3365/98/108
f 3402/97/59 3442/54/59 3602/57/59 3565/99/59
f 3348/25/34 3349/3/34 3510/23/34 3509/100/34
f 3461/37/109 3312/36/109 3488/49/109 3621/50/109
f 3358/1/90 3357/2/89 3364/101/110 3365/98/108
f 3320/68/88 3321/47/88 3486/102/88 3485/103/88
f 3441/55/111 3395/104/111 3566/105/111 3601/56/111
f 3364/101/110 3363/106/112 3370/107/113 3371/14/12
f 3452/108/114 3361/109/115 3368/110/116 3453/111/117
f 3436/54/118 3359/97/107 3366/104/119 3437/112/120
f 3365/98/108 3364/101/110 3371/14/12 3372/113/121
f 3468/114/122 3362/115/123 3369/116/124 3469/117/125
f 3421/118/126 3360/119/127 3367/120/128 3422/121/129
f 3359/97/107 3351/10/8 3366/104/119
f 3373/12/10 3365/98/108 3372/113/121
f 3372/113/121 3371/14/12 3379/13/11 3380/122/130
f 3305/35/131 3460/34/131 3620/42/131 3569/43/131
f 3388/123/132 3440/17/132 3600/20/132 3554/124/132
f 3366/104/119 3351/10/8 3374/123/133
f 3373/12/10 3372/113/121 3380/122/130
f 3444/27/10 3459/96/10 3619/96/10 3604/125/10
f 3439/18/134 3381/126/134 3553/127/134 3599/19/134
f 3374/123/66 3438/128/66 3598/20/66 3541/124/66
f 3470/129/135 3377/130/136 3384/131/137 3471/132/138
f 3423/133/139 3375/134/140 3382/135/141 3424/136/142
f 3374/123/133 3351/10/8 3381/126/143
f 3373/12/10 3380/122/130 3387/137/144
f 3379/13/11 3378/83/145 3385/138/146 3386/139/147
f 3454/140/148 3376/141/149 3383/142/150 3455/143/151
f 3438/128/152 3374/123/133 3381/126/143 3439/18/153
f 3380/122/130 3379/13/11 3386/139/147 3387/137/144
f 3373/12/10 3387/137/144 3394/122/154
f 3446/70/10 3445/30/10 3605/144/10 3606/145/10
f 3437/112/155 3366/104/155 3542/105/155 3597/56/155
f 3359/97/156 3436/54/156 3596/57/156 3523/99/156
f 3387/137/144 3386/139/147 3393/13/157 3394/122/154
f 3448/70/10 3447/73/10 3607/146/10 3608/145/10
f 3435/93/5 3352/9/5 3524/9/5 3595/93/5
f 3381/126/143 3351/10/8 3388/123/158
f 3456/147/159 3390/141/160 3397/148/161 3457/149/162
f 3440/17/163 3388/123/158 3395/104/164 3441/55/165
f 3394/122/154 3393/13/157 3400/150/166 3401/113/167
f 3472/151/168 3391/130/169 3398/152/170 3473/153/171
f 3425/133/172 3389/134/173 3396/154/174 3426/155/175
f 3388/123/158 3351/10/8 3395/104/164
f 3373/12/10 3394/122/154 3401/113/167
f 3393/13/157 3392/83/176 3399/156/177 3400/150/166
f 3401/113/167 3400/150/166 3407/77/178 3408/98/179
f 3344/11/34 3434/31/34 3594/157/34 3514/80/34
f 3450/27/10 3449/30/10 3609/144/10 3610/125/10
f 3395/104/164 3351/10/8 3402/97/180
f 3373/12/10 3401/113/167 3408/98/179
f 3433/33/39 3337/32/39 3513/46/39 3593/158/39
f 3330/44/65 3432/74/65 3592/159/65 3503/45/65
f 3400/150/111 3399/156/111 3555/160/111 3556/15/111
f 3427/161/181 3403/162/182 3298/8/183 3412/7/184
f 3402/97/180 3351/10/8 3409/9/7
f 3373/12/10 3408/98/179 3301/1/1
f 3407/77/178 3406/76/185 3300/94/186 3411/2/2
f 3458/108/187 3404/163/188 3299/95/189 3459/96/190
f 3442/54/191 3402/97/180 3409/9/7 3443/93/192
f 3408/98/179 3407/77/178 3411/2/2 3301/1/1
f 3474/114/193 3405/115/194 3410/6/195 3475/5/196
f 3404/163/188 3427/161/181 3412/7/184 3299/95/189
f 3397/148/161 3426/155/175 3427/161/181 3404/163/188
f 3390/141/160 3425/133/172 3426/155/175 3397/148/161
f 3383/142/150 3424/136/142 3425/133/172 3390/141/160
f 3376/141/149 3423/133/139 3424/136/142 3383/142/150
f 3368/110/116 3422/121/129 3423/133/139 3376/141/149
f 3361/109/115 3421/118/126 3422/121/129 3368/110/116
f 3354/95/103 3420/7/97 3421/118/126 3361/109/115
f 3346/28/102 3419/38/95 3420/7/97 3354/95/103
f 3339/88/73 3418/41/84 3419/38/95 3346/28/102
f 3332/71/72 3417/64/81 3418/41/84 3339/88/73
f 3325/72/55 3416/66/49 3417/64/81 3332/71/72
f 3318/71/54 3415/64/47 3416/66/49 3325/72/55
f 3311/29/21 3414/41/33 3415/64/47 3318/71/54
f 3304/28/20 3413/38/30 3414/41/33 3311/29/21
f 3299/95/189 3412/7/184 3413/38/30 3304/28/20
f 3403/162/182 3442/54/191 3443/93/192 3298/8/183
f 3396/154/174 3441/55/165 3442/54/191 3403/162/182
f 3389/134/173 3440/17/163 3441/55/165 3396/154/174
f 3382/135/141 3439/18/153 3440/17/163 3389/134/173
f 3375/134/140 3438/128/152 3439/18/153 3382/135/141
f 3367/120/128 3437/112/120 3438/128/152 3375/134/140
f 3360/119/127 3436/54/118 3437/112/120 3367/120/128
f 3353/8/96 3435/93/106 3436/54/118 3360/119/127
f 3345/39/85 3434/31/105 3435/93/106 3353/8/96
f 3338/40/83 3433/33/76 3434/31/105 3345/39/85
f 3331/51/82 3432/74/75 3433/33/76 3338/40/83
f 3324/65/48 3431/75/58 3432/74/75 3331/51/82
f 3317/51/40 3430/74/57 3431/75/58 3324/65/48
f 3310/40/32 3429/33/25 3430/74/57 3317/51/40
f 3303/39/31 3428/31/23 3429/33/25 3310/40/32
f 3298/8/183 3443/93/192 3428/31/23 3303/39/31
f 3405/115/194 3458/108/187 3459/96/190 3410/6/195
f 3398/152/170 3457/149/162 3458/108/187 3405/115/194
f 3391/130/169 3456/147/159 3457/149/162 3398/152/170
f 3384/131/137 3455/143/151 3456/147/159 3391/130/169
f 3377/130/136 3454/140/148 3455/143/151 3384/131/137
f 3369/116/124 3453/111/117 3454/140/148 3377/130/136
f 3362/115/123 3452/108/114 3453/111/117 3369/116/124
f 3355/6/93 3451/96/104 3452/108/114 3362/115/123
f 3347/35/92 3450/27/101 3451/96/104 3355/6/93
f 3340/36/79 3449/30/74 3450/27/101 3347/35/92
f 3333/61/78 3448/70/71 3449/30/74 3340/36/79
f 3326/62/45 3447/73/56 3448/70/71 3333/61/78
f 3319/61/44 3446/70/53 3447/73/56 3326/62/45
f 3312/36/830 3445/30/22 3446/70/53 3319/61/44
f 3305/35/27 3444/27/19 3445/30/22 3312/36/830
f 3410/6/195 3459/96/190 3444/27/19 3305/35/27
f 3406/76/185 3474/114/193 3475/5/196 3300/94/186
f 3399/156/177 3473/153/171 3474/114/193 3406/76/185
f 3392/83/176 3472/151/168 3473/153/171 3399/156/177
f 3385/138/146 3471/132/138 3472/151/168 3392/83/176
f 3378/83/145 3470/129/135 3471/132/138 3385/138/146
f 3370/107/113 3469/117/125 3470/129/135 3378/83/145
f 3363/106/112 3468/114/122 3469/117/125 3370/107/113
f 3356/94/100 3467/5/94 3468/114/122 3363/106/112
f 3348/25/99 3466/34/91 3467/5/94 3356/94/100
f 3341/87/70 3465/37/80 3466/34/91 3348/25/99
f 3334/68/69 3464/60/77 3465/37/80 3341/87/70
f 3327/69/52 3463/63/46 3464/60/77 3334/68/69
f 3320/68/51 3462/60/43 3463/63/46 3327/69/52
f 3313/26/17 3461/37/29 3462/60/43 3320/68/51
f 3306/25/16 3460/34/26 3461/37/29 3313/26/17
f 3300/94/186 3475/5/196 3460/34/26 3306/25/16
f 3635/5/197 3568/6/197 3569/43/197 3620/42/197
f 3572/7/198 3481/8/198 3482/89/198 3573/164/198
f 3567/2/199 3478/94/199 3476/100/199 3477/23/199
f 3619/96/200 3480/95/200 3479/165/200 3604/125/200
f 3603/93/201 3571/9/202 3570/80/202 3588/157/201
f 3605/144/203 3489/86/203 3490/85/203 3606/145/203
f 3589/158/204 3493/46/36 3494/45/36 3590/159/204
f 3621/50/205 3488/49/205 3487/92/205 3622/81/205
f 3574/166/206 3492/53/206 3491/52/206 3575/167/206
f 3484/22/207 3483/168/207 3485/103/207 3486/102/207
f 3576/169/208 3501/170/208 3502/52/208 3577/167/208
f 3496/171/209 3495/172/209 3497/103/209 3498/102/209
f 3607/146/210 3500/173/210 3499/85/210 3608/145/210
f 3591/174/211 3504/175/212 3503/45/212 3592/159/211
f 3623/91/213 3506/90/213 3505/82/213 3624/81/213
f 3593/158/214 3513/46/64 3514/80/64 3594/157/214
f 3625/50/215 3515/49/215 3516/43/215 3626/42/215
f 3578/176/216 3512/53/216 3511/89/216 3579/164/216
f 3508/22/217 3507/168/217 3509/100/217 3510/23/217
f 3609/144/218 3518/86/218 3517/165/218 3610/125/218
f 3520/2/219 3519/94/219 3521/79/219 3522/177/219
f 3611/96/220 3527/95/220 3528/178/220 3612/179/220
f 3595/93/221 3524/9/222 3523/99/222 3596/57/221
f 3627/5/223 3526/6/223 3525/180/223 3628/181/223
f 3580/7/224 3530/8/224 3529/182/224 3581/183/224
f 3629/184/225 3535/185/225 3536/186/225 3630/187/225
f 3582/188/226 3539/189/226 3540/190/226 3583/191/226
f 3532/15/227 3531/160/227 3533/84/227 3534/16/227
f 3613/192/228 3538/193/228 3537/194/228 3614/195/228
f 3597/56/229 3542/105/230 3541/124/230 3598/20/229
f 3544/196/231 3543/197/231 3545/198/231 3546/16/231
f 3615/199/232 3549/200/232 3550/201/232 3616/202/232
f 3599/19/233 3553/127/234 3554/124/234 3600/20/233
f 3631/203/235 3548/204/235 3547/205/235 3632/206/235
f 3584/207/236 3552/208/236 3551/190/236 3585/191/236
f 3633/209/237 3559/210/237 3560/180/237 3634/211/237
f 3586/188/238 3563/189/238 3564/212/238 3587/213/238
f 3556/15/239 3555/160/239 3557/79/239 3558/78/239
f 3617/214/240 3562/193/240 3561/178/240 3618/215/240
f 3601/56/241 3566/105/242 3565/99/242 3602/57/241
f 3341/87/8 3348/25/8 3509/100/8 3507/168/8
f 3407/77/178 3400/150/166 3556/15/10 3558/78/10
f 3321/47/37 3314/21/18 3484/22/10 3486/102/10
f 3370/107/8 3378/83/8 3533/84/8 3531/160/8
f 3303/39/131 3413/38/131 3573/164/131 3482/89/131
f 3362/115/156 3468/114/156 3628/181/156 3525/180/156
f 3340/36/8 3347/35/8 3516/43/8 3515/49/8
f 3399/156/8 3406/76/8 3557/79/8 3555/160/8
f 3438/128/10 3437/112/10 3597/56/10 3598/20/10
f 3313/26/8 3320/68/8 3485/103/8 3483/168/8
f 3369/116/8 3377/130/8 3536/186/8 3535/185/8
f 3414/41/109 3310/40/109 3492/53/109 3574/166/109
f 3469/117/155 3369/116/155 3535/185/155 3629/184/155
f 3339/88/8 3346/28/8 3517/165/8 3518/86/8
f 3398/152/8 3405/115/8 3560/180/8 3559/210/8
f 3368/110/8 3376/141/8 3537/194/8 3538/193/8
f 3317/51/88 3415/64/88 3575/167/88 3491/52/88
f 3377/130/66 3470/129/66 3630/187/66 3536/186/66
f 3397/148/8 3404/163/8 3561/178/8 3562/193/8
f 3436/54/10 3435/93/10 3595/93/10 3596/57/10
f 3367/120/128 3375/134/140 3540/190/8 3539/189/8
f 3416/66/87 3324/65/87 3501/170/87 3576/169/87
f 3471/132/134 3384/131/134 3548/204/134 3631/203/134
f 3396/154/174 3403/162/182 3564/212/8 3563/189/8
f 3366/104/119 3374/123/133 3541/124/230 3542/105/230
f 3331/51/65 3417/64/65 3577/167/65 3502/52/65
f 3391/130/132 3472/151/132 3632/206/132 3547/205/132
f 3395/104/164 3402/97/180 3565/99/242 3566/105/242
f 3434/31/10 3433/33/10 3593/158/10 3594/157/10
f 3418/41/39 3338/40/39 3512/53/39 3578/176/39
f 3473/153/111 3398/152/111 3559/210/111 3633/209/111
f 3328/58/87 3327/69/87 3495/172/87 3496/171/87
f 3345/39/34 3419/38/34 3579/164/34 3511/89/34
f 3405/115/59 3474/114/59 3634/211/59 3560/180/59
f 3432/74/10 3431/75/10 3591/174/10 3592/159/10
f 3420/7/5 3353/8/5 3530/8/5 3580/7/5
f 3475/5/6 3410/6/6 3568/6/6 3635/5/6
f 3357/2/5 3356/94/5 3519/94/5 3520/2/5
f 3360/119/156 3421/118/156 3581/183/156 3529/182/156
f 3430/74/10 3429/33/10 3589/158/10 3590/159/10
f 3386/139/134 3385/138/134 3543/197/134 3544/196/134
f 3422/121/155 3367/120/155 3539/189/155 3582/188/155
f 3474/114/10 3473/153/10 3633/209/10 3634/211/10
f 3375/134/66 3423/133/66 3583/191/66 3540/190/66
f 3428/31/10 3443/93/10 3603/93/10 3588/157/10
f 3424/136/134 3382/135/134 3552/208/134 3584/207/134
f 3472/151/10 3471/132/10 3631/203/10 3632/206/10
f 3304/28/131 3444/27/131 3604/125/131 3479/165/131
f 3389/134/132 3425/133/132 3585/191/132 3551/190/132
f 3411/2/6 3300/94/6 3478/94/6 3567/2/6
f 3445/30/109 3311/29/109 3489/86/109 3605/144/109
f 3426/155/111 3396/154/111 3563/189/111 3586/188/111
f 3470/129/10 3469/117/10 3629/184/10 3630/187/10
f 3318/71/88 3446/70/88 3606/145/88 3490/85/88
f 3403/162/59 3427/161/59 3587/213/59 3564/212/59
f 3447/73/87 3325/72/87 3500/173/87 3607/146/87
f 3468/114/10 3467/5/10 3627/5/10 3628/181/10
f 3332/71/65 3448/70/65 3608/145/65 3499/85/65
f 3427/161/10 3426/155/10 3586/188/10 3587/213/10
f 3449/30/39 3339/88/39 3518/86/39 3609/144/39
f 3466/34/10 3465/37/10 3625/50/10 3626/42/10
f 3307/3/3 3411/2/2 3567/2/10 3477/23/10
f 3346/28/34 3450/27/34 3610/125/34 3517/165/34
f 3425/133/10 3424/136/10 3584/207/10 3585/191/10
f 3410/6/8 3305/35/8 3569/43/8 3568/6/8
f 3451/96/5 3354/95/5 3527/95/5 3611/96/5
f 3334/68/65 3335/47/65 3498/102/65 3497/103/65
f 3464/60/10 3463/63/10 3623/91/10 3624/81/10
f 3409/9/7 3302/11/9 3570/80/202 3571/9/202
f 3361/109/156 3452/108/156 3612/179/156 3528/178/156
f 3423/133/10 3422/121/10 3582/188/10 3583/191/10
f 3363/106/156 3364/101/156 3522/177/156 3521/79/156
f 3453/111/155 3368/110/155 3538/193/155 3613/192/155
f 3325/72/8 3332/71/8 3499/85/8 3500/173/8
f 3306/25/131 3307/3/131 3477/23/131 3476/100/131
f 3462/60/10 3461/37/10 3621/50/10 3622/81/10
f 3376/141/66 3454/140/66 3614/195/66 3537/194/66
f 3324/65/48 3331/51/82 3502/52/8 3501/170/8
f 3392/83/132 3393/13/132 3546/16/132 3545/198/132
f 3421/118/10 3420/7/10 3580/7/10 3581/183/10
f 3352/9/98 3359/97/107 3523/99/222 3524/9/222
f 3455/143/134 3383/142/134 3549/200/134 3615/199/134
f 3323/67/50 3330/44/60 3503/45/212 3504/175/212
f 3460/34/10 3475/5/10 3635/5/10 3620/42/10
f 3390/141/132 3456/147/132 3616/202/132 3550/201/132
f 3300/94/8 3306/25/8 3476/100/8 3478/94/8
f 3419/38/10 3418/41/10 3578/176/10 3579/164/10
f 3364/101/110 3357/2/89 3520/2/10 3522/177/10
f 3457/149/111 3397/148/111 3562/193/111 3617/214/111
f 3335/47/67 3328/58/41 3496/171/10 3498/102/10
f 3393/13/157 3386/139/147 3544/196/10 3546/16/10
f 3299/95/8 3304/28/8 3479/165/8 3480/95/8
f 3356/94/8 3363/106/8 3521/79/8 3519/94/8
f 3404/163/59 3458/108/59 3618/215/59 3561/178/59
f 3327/69/8 3334/68/8 3497/103/8 3495/172/8
f 3385/138/8 3392/83/8 3545/198/8 3543/197/8
f 3298/8/183 3303/39/31 3482/89/8 3481/8/8
f 3417/64/10 3416/66/10 3576/169/10 3577/167/10
f 3355/6/8 3362/115/8 3525/180/8 3526/6/8
f 3459/96/6 3299/95/6 3480/95/6 3619/96/6
f 3326/62/8 3333/61/8 3505/82/8 3506/90/8
f 3384/131/8 3391/130/8 3547/205/8 3548/204/8
f 3354/95/8 3361/109/8 3528/178/8 3527/95/8
f 3383/142/8 3390/141/8 3550/201/8 3549/200/8
f 3415/64/10 3414/41/10 3574/166/10 3575/167/10
f 3353/8/96 3360/119/127 3529/182/8 3530/8/8
f 3458/108/10 3457/149/10 3617/214/10 3618/215/10
f 3382/135/141 3389/134/173 3551/190/8 3552/208/8
f 3381/126/143 3388/123/158 3554/124/234 3553/127/234
f 3413/38/10 3412/7/10 3572/7/10 3573/164/10
f 3456/147/10 3455/143/10 3615/199/10 3616/202/10
f 3302/11/131 3428/31/131 3588/157/131 3570/80/131
f 3314/21/109 3313/26/109 3483/168/109 3484/22/109
f 3342/21/39 3341/87/39 3507/168/39 3508/22/39
f 3429/33/109 3309/32/109 3493/46/109 3589/158/109
f 3454/140/10 3453/111/10 3613/192/10 3614/195/10
f 3316/44/88 3430/74/88 3590/159/88 3494/45/88
f 3371/14/155 3370/107/155 3531/160/155 3532/15/155
f 3431/75/87 3323/67/87 3504/175/87 3591/174/87
f 3452/108/10 3451/96/10 3611/96/10 3612/179/10
f 3636/216/6 3637/217/6 3639/217/6 3638/216/6
f 3638/216/87 3639/217/87 3643/218/87 3642/219/87
f 3642/219/5 3643/218/5 3641/218/5 3640/219/5
f 3640/219/134 3641/218/134 3637/217/134 3636/216/134
f 3638/216/10 3642/219/10 3640/219/10 3636/216/10
f 3643/218/8 3639/217/8 3637/217/8 3641/218/8
f 3652/220/243 3653/221/243 3647/222/244 3646/220/245
f 3656/223/246 3657/224/246 3651/225/247 3650/226/248
f 3654/227/249 3655/228/249 3649/225/250 3648/229/251
f 3658/223/826 3659/230/826 3645/221/253 3644/231/254
f 3661/232/255 3654/227/256 3648/229/257 3658/223/258
f 3660/233/259 3653/221/260 3645/221/261 3659/230/262
f 3657/224/263 3647/222/264 3653/221/260 3660/233/259
f 3656/223/265 3650/226/266 3654/227/256 3661/232/255
f 3650/226/248 3651/225/247 3655/228/267 3654/227/267
f 3644/231/254 3645/221/253 3653/221/243 3652/220/243
f 3646/220/268 3656/223/265 3661/232/255 3652/220/269
f 3651/225/270 3657/224/263 3660/233/259 3655/228/271
f 3655/228/271 3660/233/259 3659/230/262 3649/225/272
f 3652/220/269 3661/232/255 3658/223/258 3644/231/273
f 3648/229/251 3649/225/250 3659/230/274 3658/223/274
f 3646/220/245 3647/222/244 3657/224/275 3656/223/275
f 3670/234/276 3671/235/276 3665/235/277 3664/236/278
f 3674/237/279 3675/238/279 3669/239/280 3668/240/281
f 3672/241/282 3673/242/282 3667/243/283 3666/240/284
f 3676/244/827 3677/245/827 3663/246/286 3662/234/287
f 3679/247/288 3672/241/289 3666/240/290 3676/244/291
f 3678/248/292 3671/235/293 3663/246/294 3677/245/295
f 3675/238/296 3665/235/297 3671/235/293 3678/248/292
f 3674/237/298 3668/240/299 3672/241/289 3679/247/288
f 3668/240/281 3669/239/280 3673/242/300 3672/241/300
f 3662/234/287 3663/246/286 3671/235/276 3670/234/276
f 3664/236/301 3674/237/298 3679/247/288 3670/234/302
f 3669/239/303 3675/238/296 3678/248/292 3673/242/304
f 3673/242/304 3678/248/292 3677/245/295 3667/243/305
f 3670/234/302 3679/247/288 3676/244/291 3662/234/306
f 3666/240/284 3667/243/283 3677/245/307 3676/244/307
f 3664/236/278 3665/235/277 3675/238/308 3674/237/308
f 3688/249/309 3689/250/309 3683/251/310 3682/252/311
f 3692/253/312 3693/254/313 3687/255/314 3686/256/315
f 3690/257/316 3691/258/316 3685/259/317 3684/260/318
f 3694/261/319 3695/262/320 3681/263/321 3680/264/322
f 3697/265/323 3690/257/324 3684/260/325 3694/261/326
f 3696/266/327 3689/250/328 3681/263/329 3695/262/330
f 3693/254/331 3683/251/332 3689/250/328 3696/266/327
f 3692/253/333 3686/256/334 3690/257/324 3697/265/323
f 3686/256/315 3687/255/314 3691/258/335 3690/257/335
f 3680/264/322 3681/263/321 3689/250/309 3688/249/309
f 3682/252/336 3692/253/333 3697/265/323 3688/249/337
f 3687/255/338 3693/254/331 3696/266/327 3691/258/339
f 3691/258/339 3696/266/327 3695/262/330 3685/259/340
f 3688/249/337 3697/265/323 3694/261/326 3680/264/341
f 3684/260/318 3685/259/317 3695/262/320 3694/261/319
f 3682/252/311 3683/251/310 3693/254/313 3692/253/312
f 3706/267/342 3707/268/342 3701/269/343 3700/270/344
f 3710/271/345 3711/272/345 3705/273/346 3704/274/347
f 3708/275/348 3709/276/348 3703/277/349 3702/278/350
f 3712/279/351 3713/280/351 3699/281/352 3698/282/353
f 3715/283/354 3708/275/355 3702/278/831 3712/279/357
f 3714/284/358 3707/268/359 3699/281/360 3713/280/361
f 3711/272/362 3701/269/363 3707/268/359 3714/284/358
f 3710/271/364 3704/274/365 3708/275/355 3715/283/354
f 3704/274/347 3705/273/346 3709/276/366 3708/275/366
f 3698/282/353 3699/281/352 3707/268/342 3706/267/342
f 3700/270/367 3710/271/364 3715/283/354 3706/267/368
f 3705/273/369 3711/272/362 3714/284/358 3709/276/370
f 3709/276/370 3714/284/358 3713/280/361 3703/277/371
f 3706/267/368 3715/283/354 3712/279/357 3698/282/372
f 3702/278/350 3703/277/349 3713/280/373 3712/279/373
f 3700/270/344 3701/269/343 3711/272/374 3710/271/374
f 3724/285/375 3725/286/375 3719/287/376 3718/288/377
f 3728/289/378 3729/290/379 3723/291/380 3722/292/381
f 3726/293/382 3727/294/382 3721/295/383 3720/296/384
f 3730/297/385 3731/298/386 3717/299/387 3716/300/388
f 3733/301/389 3726/293/390 3720/296/391 3730/297/392
f 3732/302/393 3725/286/394 3717/299/395 3731/298/396
f 3729/290/397 3719/287/398 3725/286/394 3732/302/393
f 3728/289/399 3722/292/400 3726/293/390 3733/301/389
f 3722/292/381 3723/291/380 3727/294/401 3726/293/401
f 3716/300/388 3717/299/387 3725/286/375 3724/285/375
f 3718/288/402 3728/289/399 3733/301/389 3724/285/403
f 3723/291/404 3729/290/397 3732/302/393 3727/294/405
f 3727/294/405 3732/302/393 3731/298/396 3721/295/406
f 3724/285/403 3733/301/389 3730/297/392 3716/300/407
f 3720/296/384 3721/295/383 3731/298/386 3730/297/385
f 3718/288/377 3719/287/376 3729/290/379 3728/289/378
f 3742/303/408 3743/304/408 3737/305/409 3736/306/410
f 3746/307/411 3747/308/411 3741/309/412 3740/310/413
f 3744/311/414 3745/312/414 3739/313/415 3738/314/416
f 3748/315/417 3749/316/417 3735/317/418 3734/318/419
f 3751/319/420 3744/311/421 3738/314/422 3748/315/423
f 3750/320/424 3743/304/425 3735/317/426 3749/316/427
f 3747/308/428 3737/305/429 3743/304/425 3750/320/424
f 3746/307/430 3740/310/431 3744/311/421 3751/319/420
f 3740/310/413 3741/309/412 3745/312/432 3744/311/432
f 3734/318/419 3735/317/418 3743/304/408 3742/303/408
f 3736/306/433 3746/307/430 3751/319/420 3742/303/434
f 3741/309/435 3747/308/428 3750/320/424 3745/312/436
f 3745/312/436 3750/320/424 3749/316/427 3739/313/437
f 3742/303/434 3751/319/420 3748/315/423 3734/318/438
f 3738/314/416 3739/313/415 3749/316/439 3748/315/439
f 3736/306/410 3737/305/409 3747/308/440 3746/307/440
f 3760/249/441 3761/250/441 3755/251/442 3754/252/443
f 3764/253/444 3765/254/445 3759/255/446 3758/256/447
f 3762/257/448 3763/258/448 3757/259/449 3756/260/450
f 3766/261/451 3767/262/832 3753/263/453 3752/264/454
f 3769/265/455 3762/257/456 3756/260/457 3766/261/458
f 3768/266/459 3761/250/460 3753/263/461 3767/262/462
f 3765/254/463 3755/251/464 3761/250/460 3768/266/459
f 3764/253/465 3758/256/466 3762/257/456 3769/265/455
f 3758/256/447 3759/255/446 3763/258/467 3762/257/467
f 3752/264/454 3753/263/453 3761/250/441 3760/249/441
f 3754/252/468 3764/253/465 3769/265/455 3760/249/469
f 3759/255/470 3765/254/463 3768/266/459 3763/258/471
f 3763/258/471 3768/266/459 3767/262/462 3757/259/472
f 3760/249/469 3769/265/455 3766/261/458 3752/264/473
f 3756/260/450 3757/259/449 3767/262/832 3766/261/451
f 3754/252/443 3755/251/442 3765/254/445 3764/253/444
f 3778/267/474 3779/268/474 3773/269/475 3772/270/476
f 3782/271/477 3783/272/477 3777/273/478 3776/274/479
f 3780/275/480 3781/276/480 3775/277/481 3774/278/482
f 3784/279/483 3785/280/483 3771/281/484 3770/282/485
f 3787/283/486 3780/275/487 3774/278/488 3784/279/489
f 3786/284/490 3779/268/491 3771/281/492 3785/280/493
f 3783/272/494 3773/269/495 3779/268/491 3786/284/490
f 3782/271/496 3776/274/497 3780/275/487 3787/283/486
f 3776/274/479 3777/273/478 3781/276/498 3780/275/498
f 3770/282/485 3771/281/484 3779/268/474 3778/267/474
f 3772/270/499 3782/271/496 3787/283/486 3778/267/500
f 3777/273/501 3783/272/494 3786/284/490 3781/276/502
f 3781/276/502 3786/284/490 3785/280/493 3775/277/503
f 3778/267/500 3787/283/486 3784/279/489 3770/282/504
f 3774/278/482 3775/277/481 3785/280/505 3784/279/505
f 3772/270/476 3773/269/475 3783/272/506 3782/271/506
usemtl base_material.016
f 3791/1/1 3901/2/2 3797/3/3 3798/4/4
f 3957/5/5 3845/6/5 4016/6/5 4117/5/5
f 3902/7/6 3788/8/6 3971/8/6 4062/7/6
f 3899/9/7 3841/10/8 3792/11/9
f 3863/12/10 3791/1/1 3798/4/4
f 3869/13/11 3861/14/12 4022/15/10 4024/16/10
f 3930/17/10 3929/18/10 4089/19/10 4090/20/10
f 3839/3/13 3832/21/14 3998/22/10 4000/23/10
f 3863/12/10 3798/4/4 3805/24/15
f 3797/3/3 3796/25/16 3803/26/17 3804/21/18
f 3934/27/19 3794/28/20 3801/29/21 3935/30/22
f 3918/31/23 3792/11/9 3799/32/24 3919/33/25
f 3798/4/4 3797/3/3 3804/21/18 3805/24/15
f 3950/34/26 3795/35/27 3802/36/830 3951/37/29
f 3903/38/30 3793/39/31 3800/40/32 3904/41/33
f 3792/11/9 3841/10/8 3799/32/24
f 3837/35/34 3956/34/34 4116/42/34 4006/43/34
f 3799/32/24 3806/44/35 3984/45/36 3983/46/36
f 3805/24/15 3804/21/18 3811/47/37 3812/48/38
f 3955/37/39 3830/36/39 4005/49/39 4115/50/39
f 3800/40/32 3807/51/40 3981/52/8 3982/53/8
f 3799/32/24 3841/10/8 3806/44/35
f 3863/12/10 3805/24/15 3812/48/38
f 3932/54/10 3931/55/10 4091/56/10 4092/57/10
f 3812/48/38 3811/47/37 3818/58/41 3819/59/42
f 3952/60/43 3809/61/44 3816/62/45 3953/63/46
f 3905/64/47 3807/51/40 3814/65/48 3906/66/49
f 3806/44/35 3841/10/8 3813/67/50
f 3863/12/10 3812/48/38 3819/59/42
f 3811/47/37 3810/68/51 3817/69/52 3818/58/41
f 3936/70/53 3808/71/54 3815/72/55 3937/73/56
f 3920/74/57 3806/44/35 3813/67/50 3921/75/58
f 3896/76/59 3897/77/59 4048/78/59 4047/79/59
f 3813/67/50 3841/10/8 3820/44/60
f 3863/12/10 3819/59/42 3826/48/61
f 3827/32/62 3834/11/63 4004/80/64 4003/46/64
f 3823/61/65 3954/60/65 4114/81/65 3995/82/65
f 3868/83/66 3869/13/66 4024/16/66 4023/84/66
f 3819/59/42 3818/58/41 3825/47/67 3826/48/61
f 3801/29/8 3808/71/8 3980/85/8 3979/86/8
f 3863/12/10 3826/48/61 3833/24/68
f 3825/47/67 3824/68/69 3831/87/70 3832/21/14
f 3938/70/71 3822/71/72 3829/88/73 3939/30/74
f 3922/74/75 3820/44/60 3827/32/62 3923/33/76
f 3826/48/61 3825/47/67 3832/21/14 3833/24/68
f 3954/60/77 3823/61/78 3830/36/79 3955/37/80
f 3907/64/81 3821/51/82 3828/40/83 3908/41/84
f 3820/44/60 3841/10/8 3827/32/62
f 3828/40/83 3835/39/85 4001/89/8 4002/53/8
f 3833/24/68 3832/21/14 3839/3/13 3840/4/86
f 3953/63/87 3816/62/87 3996/90/87 4113/91/87
f 3802/36/8 3809/61/8 3977/92/8 3978/49/8
f 3827/32/62 3841/10/8 3834/11/63
f 3863/12/10 3833/24/68 3840/4/86
f 3933/93/6 3899/9/6 4061/9/6 4093/93/6
f 3809/61/88 3952/60/88 4112/81/88 3977/92/88
f 3840/4/86 3839/3/13 3847/2/89 3848/1/90
f 3956/34/91 3837/35/92 3845/6/93 3957/5/94
f 3909/38/95 3835/39/85 3843/8/96 3910/7/97
f 3834/11/63 3841/10/8 3842/9/98
f 3863/12/10 3840/4/86 3848/1/90
f 3839/3/13 3838/25/99 3846/94/100 3847/2/89
f 3940/27/101 3836/28/102 3844/95/103 3941/96/104
f 3924/31/105 3834/11/63 3842/9/98 3925/93/106
f 3842/9/98 3841/10/8 3849/97/107
f 3863/12/10 3848/1/90 3855/98/108
f 3892/97/59 3932/54/59 4092/57/59 4055/99/59
f 3838/25/34 3839/3/34 4000/23/34 3999/100/34
f 3951/37/109 3802/36/109 3978/49/109 4111/50/109
f 3848/1/90 3847/2/89 3854/101/110 3855/98/108
f 3810/68/88 3811/47/88 3976/102/88 3975/103/88
f 3931/55/111 3885/104/111 4056/105/111 4091/56/111
f 3854/101/110 3853/106/112 3860/107/113 3861/14/12
f 3942/108/114 3851/109/115 3858/110/116 3943/111/117
f 3926/54/118 3849/97/107 3856/104/119 3927/112/120
f 3855/98/108 3854/101/110 3861/14/12 3862/113/121
f 3958/114/122 3852/115/123 3859/116/124 3959/117/125
f 3911/118/126 3850/119/127 3857/120/128 3912/121/129
f 3849/97/107 3841/10/8 3856/104/119
f 3863/12/10 3855/98/108 3862/113/121
f 3862/113/121 3861/14/12 3869/13/11 3870/122/130
f 3795/35/131 3950/34/131 4110/42/131 4059/43/131
f 3878/123/132 3930/17/132 4090/20/132 4044/124/132
f 3856/104/119 3841/10/8 3864/123/133
f 3863/12/10 3862/113/121 3870/122/130
f 3934/27/10 3949/96/10 4109/96/10 4094/125/10
f 3929/18/134 3871/126/134 4043/127/134 4089/19/134
f 3864/123/66 3928/128/66 4088/20/66 4031/124/66
f 3960/129/135 3867/130/136 3874/131/137 3961/132/138
f 3913/133/139 3865/134/140 3872/135/141 3914/136/142
f 3864/123/133 3841/10/8 3871/126/143
f 3863/12/10 3870/122/130 3877/137/144
f 3869/13/11 3868/83/145 3875/138/146 3876/139/147
f 3944/140/148 3866/141/149 3873/142/150 3945/143/151
f 3928/128/152 3864/123/133 3871/126/143 3929/18/153
f 3870/122/130 3869/13/11 3876/139/147 3877/137/144
f 3863/12/10 3877/137/144 3884/122/154
f 3936/70/10 3935/30/10 4095/144/10 4096/145/10
f 3927/112/155 3856/104/155 4032/105/155 4087/56/155
f 3849/97/156 3926/54/156 4086/57/156 4013/99/156
f 3877/137/144 3876/139/147 3883/13/157 3884/122/154
f 3938/70/10 3937/73/10 4097/146/10 4098/145/10
f 3925/93/5 3842/9/5 4014/9/5 4085/93/5
f 3871/126/143 3841/10/8 3878/123/158
f 3946/147/159 3880/141/160 3887/148/161 3947/149/162
f 3930/17/163 3878/123/158 3885/104/164 3931/55/165
f 3884/122/154 3883/13/157 3890/150/166 3891/113/167
f 3962/151/168 3881/130/169 3888/152/170 3963/153/171
f 3915/133/172 3879/134/173 3886/154/174 3916/155/175
f 3878/123/158 3841/10/8 3885/104/164
f 3863/12/10 3884/122/154 3891/113/167
f 3883/13/157 3882/83/176 3889/156/177 3890/150/166
f 3891/113/167 3890/150/166 3897/77/178 3898/98/179
f 3834/11/34 3924/31/34 4084/157/34 4004/80/34
f 3940/27/10 3939/30/10 4099/144/10 4100/125/10
f 3885/104/164 3841/10/8 3892/97/180
f 3863/12/10 3891/113/167 3898/98/179
f 3923/33/39 3827/32/39 4003/46/39 4083/158/39
f 3820/44/65 3922/74/65 4082/159/65 3993/45/65
f 3890/150/111 3889/156/111 4045/160/111 4046/15/111
f 3917/161/181 3893/162/182 3788/8/183 3902/7/184
f 3892/97/180 3841/10/8 3899/9/7
f 3863/12/10 3898/98/179 3791/1/1
f 3897/77/178 3896/76/185 3790/94/186 3901/2/2
f 3948/108/187 3894/163/188 3789/95/189 3949/96/190
f 3932/54/191 3892/97/180 3899/9/7 3933/93/192
f 3898/98/179 3897/77/178 3901/2/2 3791/1/1
f 3964/114/193 3895/115/194 3900/6/195 3965/5/196
f 3894/163/188 3917/161/181 3902/7/184 3789/95/189
f 3887/148/161 3916/155/175 3917/161/181 3894/163/188
f 3880/141/160 3915/133/172 3916/155/175 3887/148/161
f 3873/142/150 3914/136/142 3915/133/172 3880/141/160
f 3866/141/149 3913/133/139 3914/136/142 3873/142/150
f 3858/110/116 3912/121/129 3913/133/139 3866/141/149
f 3851/109/115 3911/118/126 3912/121/129 3858/110/116
f 3844/95/103 3910/7/97 3911/118/126 3851/109/115
f 3836/28/102 3909/38/95 3910/7/97 3844/95/103
f 3829/88/73 3908/41/84 3909/38/95 3836/28/102
f 3822/71/72 3907/64/81 3908/41/84 3829/88/73
f 3815/72/55 3906/66/49 3907/64/81 3822/71/72
f 3808/71/54 3905/64/47 3906/66/49 3815/72/55
f 3801/29/21 3904/41/33 3905/64/47 3808/71/54
f 3794/28/20 3903/38/30 3904/41/33 3801/29/21
f 3789/95/189 3902/7/184 3903/38/30 3794/28/20
f 3893/162/182 3932/54/191 3933/93/192 3788/8/183
f 3886/154/174 3931/55/165 3932/54/191 3893/162/182
f 3879/134/173 3930/17/163 3931/55/165 3886/154/174
f 3872/135/141 3929/18/153 3930/17/163 3879/134/173
f 3865/134/140 3928/128/152 3929/18/153 3872/135/141
f 3857/120/128 3927/112/120 3928/128/152 3865/134/140
f 3850/119/127 3926/54/118 3927/112/120 3857/120/128
f 3843/8/96 3925/93/106 3926/54/118 3850/119/127
f 3835/39/85 3924/31/105 3925/93/106 3843/8/96
f 3828/40/83 3923/33/76 3924/31/105 3835/39/85
f 3821/51/82 3922/74/75 3923/33/76 3828/40/83
f 3814/65/48 3921/75/58 3922/74/75 3821/51/82
f 3807/51/40 3920/74/57 3921/75/58 3814/65/48
f 3800/40/32 3919/33/25 3920/74/57 3807/51/40
f 3793/39/31 3918/31/23 3919/33/25 3800/40/32
f 3788/8/183 3933/93/192 3918/31/23 3793/39/31
f 3895/115/194 3948/108/187 3949/96/190 3900/6/195
f 3888/152/170 3947/149/162 3948/108/187 3895/115/194
f 3881/130/169 3946/147/159 3947/149/162 3888/152/170
f 3874/131/137 3945/143/151 3946/147/159 3881/130/169
f 3867/130/136 3944/140/148 3945/143/151 3874/131/137
f 3859/116/124 3943/111/117 3944/140/148 3867/130/136
f 3852/115/123 3942/108/114 3943/111/117 3859/116/124
f 3845/6/93 3941/96/104 3942/108/114 3852/115/123
f 3837/35/92 3940/27/101 3941/96/104 3845/6/93
f 3830/36/79 3939/30/74 3940/27/101 3837/35/92
f 3823/61/78 3938/70/71 3939/30/74 3830/36/79
f 3816/62/45 3937/73/56 3938/70/71 3823/61/78
f 3809/61/44 3936/70/53 3937/73/56 3816/62/45
f 3802/36/830 3935/30/22 3936/70/53 3809/61/44
f 3795/35/27 3934/27/19 3935/30/22 3802/36/830
f 3900/6/195 3949/96/190 3934/27/19 3795/35/27
f 3896/76/185 3964/114/193 3965/5/196 3790/94/186
f 3889/156/177 3963/153/171 3964/114/193 3896/76/185
f 3882/83/176 3962/151/168 3963/153/171 3889/156/177
f 3875/138/146 3961/132/138 3962/151/168 3882/83/176
f 3868/83/145 3960/129/135 3961/132/138 3875/138/146
f 3860/107/113 3959/117/125 3960/129/135 3868/83/145
f 3853/106/112 3958/114/122 3959/117/125 3860/107/113
f 3846/94/100 3957/5/94 3958/114/122 3853/106/112
f 3838/25/99 3956/34/91 3957/5/94 3846/94/100
f 3831/87/70 3955/37/80 3956/34/91 3838/25/99
f 3824/68/69 3954/60/77 3955/37/80 3831/87/70
f 3817/69/52 3953/63/46 3954/60/77 3824/68/69
f 3810/68/51 3952/60/43 3953/63/46 3817/69/52
f 3803/26/17 3951/37/29 3952/60/43 3810/68/51
f 3796/25/16 3950/34/26 3951/37/29 3803/26/17
f 3790/94/186 3965/5/196 3950/34/26 3796/25/16
f 4125/5/197 4058/6/197 4059/43/197 4110/42/197
f 4062/7/198 3971/8/198 3972/89/198 4063/164/198
f 4057/2/824 3968/94/824 3966/100/824 3967/23/824
f 4109/96/200 3970/95/200 3969/165/200 4094/125/200
f 4093/93/201 4061/9/202 4060/80/202 4078/157/201
f 4095/144/203 3979/86/203 3980/85/203 4096/145/203
f 4079/158/204 3983/46/36 3984/45/36 4080/159/204
f 4111/50/205 3978/49/205 3977/92/205 4112/81/205
f 4064/166/206 3982/53/206 3981/52/206 4065/167/206
f 3974/22/207 3973/168/207 3975/103/207 3976/102/207
f 4066/169/825 3991/170/825 3992/52/825 4067/167/825
f 3986/171/209 3985/172/209 3987/103/209 3988/102/209
f 4097/146/210 3990/173/210 3989/85/210 4098/145/210
f 4081/174/211 3994/175/212 3993/45/212 4082/159/211
f 4113/91/213 3996/90/213 3995/82/213 4114/81/213
f 4083/158/214 4003/46/64 4004/80/64 4084/157/214
f 4115/50/215 4005/49/215 4006/43/215 4116/42/215
f 4068/176/216 4002/53/216 4001/89/216 4069/164/216
f 3998/22/820 3997/168/820 3999/100/820 4000/23/820
f 4099/144/218 4008/86/218 4007/165/218 4100/125/218
f 4010/2/219 4009/94/219 4011/79/219 4012/177/219
f 4101/96/220 4017/95/220 4018/178/220 4102/179/220
f 4085/93/221 4014/9/222 4013/99/222 4086/57/221
f 4117/5/223 4016/6/223 4015/180/223 4118/181/223
f 4070/7/833 4020/8/833 4019/182/833 4071/183/833
f 4119/184/225 4025/185/225 4026/186/225 4120/187/225
f 4072/188/829 4029/189/829 4030/190/829 4073/191/829
f 4022/15/834 4021/160/834 4023/84/834 4024/16/834
f 4103/192/228 4028/193/228 4027/194/228 4104/195/228
f 4087/56/229 4032/105/230 4031/124/230 4088/20/229
f 4034/196/231 4033/197/231 4035/198/231 4036/16/231
f 4105/199/232 4039/200/232 4040/201/232 4106/202/232
f 4089/19/233 4043/127/234 4044/124/234 4090/20/233
f 4121/203/235 4038/204/235 4037/205/235 4122/206/235
f 4074/207/236 4042/208/236 4041/190/236 4075/191/236
f 4123/209/237 4049/210/237 4050/180/237 4124/211/237
f 4076/188/238 4053/189/238 4054/212/238 4077/213/238
f 4046/15/239 4045/160/239 4047/79/239 4048/78/239
f 4107/214/240 4052/193/240 4051/178/240 4108/215/240
f 4091/56/241 4056/105/242 4055/99/242 4092/57/241
f 3831/87/8 3838/25/8 3999/100/8 3997/168/8
f 3897/77/178 3890/150/166 4046/15/10 4048/78/10
f 3811/47/37 3804/21/18 3974/22/10 3976/102/10
f 3860/107/8 3868/83/8 4023/84/8 4021/160/8
f 3793/39/131 3903/38/131 4063/164/131 3972/89/131
f 3852/115/156 3958/114/156 4118/181/156 4015/180/156
f 3830/36/8 3837/35/8 4006/43/8 4005/49/8
f 3889/156/8 3896/76/8 4047/79/8 4045/160/8
f 3928/128/10 3927/112/10 4087/56/10 4088/20/10
f 3803/26/8 3810/68/8 3975/103/8 3973/168/8
f 3859/116/8 3867/130/8 4026/186/8 4025/185/8
f 3904/41/109 3800/40/109 3982/53/109 4064/166/109
f 3959/117/155 3859/116/155 4025/185/155 4119/184/155
f 3829/88/8 3836/28/8 4007/165/8 4008/86/8
f 3888/152/8 3895/115/8 4050/180/8 4049/210/8
f 3858/110/8 3866/141/8 4027/194/8 4028/193/8
f 3807/51/88 3905/64/88 4065/167/88 3981/52/88
f 3867/130/66 3960/129/66 4120/187/66 4026/186/66
f 3887/148/8 3894/163/8 4051/178/8 4052/193/8
f 3926/54/10 3925/93/10 4085/93/10 4086/57/10
f 3857/120/128 3865/134/140 4030/190/8 4029/189/8
f 3906/66/87 3814/65/87 3991/170/87 4066/169/87
f 3961/132/134 3874/131/134 4038/204/134 4121/203/134
f 3886/154/174 3893/162/182 4054/212/8 4053/189/8
f 3856/104/119 3864/123/133 4031/124/230 4032/105/230
f 3821/51/65 3907/64/65 4067/167/65 3992/52/65
f 3881/130/132 3962/151/132 4122/206/132 4037/205/132
f 3885/104/164 3892/97/180 4055/99/242 4056/105/242
f 3924/31/10 3923/33/10 4083/158/10 4084/157/10
f 3908/41/39 3828/40/39 4002/53/39 4068/176/39
f 3963/153/111 3888/152/111 4049/210/111 4123/209/111
f 3818/58/87 3817/69/87 3985/172/87 3986/171/87
f 3835/39/34 3909/38/34 4069/164/34 4001/89/34
f 3895/115/59 3964/114/59 4124/211/59 4050/180/59
f 3922/74/10 3921/75/10 4081/174/10 4082/159/10
f 3910/7/5 3843/8/5 4020/8/5 4070/7/5
f 3965/5/6 3900/6/6 4058/6/6 4125/5/6
f 3847/2/5 3846/94/5 4009/94/5 4010/2/5
f 3850/119/156 3911/118/156 4071/183/156 4019/182/156
f 3920/74/10 3919/33/10 4079/158/10 4080/159/10
f 3876/139/134 3875/138/134 4033/197/134 4034/196/134
f 3912/121/155 3857/120/155 4029/189/155 4072/188/155
f 3964/114/10 3963/153/10 4123/209/10 4124/211/10
f 3865/134/66 3913/133/66 4073/191/66 4030/190/66
f 3918/31/10 3933/93/10 4093/93/10 4078/157/10
f 3914/136/134 3872/135/134 4042/208/134 4074/207/134
f 3962/151/10 3961/132/10 4121/203/10 4122/206/10
f 3794/28/131 3934/27/131 4094/125/131 3969/165/131
f 3879/134/132 3915/133/132 4075/191/132 4041/190/132
f 3901/2/6 3790/94/6 3968/94/6 4057/2/6
f 3935/30/109 3801/29/109 3979/86/109 4095/144/109
f 3916/155/111 3886/154/111 4053/189/111 4076/188/111
f 3960/129/10 3959/117/10 4119/184/10 4120/187/10
f 3808/71/88 3936/70/88 4096/145/88 3980/85/88
f 3893/162/59 3917/161/59 4077/213/59 4054/212/59
f 3937/73/87 3815/72/87 3990/173/87 4097/146/87
f 3958/114/10 3957/5/10 4117/5/10 4118/181/10
f 3822/71/65 3938/70/65 4098/145/65 3989/85/65
f 3917/161/10 3916/155/10 4076/188/10 4077/213/10
f 3939/30/39 3829/88/39 4008/86/39 4099/144/39
f 3956/34/10 3955/37/10 4115/50/10 4116/42/10
f 3797/3/3 3901/2/2 4057/2/10 3967/23/10
f 3836/28/34 3940/27/34 4100/125/34 4007/165/34
f 3915/133/10 3914/136/10 4074/207/10 4075/191/10
f 3900/6/8 3795/35/8 4059/43/8 4058/6/8
f 3941/96/5 3844/95/5 4017/95/5 4101/96/5
f 3824/68/65 3825/47/65 3988/102/65 3987/103/65
f 3954/60/10 3953/63/10 4113/91/10 4114/81/10
f 3899/9/7 3792/11/9 4060/80/202 4061/9/202
f 3851/109/156 3942/108/156 4102/179/156 4018/178/156
f 3913/133/10 3912/121/10 4072/188/10 4073/191/10
f 3853/106/156 3854/101/156 4012/177/156 4011/79/156
f 3943/111/155 3858/110/155 4028/193/155 4103/192/155
f 3815/72/8 3822/71/8 3989/85/8 3990/173/8
f 3796/25/131 3797/3/131 3967/23/131 3966/100/131
f 3952/60/10 3951/37/10 4111/50/10 4112/81/10
f 3866/141/66 3944/140/66 4104/195/66 4027/194/66
f 3814/65/48 3821/51/82 3992/52/8 3991/170/8
f 3882/83/132 3883/13/132 4036/16/132 4035/198/132
f 3911/118/10 3910/7/10 4070/7/10 4071/183/10
f 3842/9/98 3849/97/107 4013/99/222 4014/9/222
f 3945/143/134 3873/142/134 4039/200/134 4105/199/134
f 3813/67/50 3820/44/60 3993/45/212 3994/175/212
f 3950/34/10 3965/5/10 4125/5/10 4110/42/10
f 3880/141/132 3946/147/132 4106/202/132 4040/201/132
f 3790/94/8 3796/25/8 3966/100/8 3968/94/8
f 3909/38/10 3908/41/10 4068/176/10 4069/164/10
f 3854/101/110 3847/2/89 4010/2/10 4012/177/10
f 3947/149/111 3887/148/111 4052/193/111 4107/214/111
f 3825/47/67 3818/58/41 3986/171/10 3988/102/10
f 3883/13/157 3876/139/147 4034/196/10 4036/16/10
f 3789/95/8 3794/28/8 3969/165/8 3970/95/8
f 3846/94/8 3853/106/8 4011/79/8 4009/94/8
f 3894/163/59 3948/108/59 4108/215/59 4051/178/59
f 3817/69/8 3824/68/8 3987/103/8 3985/172/8
f 3875/138/8 3882/83/8 4035/198/8 4033/197/8
f 3788/8/183 3793/39/31 3972/89/8 3971/8/8
f 3907/64/10 3906/66/10 4066/169/10 4067/167/10
f 3845/6/8 3852/115/8 4015/180/8 4016/6/8
f 3949/96/6 3789/95/6 3970/95/6 4109/96/6
f 3816/62/8 3823/61/8 3995/82/8 3996/90/8
f 3874/131/8 3881/130/8 4037/205/8 4038/204/8
f 3844/95/8 3851/109/8 4018/178/8 4017/95/8
f 3873/142/8 3880/141/8 4040/201/8 4039/200/8
f 3905/64/10 3904/41/10 4064/166/10 4065/167/10
f 3843/8/96 3850/119/127 4019/182/8 4020/8/8
f 3948/108/10 3947/149/10 4107/214/10 4108/215/10
f 3872/135/141 3879/134/173 4041/190/8 4042/208/8
f 3871/126/143 3878/123/158 4044/124/234 4043/127/234
f 3903/38/10 3902/7/10 4062/7/10 4063/164/10
f 3946/147/10 3945/143/10 4105/199/10 4106/202/10
f 3792/11/131 3918/31/131 4078/157/131 4060/80/131
f 3804/21/109 3803/26/109 3973/168/109 3974/22/109
f 3832/21/39 3831/87/39 3997/168/39 3998/22/39
f 3919/33/109 3799/32/109 3983/46/109 4079/158/109
f 3944/140/10 3943/111/10 4103/192/10 4104/195/10
f 3806/44/88 3920/74/88 4080/159/88 3984/45/88
f 3861/14/155 3860/107/155 4021/160/155 4022/15/155
f 3921/75/87 3813/67/87 3994/175/87 4081/174/87
f 3942/108/10 3941/96/10 4101/96/10 4102/179/10
f 4126/216/6 4127/217/6 4129/217/6 4128/216/6
f 4128/216/87 4129/217/87 4133/218/87 4132/219/87
f 4132/219/5 4133/218/5 4131/218/5 4130/219/5
f 4130/219/134 4131/218/134 4127/217/134 4126/216/134
f 4128/216/10 4132/219/10 4130/219/10 4126/216/10
f 4133/218/8 4129/217/8 4127/217/8 4131/218/8
f 4142/220/243 4143/221/243 4137/222/244 4136/220/245
f 4146/223/246 4147/224/246 4141/225/247 4140/226/248
f 4144/227/249 4145/228/249 4139/225/250 4138/229/251
f 4148/223/826 4149/230/826 4135/221/253 4134/231/254
f 4151/232/255 4144/227/256 4138/229/257 4148/223/258
f 4150/233/259 4143/221/260 4135/221/261 4149/230/262
f 4147/224/263 4137/222/264 4143/221/260 4150/233/259
f 4146/223/265 4140/226/266 4144/227/256 4151/232/255
f 4140/226/248 4141/225/247 4145/228/267 4144/227/267
f 4134/231/254 4135/221/253 4143/221/243 4142/220/243
f 4136/220/268 4146/223/265 4151/232/255 4142/220/269
f 4141/225/270 4147/224/263 4150/233/259 4145/228/271
f 4145/228/271 4150/233/259 4149/230/262 4139/225/272
f 4142/220/269 4151/232/255 4148/223/258 4134/231/273
f 4138/229/251 4139/225/250 4149/230/274 4148/223/274
f 4136/220/245 4137/222/244 4147/224/275 4146/223/275
f 4160/234/276 4161/235/276 4155/235/277 4154/236/278
f 4164/237/279 4165/238/279 4159/239/280 4158/240/281
f 4162/241/282 4163/242/282 4157/243/283 4156/240/284
f 4166/244/827 4167/245/827 4153/246/286 4152/234/287
f 4169/247/288 4162/241/289 4156/240/290 4166/244/291
f 4168/248/292 4161/235/293 4153/246/294 4167/245/295
f 4165/238/296 4155/235/297 4161/235/293 4168/248/292
f 4164/237/298 4158/240/299 4162/241/289 4169/247/288
f 4158/240/281 4159/239/280 4163/242/300 4162/241/300
f 4152/234/287 4153/246/286 4161/235/276 4160/234/276
f 4154/236/301 4164/237/298 4169/247/288 4160/234/302
f 4159/239/303 4165/238/296 4168/248/292 4163/242/304
f 4163/242/304 4168/248/292 4167/245/295 4157/243/305
f 4160/234/302 4169/247/288 4166/244/291 4152/234/306
f 4156/240/284 4157/243/283 4167/245/307 4166/244/307
f 4154/236/278 4155/235/277 4165/238/308 4164/237/308
f 4178/249/309 4179/250/309 4173/251/310 4172/252/311
f 4182/253/312 4183/254/313 4177/255/314 4176/256/315
f 4180/257/316 4181/258/316 4175/259/317 4174/260/318
f 4184/261/319 4185/262/320 4171/263/321 4170/264/322
f 4187/265/323 4180/257/324 4174/260/325 4184/261/326
f 4186/266/327 4179/250/328 4171/263/329 4185/262/330
f 4183/254/331 4173/251/332 4179/250/328 4186/266/327
f 4182/253/333 4176/256/334 4180/257/324 4187/265/323
f 4176/256/315 4177/255/314 4181/258/335 4180/257/335
f 4170/264/322 4171/263/321 4179/250/309 4178/249/309
f 4172/252/336 4182/253/333 4187/265/323 4178/249/337
f 4177/255/338 4183/254/331 4186/266/327 4181/258/339
f 4181/258/339 4186/266/327 4185/262/330 4175/259/340
f 4178/249/337 4187/265/323 4184/261/326 4170/264/341
f 4174/260/318 4175/259/317 4185/262/320 4184/261/319
f 4172/252/311 4173/251/310 4183/254/313 4182/253/312
f 4196/267/342 4197/268/342 4191/269/343 4190/270/344
f 4200/271/345 4201/272/345 4195/273/346 4194/274/347
f 4198/275/348 4199/276/348 4193/277/349 4192/278/350
f 4202/279/351 4203/280/351 4189/281/352 4188/282/353
f 4205/283/354 4198/275/355 4192/278/831 4202/279/357
f 4204/284/358 4197/268/359 4189/281/360 4203/280/361
f 4201/272/362 4191/269/363 4197/268/359 4204/284/358
f 4200/271/364 4194/274/365 4198/275/355 4205/283/354
f 4194/274/347 4195/273/346 4199/276/366 4198/275/366
f 4188/282/353 4189/281/352 4197/268/342 4196/267/342
f 4190/270/367 4200/271/364 4205/283/354 4196/267/368
f 4195/273/369 4201/272/362 4204/284/358 4199/276/370
f 4199/276/370 4204/284/358 4203/280/361 4193/277/822
f 4196/267/368 4205/283/354 4202/279/357 4188/282/372
f 4192/278/350 4193/277/349 4203/280/373 4202/279/373
f 4190/270/344 4191/269/343 4201/272/374 4200/271/374
f 4214/285/375 4215/286/375 4209/287/376 4208/288/377
f 4218/289/378 4219/290/379 4213/291/380 4212/292/381
f 4216/293/382 4217/294/382 4211/295/383 4210/296/384
f 4220/297/385 4221/298/386 4207/299/387 4206/300/835
f 4223/301/389 4216/293/390 4210/296/391 4220/297/392
f 4222/302/393 4215/286/394 4207/299/836 4221/298/396
f 4219/290/397 4209/287/398 4215/286/394 4222/302/393
f 4218/289/399 4212/292/400 4216/293/390 4223/301/389
f 4212/292/381 4213/291/380 4217/294/401 4216/293/401
f 4206/300/835 4207/299/387 4215/286/375 4214/285/375
f 4208/288/402 4218/289/399 4223/301/389 4214/285/403
f 4213/291/404 4219/290/397 4222/302/393 4217/294/405
f 4217/294/405 4222/302/393 4221/298/396 4211/295/406
f 4214/285/403 4223/301/389 4220/297/392 4206/300/407
f 4210/296/384 4211/295/383 4221/298/386 4220/297/385
f 4208/288/377 4209/287/376 4219/290/379 4218/289/378
f 4232/303/408 4233/304/408 4227/305/409 4226/306/410
f 4236/307/411 4237/308/411 4231/309/412 4230/310/413
f 4234/311/414 4235/312/414 4229/313/415 4228/314/416
f 4238/315/417 4239/316/417 4225/317/418 4224/318/419
f 4241/319/420 4234/311/421 4228/314/422 4238/315/423
f 4240/320/424 4233/304/425 4225/317/426 4239/316/427
f 4237/308/428 4227/305/429 4233/304/425 4240/320/424
f 4236/307/430 4230/310/431 4234/311/421 4241/319/420
f 4230/310/413 4231/309/412 4235/312/432 4234/311/432
f 4224/318/419 4225/317/418 4233/304/408 4232/303/408
f 4226/306/433 4236/307/430 4241/319/420 4232/303/434
f 4231/309/435 4237/308/428 4240/320/424 4235/312/436
f 4235/312/436 4240/320/424 4239/316/427 4229/313/437
f 4232/303/434 4241/319/420 4238/315/423 4224/318/438
f 4228/314/416 4229/313/415 4239/316/439 4238/315/439
f 4226/306/410 4227/305/409 4237/308/440 4236/307/440
f 4250/249/441 4251/250/441 4245/251/442 4244/252/443
f 4254/253/444 4255/254/445 4249/255/446 4248/256/447
f 4252/257/448 4253/258/448 4247/259/449 4246/260/450
f 4256/261/451 4257/262/832 4243/263/453 4242/264/454
f 4259/265/455 4252/257/456 4246/260/457 4256/261/458
f 4258/266/459 4251/250/460 4243/263/461 4257/262/462
f 4255/254/463 4245/251/464 4251/250/460 4258/266/459
f 4254/253/465 4248/256/466 4252/257/456 4259/265/455
f 4248/256/447 4249/255/446 4253/258/467 4252/257/467
f 4242/264/454 4243/263/453 4251/250/441 4250/249/441
f 4244/252/468 4254/253/465 4259/265/455 4250/249/469
f 4249/255/470 4255/254/463 4258/266/459 4253/258/471
f 4253/258/471 4258/266/459 4257/262/462 4247/259/472
f 4250/249/469 4259/265/455 4256/261/458 4242/264/473
f 4246/260/450 4247/259/449 4257/262/832 4256/261/451
f 4244/252/443 4245/251/442 4255/254/445 4254/253/444
f 4268/267/474 4269/268/474 4263/269/475 4262/270/476
f 4272/271/477 4273/272/477 4267/273/478 4266/274/479
f 4270/275/480 4271/276/480 4265/277/481 4264/278/482
f 4274/279/483 4275/280/483 4261/281/484 4260/282/823
f 4277/283/486 4270/275/487 4264/278/488 4274/279/489
f 4276/284/490 4269/268/491 4261/281/492 4275/280/493
f 4273/272/494 4263/269/495 4269/268/491 4276/284/490
f 4272/271/496 4266/274/497 4270/275/487 4277/283/486
f 4266/274/479 4267/273/478 4271/276/498 4270/275/498
f 4260/282/823 4261/281/484 4269/268/474 4268/267/474
f 4262/270/499 4272/271/496 4277/283/486 4268/267/500
f 4267/273/501 4273/272/494 4276/284/490 4271/276/502
f 4271/276/502 4276/284/490 4275/280/493 4265/277/503
f 4268/267/500 4277/283/486 4274/279/489 4260/282/504
f 4264/278/482 4265/277/481 4275/280/505 4274/279/505
f 4262/270/476 4263/269/475 4273/272/506 4272/271/506
usemtl base_material.017
f 4281/1/1 4391/2/2 4287/3/3 4288/4/4
f 4447/5/5 4335/6/5 4506/6/5 4607/5/5
f 4392/7/6 4278/8/6 4461/8/6 4552/7/6
f 4389/9/7 4331/10/8 4282/11/9
f 4353/12/10 4281/1/1 4288/4/4
f 4359/13/11 4351/14/12 4512/15/10 4514/16/10
f 4420/17/10 4419/18/10 4579/19/10 4580/20/10
f 4329/3/13 4322/21/14 4488/22/10 4490/23/10
f 4353/12/10 4288/4/4 4295/24/15
f 4287/3/3 4286/25/16 4293/26/17 4294/21/18
f 4424/27/19 4284/28/20 4291/29/21 4425/30/22
f 4408/31/23 4282/11/9 4289/32/24 4409/33/25
f 4288/4/4 4287/3/3 4294/21/18 4295/24/15
f 4440/34/26 4285/35/27 4292/36/28 4441/37/29
f 4393/38/30 4283/39/31 4290/40/32 4394/41/33
f 4282/11/9 4331/10/8 4289/32/24
f 4327/35/34 4446/34/34 4606/42/34 4496/43/34
f 4289/32/24 4296/44/35 4474/45/36 4473/46/36
f 4295/24/15 4294/21/18 4301/47/37 4302/48/38
f 4445/37/39 4320/36/39 4495/49/39 4605/50/39
f 4290/40/32 4297/51/40 4471/52/8 4472/53/8
f 4289/32/24 4331/10/8 4296/44/35
f 4353/12/10 4295/24/15 4302/48/38
f 4422/54/10 4421/55/10 4581/56/10 4582/57/10
f 4302/48/38 4301/47/37 4308/58/41 4309/59/42
f 4442/60/43 4299/61/44 4306/62/45 4443/63/46
f 4395/64/47 4297/51/40 4304/65/48 4396/66/49
f 4296/44/35 4331/10/8 4303/67/50
f 4353/12/10 4302/48/38 4309/59/42
f 4301/47/37 4300/68/51 4307/69/52 4308/58/41
f 4426/70/53 4298/71/54 4305/72/55 4427/73/56
f 4410/74/57 4296/44/35 4303/67/50 4411/75/58
f 4386/76/59 4387/77/59 4538/78/59 4537/79/59
f 4303/67/50 4331/10/8 4310/44/837
f 4353/12/10 4309/59/42 4316/48/61
f 4317/32/62 4324/11/63 4494/80/64 4493/46/64
f 4313/61/65 4444/60/65 4604/81/65 4485/82/65
f 4358/83/66 4359/13/66 4514/16/66 4513/84/66
f 4309/59/42 4308/58/41 4315/47/67 4316/48/61
f 4291/29/8 4298/71/8 4470/85/8 4469/86/8
f 4353/12/10 4316/48/61 4323/24/68
f 4315/47/67 4314/68/69 4321/87/70 4322/21/14
f 4428/70/71 4312/71/72 4319/88/73 4429/30/74
f 4412/74/75 4310/44/837 4317/32/62 4413/33/76
f 4316/48/61 4315/47/67 4322/21/14 4323/24/68
f 4444/60/77 4313/61/78 4320/36/818 4445/37/80
f 4397/64/81 4311/51/82 4318/40/83 4398/41/84
f 4310/44/837 4331/10/8 4317/32/62
f 4318/40/83 4325/39/85 4491/89/8 4492/53/8
f 4323/24/68 4322/21/14 4329/3/13 4330/4/86
f 4443/63/87 4306/62/87 4486/90/87 4603/91/87
f 4292/36/8 4299/61/8 4467/92/8 4468/49/8
f 4317/32/62 4331/10/8 4324/11/63
f 4353/12/10 4323/24/68 4330/4/86
f 4423/93/6 4389/9/6 4551/9/6 4583/93/6
f 4299/61/88 4442/60/88 4602/81/88 4467/92/88
f 4330/4/86 4329/3/13 4337/2/89 4338/1/90
f 4446/34/91 4327/35/92 4335/6/93 4447/5/94
f 4399/38/95 4325/39/85 4333/8/96 4400/7/97
f 4324/11/63 4331/10/8 4332/9/98
f 4353/12/10 4330/4/86 4338/1/90
f 4329/3/13 4328/25/99 4336/94/100 4337/2/89
f 4430/27/101 4326/28/102 4334/95/103 4431/96/104
f 4414/31/105 4324/11/63 4332/9/98 4415/93/106
f 4332/9/98 4331/10/8 4339/97/107
f 4353/12/10 4338/1/90 4345/98/108
f 4382/97/59 4422/54/59 4582/57/59 4545/99/59
f 4328/25/34 4329/3/34 4490/23/34 4489/100/34
f 4441/37/109 4292/36/109 4468/49/109 4601/50/109
f 4338/1/90 4337/2/89 4344/101/110 4345/98/108
f 4300/68/88 4301/47/88 4466/102/88 4465/103/88
f 4421/55/111 4375/104/111 4546/105/111 4581/56/111
f 4344/101/110 4343/106/112 4350/107/113 4351/14/12
f 4432/108/114 4341/109/115 4348/110/116 4433/111/117
f 4416/54/118 4339/97/107 4346/104/119 4417/112/120
f 4345/98/108 4344/101/110 4351/14/12 4352/113/121
f 4448/114/122 4342/115/123 4349/116/124 4449/117/125
f 4401/118/126 4340/119/127 4347/120/128 4402/121/129
f 4339/97/107 4331/10/8 4346/104/119
f 4353/12/10 4345/98/108 4352/113/121
f 4352/113/121 4351/14/12 4359/13/11 4360/122/130
f 4285/35/131 4440/34/131 4600/42/131 4549/43/131
f 4368/123/132 4420/17/132 4580/20/132 4534/124/132
f 4346/104/119 4331/10/8 4354/123/133
f 4353/12/10 4352/113/121 4360/122/130
f 4424/27/10 4439/96/10 4599/96/10 4584/125/10
f 4419/18/134 4361/126/134 4533/127/134 4579/19/134
f 4354/123/66 4418/128/66 4578/20/66 4521/124/66
f 4450/129/135 4357/130/136 4364/131/137 4451/132/138
f 4403/133/139 4355/134/140 4362/135/141 4404/136/142
f 4354/123/133 4331/10/8 4361/126/143
f 4353/12/10 4360/122/130 4367/137/144
f 4359/13/11 4358/83/145 4365/138/146 4366/139/147
f 4434/140/148 4356/141/149 4363/142/150 4435/143/151
f 4418/128/152 4354/123/133 4361/126/143 4419/18/153
f 4360/122/130 4359/13/11 4366/139/147 4367/137/144
f 4353/12/10 4367/137/144 4374/122/154
f 4426/70/10 4425/30/10 4585/144/10 4586/145/10
f 4417/112/155 4346/104/155 4522/105/155 4577/56/155
f 4339/97/156 4416/54/156 4576/57/156 4503/99/156
f 4367/137/144 4366/139/147 4373/13/157 4374/122/154
f 4428/70/10 4427/73/10 4587/146/10 4588/145/10
f 4415/93/5 4332/9/5 4504/9/5 4575/93/5
f 4361/126/143 4331/10/8 4368/123/158
f 4436/147/159 4370/141/160 4377/148/161 4437/149/162
f 4420/17/163 4368/123/158 4375/104/164 4421/55/165
f 4374/122/154 4373/13/157 4380/150/166 4381/113/167
f 4452/151/168 4371/130/169 4378/152/170 4453/153/171
f 4405/133/172 4369/134/173 4376/154/174 4406/155/175
f 4368/123/158 4331/10/8 4375/104/164
f 4353/12/10 4374/122/154 4381/113/167
f 4373/13/157 4372/83/176 4379/156/177 4380/150/166
f 4381/113/167 4380/150/166 4387/77/178 4388/98/179
f 4324/11/34 4414/31/34 4574/157/34 4494/80/34
f 4430/27/10 4429/30/10 4589/144/10 4590/125/10
f 4375/104/164 4331/10/8 4382/97/180
f 4353/12/10 4381/113/167 4388/98/179
f 4413/33/39 4317/32/39 4493/46/39 4573/158/39
f 4310/44/65 4412/74/65 4572/159/65 4483/45/65
f 4380/150/111 4379/156/111 4535/160/111 4536/15/111
f 4407/161/181 4383/162/182 4278/8/183 4392/7/184
f 4382/97/180 4331/10/8 4389/9/7
f 4353/12/10 4388/98/179 4281/1/1
f 4387/77/178 4386/76/185 4280/94/186 4391/2/2
f 4438/108/187 4384/163/188 4279/95/189 4439/96/190
f 4422/54/191 4382/97/180 4389/9/7 4423/93/192
f 4388/98/179 4387/77/178 4391/2/2 4281/1/1
f 4454/114/193 4385/115/194 4390/6/195 4455/5/196
f 4384/163/188 4407/161/181 4392/7/184 4279/95/189
f 4377/148/161 4406/155/175 4407/161/181 4384/163/188
f 4370/141/160 4405/133/172 4406/155/175 4377/148/161
f 4363/142/150 4404/136/142 4405/133/172 4370/141/160
f 4356/141/149 4403/133/139 4404/136/142 4363/142/150
f 4348/110/116 4402/121/129 4403/133/139 4356/141/149
f 4341/109/115 4401/118/126 4402/121/129 4348/110/116
f 4334/95/103 4400/7/97 4401/118/126 4341/109/115
f 4326/28/102 4399/38/95 4400/7/97 4334/95/103
f 4319/88/73 4398/41/84 4399/38/95 4326/28/102
f 4312/71/72 4397/64/81 4398/41/84 4319/88/73
f 4305/72/55 4396/66/49 4397/64/81 4312/71/72
f 4298/71/54 4395/64/47 4396/66/49 4305/72/55
f 4291/29/21 4394/41/33 4395/64/47 4298/71/54
f 4284/28/20 4393/38/30 4394/41/33 4291/29/21
f 4279/95/189 4392/7/184 4393/38/30 4284/28/20
f 4383/162/182 4422/54/191 4423/93/192 4278/8/183
f 4376/154/174 4421/55/165 4422/54/191 4383/162/182
f 4369/134/173 4420/17/163 4421/55/165 4376/154/174
f 4362/135/141 4419/18/153 4420/17/163 4369/134/173
f 4355/134/140 4418/128/152 4419/18/153 4362/135/141
f 4347/120/128 4417/112/120 4418/128/152 4355/134/140
f 4340/119/127 4416/54/118 4417/112/120 4347/120/128
f 4333/8/96 4415/93/106 4416/54/118 4340/119/127
f 4325/39/85 4414/31/105 4415/93/106 4333/8/96
f 4318/40/83 4413/33/76 4414/31/105 4325/39/85
f 4311/51/82 4412/74/75 4413/33/76 4318/40/83
f 4304/65/48 4411/75/58 4412/74/75 4311/51/82
f 4297/51/40 4410/74/57 4411/75/58 4304/65/48
f 4290/40/32 4409/33/25 4410/74/57 4297/51/40
f 4283/39/31 4408/31/23 4409/33/25 4290/40/32
f 4278/8/183 4423/93/192 4408/31/23 4283/39/31
f 4385/115/194 4438/108/187 4439/96/190 4390/6/195
f 4378/152/170 4437/149/162 4438/108/187 4385/115/194
f 4371/130/169 4436/147/159 4437/149/162 4378/152/170
f 4364/131/137 4435/143/151 4436/147/159 4371/130/169
f 4357/130/136 4434/140/148 4435/143/151 4364/131/137
f 4349/116/124 4433/111/117 4434/140/148 4357/130/136
f 4342/115/123 4432/108/114 4433/111/117 4349/116/124
f 4335/6/93 4431/96/104 4432/108/114 4342/115/123
f 4327/35/92 4430/27/101 4431/96/104 4335/6/93
f 4320/36/818 4429/30/74 4430/27/101 4327/35/92
f 4313/61/78 4428/70/71 4429/30/74 4320/36/818
f 4306/62/45 4427/73/56 4428/70/71 4313/61/78
f 4299/61/44 4426/70/53 4427/73/56 4306/62/45
f 4292/36/28 4425/30/22 4426/70/53 4299/61/44
f 4285/35/27 4424/27/19 4425/30/22 4292/36/28
f 4390/6/195 4439/96/190 4424/27/19 4285/35/27
f 4386/76/185 4454/114/193 4455/5/196 4280/94/186
f 4379/156/177 4453/153/171 4454/114/193 4386/76/185
f 4372/83/176 4452/151/168 4453/153/171 4379/156/177
f 4365/138/146 4451/132/138 4452/151/168 4372/83/176
f 4358/83/145 4450/129/135 4451/132/138 4365/138/146
f 4350/107/113 4449/117/125 4450/129/135 4358/83/145
f 4343/106/112 4448/114/122 4449/117/125 4350/107/113
f 4336/94/100 4447/5/94 4448/114/122 4343/106/112
f 4328/25/99 4446/34/91 4447/5/94 4336/94/100
f 4321/87/70 4445/37/80 4446/34/91 4328/25/99
f 4314/68/69 4444/60/77 4445/37/80 4321/87/70
f 4307/69/52 4443/63/46 4444/60/77 4314/68/69
f 4300/68/51 4442/60/43 4443/63/46 4307/69/52
f 4293/26/17 4441/37/29 4442/60/43 4300/68/51
f 4286/25/16 4440/34/26 4441/37/29 4293/26/17
f 4280/94/186 4455/5/196 4440/34/26 4286/25/16
f 4615/5/197 4548/6/197 4549/43/197 4600/42/197
f 4552/7/198 4461/8/198 4462/89/198 4553/164/198
f 4547/2/199 4458/94/199 4456/100/199 4457/23/199
f 4599/96/200 4460/95/200 4459/165/200 4584/125/200
f 4583/93/201 4551/9/202 4550/80/202 4568/157/201
f 4585/144/203 4469/86/203 4470/85/203 4586/145/203
f 4569/158/204 4473/46/36 4474/45/36 4570/159/204
f 4601/50/205 4468/49/205 4467/92/205 4602/81/205
f 4554/166/206 4472/53/206 4471/52/206 4555/167/206
f 4464/22/207 4463/168/207 4465/103/207 4466/102/207
f 4556/169/825 4481/170/825 4482/52/825 4557/167/825
f 4476/171/209 4475/172/209 4477/103/209 4478/102/209
f 4587/146/210 4480/173/210 4479/85/210 4588/145/210
f 4571/174/211 4484/175/212 4483/45/212 4572/159/211
f 4603/91/213 4486/90/213 4485/82/213 4604/81/213
f 4573/158/214 4493/46/64 4494/80/64 4574/157/214
f 4605/50/215 4495/49/215 4496/43/215 4606/42/215
f 4558/176/216 4492/53/216 4491/89/216 4559/164/216
f 4488/22/820 4487/168/820 4489/100/820 4490/23/820
f 4589/144/218 4498/86/218 4497/165/218 4590/125/218
f 4500/2/219 4499/94/219 4501/79/219 4502/177/219
f 4591/96/220 4507/95/220 4508/178/220 4592/179/220
f 4575/93/221 4504/9/222 4503/99/222 4576/57/221
f 4607/5/223 4506/6/223 4505/180/223 4608/181/223
f 4560/7/833 4510/8/833 4509/182/833 4561/183/833
f 4609/184/225 4515/185/225 4516/186/225 4610/187/225
f 4562/188/829 4519/189/829 4520/190/829 4563/191/829
f 4512/15/834 4511/160/834 4513/84/834 4514/16/834
f 4593/192/228 4518/193/228 4517/194/228 4594/195/228
f 4577/56/229 4522/105/230 4521/124/230 4578/20/229
f 4524/196/231 4523/197/231 4525/198/231 4526/16/231
f 4595/199/232 4529/200/232 4530/201/232 4596/202/232
f 4579/19/233 4533/127/234 4534/124/234 4580/20/233
f 4611/203/235 4528/204/235 4527/205/235 4612/206/235
f 4564/207/236 4532/208/236 4531/190/236 4565/191/236
f 4613/209/237 4539/210/237 4540/180/237 4614/211/237
f 4566/188/238 4543/189/238 4544/212/238 4567/213/238
f 4536/15/239 4535/160/239 4537/79/239 4538/78/239
f 4597/214/240 4542/193/240 4541/178/240 4598/215/240
f 4581/56/241 4546/105/242 4545/99/242 4582/57/241
f 4321/87/8 4328/25/8 4489/100/8 4487/168/8
f 4387/77/178 4380/150/166 4536/15/10 4538/78/10
f 4301/47/37 4294/21/18 4464/22/10 4466/102/10
f 4350/107/8 4358/83/8 4513/84/8 4511/160/8
f 4283/39/131 4393/38/131 4553/164/131 4462/89/131
f 4342/115/156 4448/114/156 4608/181/156 4505/180/156
f 4320/36/8 4327/35/8 4496/43/8 4495/49/8
f 4379/156/8 4386/76/8 4537/79/8 4535/160/8
f 4418/128/10 4417/112/10 4577/56/10 4578/20/10
f 4293/26/8 4300/68/8 4465/103/8 4463/168/8
f 4349/116/8 4357/130/8 4516/186/8 4515/185/8
f 4394/41/109 4290/40/109 4472/53/109 4554/166/109
f 4449/117/155 4349/116/155 4515/185/155 4609/184/155
f 4319/88/8 4326/28/8 4497/165/8 4498/86/8
f 4378/152/8 4385/115/8 4540/180/8 4539/210/8
f 4348/110/8 4356/141/8 4517/194/8 4518/193/8
f 4297/51/88 4395/64/88 4555/167/88 4471/52/88
f 4357/130/66 4450/129/66 4610/187/66 4516/186/66
f 4377/148/8 4384/163/8 4541/178/8 4542/193/8
f 4416/54/10 4415/93/10 4575/93/10 4576/57/10
f 4347/120/128 4355/134/140 4520/190/8 4519/189/8
f 4396/66/87 4304/65/87 4481/170/87 4556/169/87
f 4451/132/134 4364/131/134 4528/204/134 4611/203/134
f 4376/154/174 4383/162/182 4544/212/8 4543/189/8
f 4346/104/119 4354/123/133 4521/124/230 4522/105/230
f 4311/51/65 4397/64/65 4557/167/65 4482/52/65
f 4371/130/132 4452/151/132 4612/206/132 4527/205/132
f 4375/104/164 4382/97/180 4545/99/242 4546/105/242
f 4414/31/10 4413/33/10 4573/158/10 4574/157/10
f 4398/41/39 4318/40/39 4492/53/39 4558/176/39
f 4453/153/111 4378/152/111 4539/210/111 4613/209/111
f 4308/58/87 4307/69/87 4475/172/87 4476/171/87
f 4325/39/34 4399/38/34 4559/164/34 4491/89/34
f 4385/115/59 4454/114/59 4614/211/59 4540/180/59
f 4412/74/10 4411/75/10 4571/174/10 4572/159/10
f 4400/7/5 4333/8/5 4510/8/5 4560/7/5
f 4455/5/6 4390/6/6 4548/6/6 4615/5/6
f 4337/2/5 4336/94/5 4499/94/5 4500/2/5
f 4340/119/156 4401/118/156 4561/183/156 4509/182/156
f 4410/74/10 4409/33/10 4569/158/10 4570/159/10
f 4366/139/134 4365/138/134 4523/197/134 4524/196/134
f 4402/121/155 4347/120/155 4519/189/155 4562/188/155
f 4454/114/10 4453/153/10 4613/209/10 4614/211/10
f 4355/134/66 4403/133/66 4563/191/66 4520/190/66
f 4408/31/10 4423/93/10 4583/93/10 4568/157/10
f 4404/136/134 4362/135/134 4532/208/134 4564/207/134
f 4452/151/10 4451/132/10 4611/203/10 4612/206/10
f 4284/28/131 4424/27/131 4584/125/131 4459/165/131
f 4369/134/132 4405/133/132 4565/191/132 4531/190/132
f 4391/2/6 4280/94/6 4458/94/6 4547/2/6
f 4425/30/109 4291/29/109 4469/86/109 4585/144/109
f 4406/155/111 4376/154/111 4543/189/111 4566/188/111
f 4450/129/10 4449/117/10 4609/184/10 4610/187/10
f 4298/71/88 4426/70/88 4586/145/88 4470/85/88
f 4383/162/59 4407/161/59 4567/213/59 4544/212/59
f 4427/73/87 4305/72/87 4480/173/87 4587/146/87
f 4448/114/10 4447/5/10 4607/5/10 4608/181/10
f 4312/71/65 4428/70/65 4588/145/65 4479/85/65
f 4407/161/10 4406/155/10 4566/188/10 4567/213/10
f 4429/30/39 4319/88/39 4498/86/39 4589/144/39
f 4446/34/10 4445/37/10 4605/50/10 4606/42/10
f 4287/3/3 4391/2/2 4547/2/10 4457/23/10
f 4326/28/34 4430/27/34 4590/125/34 4497/165/34
f 4405/133/10 4404/136/10 4564/207/10 4565/191/10
f 4390/6/8 4285/35/8 4549/43/8 4548/6/8
f 4431/96/5 4334/95/5 4507/95/5 4591/96/5
f 4314/68/65 4315/47/65 4478/102/65 4477/103/65
f 4444/60/10 4443/63/10 4603/91/10 4604/81/10
f 4389/9/7 4282/11/9 4550/80/202 4551/9/202
f 4341/109/156 4432/108/156 4592/179/156 4508/178/156
f 4403/133/10 4402/121/10 4562/188/10 4563/191/10
f 4343/106/156 4344/101/156 4502/177/156 4501/79/156
f 4433/111/155 4348/110/155 4518/193/155 4593/192/155
f 4305/72/8 4312/71/8 4479/85/8 4480/173/8
f 4286/25/131 4287/3/131 4457/23/131 4456/100/131
f 4442/60/10 4441/37/10 4601/50/10 4602/81/10
f 4356/141/66 4434/140/66 4594/195/66 4517/194/66
f 4304/65/48 4311/51/82 4482/52/8 4481/170/8
f 4372/83/132 4373/13/132 4526/16/132 4525/198/132
f 4401/118/10 4400/7/10 4560/7/10 4561/183/10
f 4332/9/98 4339/97/107 4503/99/222 4504/9/222
f 4435/143/134 4363/142/134 4529/200/134 4595/199/134
f 4303/67/50 4310/44/837 4483/45/212 4484/175/212
f 4440/34/10 4455/5/10 4615/5/10 4600/42/10
f 4370/141/132 4436/147/132 4596/202/132 4530/201/132
f 4280/94/8 4286/25/8 4456/100/8 4458/94/8
f 4399/38/10 4398/41/10 4558/176/10 4559/164/10
f 4344/101/110 4337/2/89 4500/2/10 4502/177/10
f 4437/149/111 4377/148/111 4542/193/111 4597/214/111
f 4315/47/67 4308/58/41 4476/171/10 4478/102/10
f 4373/13/157 4366/139/147 4524/196/10 4526/16/10
f 4279/95/8 4284/28/8 4459/165/8 4460/95/8
f 4336/94/8 4343/106/8 4501/79/8 4499/94/8
f 4384/163/59 4438/108/59 4598/215/59 4541/178/59
f 4307/69/8 4314/68/8 4477/103/8 4475/172/8
f 4365/138/8 4372/83/8 4525/198/8 4523/197/8
f 4278/8/183 4283/39/31 4462/89/8 4461/8/8
f 4397/64/10 4396/66/10 4556/169/10 4557/167/10
f 4335/6/8 4342/115/8 4505/180/8 4506/6/8
f 4439/96/6 4279/95/6 4460/95/6 4599/96/6
f 4306/62/8 4313/61/8 4485/82/8 4486/90/8
f 4364/131/8 4371/130/8 4527/205/8 4528/204/8
f 4334/95/8 4341/109/8 4508/178/8 4507/95/8
f 4363/142/8 4370/141/8 4530/201/8 4529/200/8
f 4395/64/10 4394/41/10 4554/166/10 4555/167/10
f 4333/8/96 4340/119/127 4509/182/8 4510/8/8
f 4438/108/10 4437/149/10 4597/214/10 4598/215/10
f 4362/135/141 4369/134/173 4531/190/8 4532/208/8
f 4361/126/143 4368/123/158 4534/124/234 4533/127/234
f 4393/38/10 4392/7/10 4552/7/10 4553/164/10
f 4436/147/10 4435/143/10 4595/199/10 4596/202/10
f 4282/11/131 4408/31/131 4568/157/131 4550/80/131
f 4294/21/109 4293/26/109 4463/168/109 4464/22/109
f 4322/21/39 4321/87/39 4487/168/39 4488/22/39
f 4409/33/109 4289/32/109 4473/46/109 4569/158/109
f 4434/140/10 4433/111/10 4593/192/10 4594/195/10
f 4296/44/88 4410/74/88 4570/159/88 4474/45/88
f 4351/14/155 4350/107/155 4511/160/155 4512/15/155
f 4411/75/87 4303/67/87 4484/175/87 4571/174/87
f 4432/108/10 4431/96/10 4591/96/10 4592/179/10
f 4616/216/6 4617/217/6 4619/217/6 4618/216/6
f 4618/216/87 4619/217/87 4623/218/87 4622/219/87
f 4622/219/5 4623/218/5 4621/218/5 4620/219/5
f 4620/219/134 4621/218/134 4617/217/134 4616/216/134
f 4618/216/10 4622/219/10 4620/219/10 4616/216/10
f 4623/218/8 4619/217/8 4617/217/8 4621/218/8
f 4632/220/243 4633/221/243 4627/222/244 4626/220/245
f 4636/223/246 4637/224/246 4631/225/247 4630/226/248
f 4634/227/249 4635/228/249 4629/225/250 4628/229/251
f 4638/223/826 4639/230/826 4625/221/253 4624/231/254
f 4641/232/255 4634/227/256 4628/229/257 4638/223/258
f 4640/233/259 4633/221/260 4625/221/261 4639/230/262
f 4637/224/263 4627/222/264 4633/221/260 4640/233/259
f 4636/223/265 4630/226/266 4634/227/256 4641/232/255
f 4630/226/248 4631/225/247 4635/228/267 4634/227/267
f 4624/231/254 4625/221/253 4633/221/243 4632/220/243
f 4626/220/268 4636/223/265 4641/232/255 4632/220/269
f 4631/225/270 4637/224/263 4640/233/259 4635/228/271
f 4635/228/271 4640/233/259 4639/230/262 4629/225/272
f 4632/220/269 4641/232/255 4638/223/258 4624/231/273
f 4628/229/251 4629/225/250 4639/230/274 4638/223/274
f 4626/220/245 4627/222/244 4637/224/275 4636/223/275
f 4650/234/276 4651/235/276 4645/235/277 4644/236/278
f 4654/237/279 4655/238/279 4649/239/280 4648/240/281
f 4652/241/282 4653/242/282 4647/243/283 4646/240/284
f 4656/244/285 4657/245/285 4643/246/286 4642/234/287
f 4659/247/288 4652/241/289 4646/240/290 4656/244/291
f 4658/248/292 4651/235/293 4643/246/294 4657/245/295
f 4655/238/296 4645/235/297 4651/235/293 4658/248/292
f 4654/237/298 4648/240/299 4652/241/289 4659/247/288
f 4648/240/281 4649/239/280 4653/242/300 4652/241/300
f 4642/234/287 4643/246/286 4651/235/276 4650/234/276
f 4644/236/301 4654/237/298 4659/247/288 4650/234/302
f 4649/239/303 4655/238/296 4658/248/292 4653/242/304
f 4653/242/304 4658/248/292 4657/245/295 4647/243/305
f 4650/234/302 4659/247/288 4656/244/291 4642/234/306
f 4646/240/284 4647/243/283 4657/245/307 4656/244/307
f 4644/236/278 4645/235/277 4655/238/308 4654/237/308
f 4668/249/309 4669/250/309 4663/251/310 4662/252/311
f 4672/253/312 4673/254/313 4667/255/314 4666/256/315
f 4670/257/316 4671/258/316 4665/259/317 4664/260/318
f 4674/261/319 4675/262/320 4661/263/321 4660/264/322
f 4677/265/323 4670/257/324 4664/260/325 4674/261/326
f 4676/266/327 4669/250/328 4661/263/329 4675/262/330
f 4673/254/331 4663/251/332 4669/250/328 4676/266/327
f 4672/253/333 4666/256/334 4670/257/324 4677/265/323
f 4666/256/315 4667/255/314 4671/258/335 4670/257/335
f 4660/264/322 4661/263/321 4669/250/309 4668/249/309
f 4662/252/336 4672/253/333 4677/265/323 4668/249/337
f 4667/255/338 4673/254/331 4676/266/327 4671/258/339
f 4671/258/339 4676/266/327 4675/262/330 4665/259/340
f 4668/249/337 4677/265/323 4674/261/326 4660/264/341
f 4664/260/318 4665/259/317 4675/262/320 4674/261/319
f 4662/252/311 4663/251/310 4673/254/313 4672/253/312
f 4686/267/342 4687/268/342 4681/269/343 4680/270/344
f 4690/271/345 4691/272/345 4685/273/346 4684/274/347
f 4688/275/348 4689/276/348 4683/277/349 4682/278/350
f 4692/279/351 4693/280/351 4679/281/352 4678/282/353
f 4695/283/354 4688/275/355 4682/278/356 4692/279/357
f 4694/284/358 4687/268/359 4679/281/360 4693/280/361
f 4691/272/362 4681/269/363 4687/268/359 4694/284/358
f 4690/271/364 4684/274/365 4688/275/355 4695/283/354
f 4684/274/347 4685/273/346 4689/276/366 4688/275/366
f 4678/282/353 4679/281/352 4687/268/342 4686/267/342
f 4680/270/367 4690/271/364 4695/283/354 4686/267/368
f 4685/273/369 4691/272/362 4694/284/358 4689/276/370
f 4689/276/370 4694/284/358 4693/280/361 4683/277/371
f 4686/267/368 4695/283/354 4692/279/357 4678/282/372
f 4682/278/350 4683/277/349 4693/280/373 4692/279/373
f 4680/270/344 4681/269/343 4691/272/374 4690/271/374
f 4704/285/375 4705/286/375 4699/287/838 4698/288/377
f 4708/289/378 4709/290/379 4703/291/380 4702/292/381
f 4706/293/382 4707/294/382 4701/295/383 4700/296/384
f 4710/297/385 4711/298/386 4697/299/387 4696/300/835
f 4713/301/389 4706/293/390 4700/296/391 4710/297/392
f 4712/302/393 4705/286/394 4697/299/836 4711/298/396
f 4709/290/397 4699/287/398 4705/286/394 4712/302/393
f 4708/289/399 4702/292/400 4706/293/390 4713/301/389
f 4702/292/381 4703/291/380 4707/294/401 4706/293/401
f 4696/300/835 4697/299/387 4705/286/375 4704/285/375
f 4698/288/402 4708/289/399 4713/301/389 4704/285/403
f 4703/291/404 4709/290/397 4712/302/393 4707/294/405
f 4707/294/405 4712/302/393 4711/298/396 4701/295/406
f 4704/285/403 4713/301/389 4710/297/392 4696/300/407
f 4700/296/384 4701/295/383 4711/298/386 4710/297/385
f 4698/288/377 4699/287/838 4709/290/379 4708/289/378
f 4722/303/408 4723/304/408 4717/305/409 4716/306/410
f 4726/307/411 4727/308/411 4721/309/412 4720/310/413
f 4724/311/414 4725/312/414 4719/313/415 4718/314/416
f 4728/315/417 4729/316/417 4715/317/418 4714/318/419
f 4731/319/420 4724/311/421 4718/314/422 4728/315/423
f 4730/320/424 4723/304/425 4715/317/426 4729/316/427
f 4727/308/428 4717/305/429 4723/304/425 4730/320/424
f 4726/307/430 4720/310/431 4724/311/421 4731/319/420
f 4720/310/413 4721/309/412 4725/312/432 4724/311/432
f 4714/318/419 4715/317/418 4723/304/408 4722/303/408
f 4716/306/433 4726/307/430 4731/319/420 4722/303/434
f 4721/309/435 4727/308/428 4730/320/424 4725/312/436
f 4725/312/436 4730/320/424 4729/316/427 4719/313/437
f 4722/303/434 4731/319/420 4728/315/423 4714/318/438
f 4718/314/416 4719/313/415 4729/316/439 4728/315/439
f 4716/306/410 4717/305/409 4727/308/440 4726/307/440
f 4740/249/441 4741/250/441 4735/251/442 4734/252/443
f 4744/253/444 4745/254/445 4739/255/446 4738/256/447
f 4742/257/448 4743/258/448 4737/259/449 4736/260/450
f 4746/261/451 4747/262/452 4733/263/453 4732/264/454
f 4749/265/455 4742/257/456 4736/260/457 4746/261/458
f 4748/266/459 4741/250/460 4733/263/461 4747/262/462
f 4745/254/463 4735/251/464 4741/250/460 4748/266/459
f 4744/253/465 4738/256/466 4742/257/456 4749/265/455
f 4738/256/447 4739/255/446 4743/258/467 4742/257/467
f 4732/264/454 4733/263/453 4741/250/441 4740/249/441
f 4734/252/468 4744/253/465 4749/265/455 4740/249/469
f 4739/255/470 4745/254/463 4748/266/459 4743/258/471
f 4743/258/471 4748/266/459 4747/262/462 4737/259/472
f 4740/249/469 4749/265/455 4746/261/458 4732/264/473
f 4736/260/450 4737/259/449 4747/262/452 4746/261/451
f 4734/252/443 4735/251/442 4745/254/445 4744/253/444
f 4758/267/474 4759/268/474 4753/269/475 4752/270/476
f 4762/271/477 4763/272/477 4757/273/478 4756/274/479
f 4760/275/480 4761/276/480 4755/277/481 4754/278/482
f 4764/279/483 4765/280/483 4751/281/484 4750/282/485
f 4767/283/486 4760/275/487 4754/278/488 4764/279/489
f 4766/284/490 4759/268/491 4751/281/492 4765/280/493
f 4763/272/494 4753/269/495 4759/268/491 4766/284/490
f 4762/271/496 4756/274/497 4760/275/487 4767/283/486
f 4756/274/479 4757/273/478 4761/276/498 4760/275/498
f 4750/282/485 4751/281/484 4759/268/474 4758/267/474
f 4752/270/499 4762/271/496 4767/283/486 4758/267/500
f 4757/273/501 4763/272/494 4766/284/490 4761/276/502
f 4761/276/502 4766/284/490 4765/280/493 4755/277/503
f 4758/267/500 4767/283/486 4764/279/489 4750/282/504
f 4754/278/482 4755/277/481 4765/280/505 4764/279/505
f 4752/270/476 4753/269/475 4763/272/506 4762/271/506
usemtl base_material.019
f 4771/1/1 4881/2/2 4777/3/3 4778/4/4
f 4937/5/5 4825/6/5 4996/6/5 5097/5/5
f 4882/7/6 4768/8/6 4951/8/6 5042/7/6
f 4879/9/7 4821/10/8 4772/11/9
f 4843/12/10 4771/1/1 4778/4/4
f 4849/13/11 4841/14/12 5002/15/10 5004/16/10
f 4910/17/10 4909/18/10 5069/19/10 5070/20/10
f 4819/3/13 4812/21/14 4978/22/10 4980/23/10
f 4843/12/10 4778/4/4 4785/24/15
f 4777/3/3 4776/25/16 4783/26/17 4784/21/18
f 4914/27/19 4774/28/20 4781/29/21 4915/30/22
f 4898/31/23 4772/11/9 4779/32/24 4899/33/25
f 4778/4/4 4777/3/3 4784/21/18 4785/24/15
f 4930/34/26 4775/35/27 4782/36/28 4931/37/29
f 4883/38/30 4773/39/31 4780/40/32 4884/41/33
f 4772/11/9 4821/10/8 4779/32/24
f 4817/35/34 4936/34/34 5096/42/34 4986/43/34
f 4779/32/24 4786/44/35 4964/45/36 4963/46/36
f 4785/24/15 4784/21/18 4791/47/37 4792/48/38
f 4935/37/39 4810/36/39 4985/49/39 5095/50/39
f 4780/40/32 4787/51/40 4961/52/8 4962/53/8
f 4779/32/24 4821/10/8 4786/44/35
f 4843/12/10 4785/24/15 4792/48/38
f 4912/54/10 4911/55/10 5071/56/10 5072/57/10
f 4792/48/38 4791/47/37 4798/58/41 4799/59/42
f 4932/60/43 4789/61/44 4796/62/45 4933/63/46
f 4885/64/47 4787/51/40 4794/65/48 4886/66/49
f 4786/44/35 4821/10/8 4793/67/50
f 4843/12/10 4792/48/38 4799/59/42
f 4791/47/37 4790/68/51 4797/69/52 4798/58/41
f 4916/70/53 4788/71/54 4795/72/55 4917/73/56
f 4900/74/57 4786/44/35 4793/67/50 4901/75/58
f 4876/76/59 4877/77/59 5028/78/59 5027/79/59
f 4793/67/50 4821/10/8 4800/44/60
f 4843/12/10 4799/59/42 4806/48/61
f 4807/32/62 4814/11/63 4984/80/64 4983/46/64
f 4803/61/65 4934/60/65 5094/81/65 4975/82/65
f 4848/83/66 4849/13/66 5004/16/66 5003/84/66
f 4799/59/42 4798/58/41 4805/47/67 4806/48/61
f 4781/29/8 4788/71/8 4960/85/8 4959/86/8
f 4843/12/10 4806/48/61 4813/24/68
f 4805/47/67 4804/68/69 4811/87/70 4812/21/14
f 4918/70/71 4802/71/72 4809/88/73 4919/30/74
f 4902/74/75 4800/44/60 4807/32/62 4903/33/76
f 4806/48/61 4805/47/67 4812/21/14 4813/24/68
f 4934/60/77 4803/61/78 4810/36/79 4935/37/80
f 4887/64/81 4801/51/82 4808/40/83 4888/41/84
f 4800/44/60 4821/10/8 4807/32/62
f 4808/40/83 4815/39/85 4981/89/8 4982/53/8
f 4813/24/68 4812/21/14 4819/3/13 4820/4/86
f 4933/63/87 4796/62/87 4976/90/87 5093/91/87
f 4782/36/8 4789/61/8 4957/92/8 4958/49/8
f 4807/32/62 4821/10/8 4814/11/63
f 4843/12/10 4813/24/68 4820/4/86
f 4913/93/6 4879/9/6 5041/9/6 5073/93/6
f 4789/61/88 4932/60/88 5092/81/88 4957/92/88
f 4820/4/86 4819/3/13 4827/2/89 4828/1/90
f 4936/34/91 4817/35/92 4825/6/93 4937/5/94
f 4889/38/95 4815/39/85 4823/8/96 4890/7/97
f 4814/11/63 4821/10/8 4822/9/98
f 4843/12/10 4820/4/86 4828/1/90
f 4819/3/13 4818/25/99 4826/94/100 4827/2/89
f 4920/27/101 4816/28/102 4824/95/103 4921/96/104
f 4904/31/105 4814/11/63 4822/9/98 4905/93/106
f 4822/9/98 4821/10/8 4829/97/107
f 4843/12/10 4828/1/90 4835/98/108
f 4872/97/59 4912/54/59 5072/57/59 5035/99/59
f 4818/25/34 4819/3/34 4980/23/34 4979/100/34
f 4931/37/109 4782/36/109 4958/49/109 5091/50/109
f 4828/1/90 4827/2/89 4834/101/110 4835/98/108
f 4790/68/88 4791/47/88 4956/102/88 4955/103/88
f 4911/55/111 4865/104/111 5036/105/111 5071/56/111
f 4834/101/110 4833/106/112 4840/107/113 4841/14/12
f 4922/108/114 4831/109/115 4838/110/116 4923/111/117
f 4906/54/118 4829/97/107 4836/104/119 4907/112/120
f 4835/98/108 4834/101/110 4841/14/12 4842/113/121
f 4938/114/122 4832/115/123 4839/116/124 4939/117/125
f 4891/118/126 4830/119/127 4837/120/128 4892/121/129
f 4829/97/107 4821/10/8 4836/104/119
f 4843/12/10 4835/98/108 4842/113/121
f 4842/113/121 4841/14/12 4849/13/11 4850/122/130
f 4775/35/131 4930/34/131 5090/42/131 5039/43/131
f 4858/123/132 4910/17/132 5070/20/132 5024/124/132
f 4836/104/119 4821/10/8 4844/123/133
f 4843/12/10 4842/113/121 4850/122/130
f 4914/27/10 4929/96/10 5089/96/10 5074/125/10
f 4909/18/134 4851/126/134 5023/127/134 5069/19/134
f 4844/123/66 4908/128/66 5068/20/66 5011/124/66
f 4940/129/135 4847/130/136 4854/131/137 4941/132/138
f 4893/133/139 4845/134/140 4852/135/141 4894/136/142
f 4844/123/133 4821/10/8 4851/126/143
f 4843/12/10 4850/122/130 4857/137/144
f 4849/13/11 4848/83/145 4855/138/146 4856/139/147
f 4924/140/148 4846/141/149 4853/142/150 4925/143/151
f 4908/128/152 4844/123/133 4851/126/143 4909/18/153
f 4850/122/130 4849/13/11 4856/139/147 4857/137/144
f 4843/12/10 4857/137/144 4864/122/154
f 4916/70/10 4915/30/10 5075/144/10 5076/145/10
f 4907/112/155 4836/104/155 5012/105/155 5067/56/155
f 4829/97/156 4906/54/156 5066/57/156 4993/99/156
f 4857/137/144 4856/139/147 4863/13/157 4864/122/154
f 4918/70/10 4917/73/10 5077/146/10 5078/145/10
f 4905/93/5 4822/9/5 4994/9/5 5065/93/5
f 4851/126/143 4821/10/8 4858/123/158
f 4926/147/159 4860/141/160 4867/148/161 4927/149/162
f 4910/17/163 4858/123/158 4865/104/164 4911/55/165
f 4864/122/154 4863/13/157 4870/150/166 4871/113/167
f 4942/151/168 4861/130/169 4868/152/170 4943/153/171
f 4895/133/172 4859/134/173 4866/154/174 4896/155/175
f 4858/123/158 4821/10/8 4865/104/164
f 4843/12/10 4864/122/154 4871/113/167
f 4863/13/157 4862/83/176 4869/156/177 4870/150/166
f 4871/113/167 4870/150/166 4877/77/178 4878/98/179
f 4814/11/34 4904/31/34 5064/157/34 4984/80/34
f 4920/27/10 4919/30/10 5079/144/10 5080/125/10
f 4865/104/164 4821/10/8 4872/97/180
f 4843/12/10 4871/113/167 4878/98/179
f 4903/33/39 4807/32/39 4983/46/39 5063/158/39
f 4800/44/65 4902/74/65 5062/159/65 4973/45/65
f 4870/150/111 4869/156/111 5025/160/111 5026/15/111
f 4897/161/181 4873/162/182 4768/8/183 4882/7/184
f 4872/97/180 4821/10/8 4879/9/7
f 4843/12/10 4878/98/179 4771/1/1
f 4877/77/178 4876/76/185 4770/94/186 4881/2/2
f 4928/108/187 4874/163/188 4769/95/189 4929/96/190
f 4912/54/191 4872/97/180 4879/9/7 4913/93/192
f 4878/98/179 4877/77/178 4881/2/2 4771/1/1
f 4944/114/193 4875/115/194 4880/6/195 4945/5/196
f 4874/163/188 4897/161/181 4882/7/184 4769/95/189
f 4867/148/161 4896/155/175 4897/161/181 4874/163/188
f 4860/141/160 4895/133/172 4896/155/175 4867/148/161
f 4853/142/150 4894/136/142 4895/133/172 4860/141/160
f 4846/141/149 4893/133/139 4894/136/142 4853/142/150
f 4838/110/116 4892/121/129 4893/133/139 4846/141/149
f 4831/109/115 4891/118/126 4892/121/129 4838/110/116
f 4824/95/103 4890/7/97 4891/118/126 4831/109/115
f 4816/28/102 4889/38/95 4890/7/97 4824/95/103
f 4809/88/73 4888/41/84 4889/38/95 4816/28/102
f 4802/71/72 4887/64/81 4888/41/84 4809/88/73
f 4795/72/55 4886/66/49 4887/64/81 4802/71/72
f 4788/71/54 4885/64/47 4886/66/49 4795/72/55
f 4781/29/21 4884/41/33 4885/64/47 4788/71/54
f 4774/28/20 4883/38/30 4884/41/33 4781/29/21
f 4769/95/189 4882/7/184 4883/38/30 4774/28/20
f 4873/162/182 4912/54/191 4913/93/192 4768/8/183
f 4866/154/174 4911/55/165 4912/54/191 4873/162/182
f 4859/134/173 4910/17/163 4911/55/165 4866/154/174
f 4852/135/141 4909/18/153 4910/17/163 4859/134/173
f 4845/134/140 4908/128/152 4909/18/153 4852/135/141
f 4837/120/128 4907/112/120 4908/128/152 4845/134/140
f 4830/119/127 4906/54/118 4907/112/120 4837/120/128
f 4823/8/96 4905/93/106 4906/54/118 4830/119/127
f 4815/39/85 4904/31/105 4905/93/106 4823/8/96
f 4808/40/83 4903/33/76 4904/31/105 4815/39/85
f 4801/51/82 4902/74/75 4903/33/76 4808/40/83
f 4794/65/48 4901/75/58 4902/74/75 4801/51/82
f 4787/51/40 4900/74/57 4901/75/58 4794/65/48
f 4780/40/32 4899/33/25 4900/74/57 4787/51/40
f 4773/39/31 4898/31/23 4899/33/25 4780/40/32
f 4768/8/183 4913/93/192 4898/31/23 4773/39/31
f 4875/115/194 4928/108/187 4929/96/190 4880/6/195
f 4868/152/170 4927/149/162 4928/108/187 4875/115/194
f 4861/130/169 4926/147/159 4927/149/162 4868/152/170
f 4854/131/137 4925/143/151 4926/147/159 4861/130/169
f 4847/130/136 4924/140/148 4925/143/151 4854/131/137
f 4839/116/124 4923/111/117 4924/140/148 4847/130/136
f 4832/115/123 4922/108/114 4923/111/117 4839/116/124
f 4825/6/93 4921/96/104 4922/108/114 4832/115/123
f 4817/35/92 4920/27/101 4921/96/104 4825/6/93
f 4810/36/79 4919/30/74 4920/27/101 4817/35/92
f 4803/61/78 4918/70/71 4919/30/74 4810/36/79
f 4796/62/45 4917/73/56 4918/70/71 4803/61/78
f 4789/61/44 4916/70/53 4917/73/56 4796/62/45
f 4782/36/28 4915/30/22 4916/70/53 4789/61/44
f 4775/35/27 4914/27/19 4915/30/22 4782/36/28
f 4880/6/195 4929/96/190 4914/27/19 4775/35/27
f 4876/76/185 4944/114/193 4945/5/196 4770/94/186
f 4869/156/177 4943/153/171 4944/114/193 4876/76/185
f 4862/83/176 4942/151/168 4943/153/171 4869/156/177
f 4855/138/146 4941/132/138 4942/151/168 4862/83/176
f 4848/83/145 4940/129/135 4941/132/138 4855/138/146
f 4840/107/113 4939/117/125 4940/129/135 4848/83/145
f 4833/106/112 4938/114/122 4939/117/125 4840/107/113
f 4826/94/100 4937/5/94 4938/114/122 4833/106/112
f 4818/25/99 4936/34/91 4937/5/94 4826/94/100
f 4811/87/70 4935/37/80 4936/34/91 4818/25/99
f 4804/68/69 4934/60/77 4935/37/80 4811/87/70
f 4797/69/52 4933/63/46 4934/60/77 4804/68/69
f 4790/68/51 4932/60/43 4933/63/46 4797/69/52
f 4783/26/17 4931/37/29 4932/60/43 4790/68/51
f 4776/25/16 4930/34/26 4931/37/29 4783/26/17
f 4770/94/186 4945/5/196 4930/34/26 4776/25/16
f 5105/5/197 5038/6/197 5039/43/197 5090/42/197
f 5042/7/198 4951/8/198 4952/89/198 5043/164/198
f 5037/2/824 4948/94/824 4946/100/824 4947/23/824
f 5089/96/200 4950/95/200 4949/165/200 5074/125/200
f 5073/93/201 5041/9/202 5040/80/202 5058/157/201
f 5075/144/203 4959/86/203 4960/85/203 5076/145/203
f 5059/158/204 4963/46/36 4964/45/36 5060/159/204
f 5091/50/205 4958/49/205 4957/92/205 5092/81/205
f 5044/166/206 4962/53/206 4961/52/206 5045/167/206
f 4954/22/207 4953/168/207 4955/103/207 4956/102/207
f 5046/169/825 4971/170/825 4972/52/825 5047/167/825
f 4966/171/209 4965/172/209 4967/103/209 4968/102/209
f 5077/146/210 4970/173/210 4969/85/210 5078/145/210
f 5061/174/211 4974/175/212 4973/45/212 5062/159/211
f 5093/91/213 4976/90/213 4975/82/213 5094/81/213
f 5063/158/214 4983/46/64 4984/80/64 5064/157/214
f 5095/50/215 4985/49/215 4986/43/215 5096/42/215
f 5048/176/216 4982/53/216 4981/89/216 5049/164/216
f 4978/22/820 4977/168/820 4979/100/820 4980/23/820
f 5079/144/218 4988/86/218 4987/165/218 5080/125/218
f 4990/2/219 4989/94/219 4991/79/219 4992/177/219
f 5081/96/220 4997/95/220 4998/178/220 5082/179/220
f 5065/93/221 4994/9/222 4993/99/222 5066/57/221
f 5097/5/223 4996/6/223 4995/180/223 5098/181/223
f 5050/7/833 5000/8/833 4999/182/833 5051/183/833
f 5099/184/225 5005/185/225 5006/186/225 5100/187/225
f 5052/188/226 5009/189/226 5010/190/226 5053/191/226
f 5002/15/834 5001/160/834 5003/84/834 5004/16/834
f 5083/192/228 5008/193/228 5007/194/228 5084/195/228
f 5067/56/229 5012/105/230 5011/124/230 5068/20/229
f 5014/196/231 5013/197/231 5015/198/231 5016/16/231
f 5085/199/232 5019/200/232 5020/201/232 5086/202/232
f 5069/19/233 5023/127/234 5024/124/234 5070/20/233
f 5101/203/235 5018/204/235 5017/205/235 5102/206/235
f 5054/207/236 5022/208/236 5021/190/236 5055/191/236
f 5103/209/237 5029/210/237 5030/180/237 5104/211/237
f 5056/188/839 5033/189/839 5034/212/839 5057/213/839
f 5026/15/239 5025/160/239 5027/79/239 5028/78/239
f 5087/214/240 5032/193/240 5031/178/240 5088/215/240
f 5071/56/241 5036/105/242 5035/99/242 5072/57/241
f 4811/87/8 4818/25/8 4979/100/8 4977/168/8
f 4877/77/178 4870/150/166 5026/15/10 5028/78/10
f 4791/47/37 4784/21/18 4954/22/10 4956/102/10
f 4840/107/8 4848/83/8 5003/84/8 5001/160/8
f 4773/39/131 4883/38/131 5043/164/131 4952/89/131
f 4832/115/156 4938/114/156 5098/181/156 4995/180/156
f 4810/36/8 4817/35/8 4986/43/8 4985/49/8
f 4869/156/8 4876/76/8 5027/79/8 5025/160/8
f 4908/128/10 4907/112/10 5067/56/10 5068/20/10
f 4783/26/8 4790/68/8 4955/103/8 4953/168/8
f 4839/116/8 4847/130/8 5006/186/8 5005/185/8
f 4884/41/109 4780/40/109 4962/53/109 5044/166/109
f 4939/117/155 4839/116/155 5005/185/155 5099/184/155
f 4809/88/8 4816/28/8 4987/165/8 4988/86/8
f 4868/152/8 4875/115/8 5030/180/8 5029/210/8
f 4838/110/8 4846/141/8 5007/194/8 5008/193/8
f 4787/51/88 4885/64/88 5045/167/88 4961/52/88
f 4847/130/66 4940/129/66 5100/187/66 5006/186/66
f 4867/148/8 4874/163/8 5031/178/8 5032/193/8
f 4906/54/10 4905/93/10 5065/93/10 5066/57/10
f 4837/120/128 4845/134/140 5010/190/8 5009/189/8
f 4886/66/87 4794/65/87 4971/170/87 5046/169/87
f 4941/132/134 4854/131/134 5018/204/134 5101/203/134
f 4866/154/174 4873/162/182 5034/212/8 5033/189/8
f 4836/104/119 4844/123/133 5011/124/230 5012/105/230
f 4801/51/65 4887/64/65 5047/167/65 4972/52/65
f 4861/130/132 4942/151/132 5102/206/132 5017/205/132
f 4865/104/164 4872/97/180 5035/99/242 5036/105/242
f 4904/31/10 4903/33/10 5063/158/10 5064/157/10
f 4888/41/39 4808/40/39 4982/53/39 5048/176/39
f 4943/153/111 4868/152/111 5029/210/111 5103/209/111
f 4798/58/87 4797/69/87 4965/172/87 4966/171/87
f 4815/39/34 4889/38/34 5049/164/34 4981/89/34
f 4875/115/59 4944/114/59 5104/211/59 5030/180/59
f 4902/74/10 4901/75/10 5061/174/10 5062/159/10
f 4890/7/5 4823/8/5 5000/8/5 5050/7/5
f 4945/5/6 4880/6/6 5038/6/6 5105/5/6
f 4827/2/5 4826/94/5 4989/94/5 4990/2/5
f 4830/119/156 4891/118/156 5051/183/156 4999/182/156
f 4900/74/10 4899/33/10 5059/158/10 5060/159/10
f 4856/139/134 4855/138/134 5013/197/134 5014/196/134
f 4892/121/155 4837/120/155 5009/189/155 5052/188/155
f 4944/114/10 4943/153/10 5103/209/10 5104/211/10
f 4845/134/66 4893/133/66 5053/191/66 5010/190/66
f 4898/31/10 4913/93/10 5073/93/10 5058/157/10
f 4894/136/134 4852/135/134 5022/208/134 5054/207/134
f 4942/151/10 4941/132/10 5101/203/10 5102/206/10
f 4774/28/131 4914/27/131 5074/125/131 4949/165/131
f 4859/134/132 4895/133/132 5055/191/132 5021/190/132
f 4881/2/6 4770/94/6 4948/94/6 5037/2/6
f 4915/30/109 4781/29/109 4959/86/109 5075/144/109
f 4896/155/111 4866/154/111 5033/189/111 5056/188/111
f 4940/129/10 4939/117/10 5099/184/10 5100/187/10
f 4788/71/88 4916/70/88 5076/145/88 4960/85/88
f 4873/162/59 4897/161/59 5057/213/59 5034/212/59
f 4917/73/87 4795/72/87 4970/173/87 5077/146/87
f 4938/114/10 4937/5/10 5097/5/10 5098/181/10
f 4802/71/65 4918/70/65 5078/145/65 4969/85/65
f 4897/161/10 4896/155/10 5056/188/10 5057/213/10
f 4919/30/39 4809/88/39 4988/86/39 5079/144/39
f 4936/34/10 4935/37/10 5095/50/10 5096/42/10
f 4777/3/3 4881/2/2 5037/2/10 4947/23/10
f 4816/28/34 4920/27/34 5080/125/34 4987/165/34
f 4895/133/10 4894/136/10 5054/207/10 5055/191/10
f 4880/6/8 4775/35/8 5039/43/8 5038/6/8
f 4921/96/5 4824/95/5 4997/95/5 5081/96/5
f 4804/68/65 4805/47/65 4968/102/65 4967/103/65
f 4934/60/10 4933/63/10 5093/91/10 5094/81/10
f 4879/9/7 4772/11/9 5040/80/202 5041/9/202
f 4831/109/156 4922/108/156 5082/179/156 4998/178/156
f 4893/133/10 4892/121/10 5052/188/10 5053/191/10
f 4833/106/156 4834/101/156 4992/177/156 4991/79/156
f 4923/111/155 4838/110/155 5008/193/155 5083/192/155
f 4795/72/8 4802/71/8 4969/85/8 4970/173/8
f 4776/25/131 4777/3/131 4947/23/131 4946/100/131
f 4932/60/10 4931/37/10 5091/50/10 5092/81/10
f 4846/141/66 4924/140/66 5084/195/66 5007/194/66
f 4794/65/48 4801/51/82 4972/52/8 4971/170/8
f 4862/83/132 4863/13/132 5016/16/132 5015/198/132
f 4891/118/10 4890/7/10 5050/7/10 5051/183/10
f 4822/9/98 4829/97/107 4993/99/222 4994/9/222
f 4925/143/134 4853/142/134 5019/200/134 5085/199/134
f 4793/67/50 4800/44/60 4973/45/212 4974/175/212
f 4930/34/10 4945/5/10 5105/5/10 5090/42/10
f 4860/141/132 4926/147/132 5086/202/132 5020/201/132
f 4770/94/8 4776/25/8 4946/100/8 4948/94/8
f 4889/38/10 4888/41/10 5048/176/10 5049/164/10
f 4834/101/110 4827/2/89 4990/2/10 4992/177/10
f 4927/149/111 4867/148/111 5032/193/111 5087/214/111
f 4805/47/67 4798/58/41 4966/171/10 4968/102/10
f 4863/13/157 4856/139/147 5014/196/10 5016/16/10
f 4769/95/8 4774/28/8 4949/165/8 4950/95/8
f 4826/94/8 4833/106/8 4991/79/8 4989/94/8
f 4874/163/59 4928/108/59 5088/215/59 5031/178/59
f 4797/69/8 4804/68/8 4967/103/8 4965/172/8
f 4855/138/8 4862/83/8 5015/198/8 5013/197/8
f 4768/8/183 4773/39/31 4952/89/8 4951/8/8
f 4887/64/10 4886/66/10 5046/169/10 5047/167/10
f 4825/6/8 4832/115/8 4995/180/8 4996/6/8
f 4929/96/6 4769/95/6 4950/95/6 5089/96/6
f 4796/62/8 4803/61/8 4975/82/8 4976/90/8
f 4854/131/8 4861/130/8 5017/205/8 5018/204/8
f 4824/95/8 4831/109/8 4998/178/8 4997/95/8
f 4853/142/8 4860/141/8 5020/201/8 5019/200/8
f 4885/64/10 4884/41/10 5044/166/10 5045/167/10
f 4823/8/96 4830/119/127 4999/182/8 5000/8/8
f 4928/108/10 4927/149/10 5087/214/10 5088/215/10
f 4852/135/141 4859/134/173 5021/190/8 5022/208/8
f 4851/126/143 4858/123/158 5024/124/234 5023/127/234
f 4883/38/10 4882/7/10 5042/7/10 5043/164/10
f 4926/147/10 4925/143/10 5085/199/10 5086/202/10
f 4772/11/131 4898/31/131 5058/157/131 5040/80/131
f 4784/21/109 4783/26/109 4953/168/109 4954/22/109
f 4812/21/39 4811/87/39 4977/168/39 4978/22/39
f 4899/33/109 4779/32/109 4963/46/109 5059/158/109
f 4924/140/10 4923/111/10 5083/192/10 5084/195/10
f 4786/44/88 4900/74/88 5060/159/88 4964/45/88
f 4841/14/155 4840/107/155 5001/160/155 5002/15/155
f 4901/75/87 4793/67/87 4974/175/87 5061/174/87
f 4922/108/10 4921/96/10 5081/96/10 5082/179/10
f 5106/216/6 5107/217/6 5109/217/6 5108/216/6
f 5108/216/87 5109/217/87 5113/218/87 5112/219/87
f 5112/219/5 5113/218/5 5111/218/5 5110/219/5
f 5110/219/134 5111/218/134 5107/217/134 5106/216/134
f 5108/216/10 5112/219/10 5110/219/10 5106/216/10
f 5113/218/8 5109/217/8 5107/217/8 5111/218/8
f 5122/220/243 5123/221/243 5117/222/244 5116/220/245
f 5126/223/246 5127/224/246 5121/225/247 5120/226/248
f 5124/227/249 5125/228/249 5119/225/250 5118/229/251
f 5128/223/826 5129/230/826 5115/221/253 5114/231/254
f 5131/232/255 5124/227/256 5118/229/257 5128/223/258
f 5130/233/259 5123/221/260 5115/221/261 5129/230/262
f 5127/224/263 5117/222/264 5123/221/260 5130/233/259
f 5126/223/265 5120/226/266 5124/227/256 5131/232/255
f 5120/226/248 5121/225/247 5125/228/267 5124/227/267
f 5114/231/254 5115/221/253 5123/221/243 5122/220/243
f 5116/220/268 5126/223/265 5131/232/255 5122/220/269
f 5121/225/270 5127/224/263 5130/233/259 5125/228/271
f 5125/228/271 5130/233/259 5129/230/262 5119/225/272
f 5122/220/269 5131/232/255 5128/223/258 5114/231/273
f 5118/229/251 5119/225/250 5129/230/274 5128/223/274
f 5116/220/245 5117/222/244 5127/224/275 5126/223/275
f 5140/234/276 5141/235/276 5135/235/277 5134/236/278
f 5144/237/279 5145/238/279 5139/239/280 5138/240/281
f 5142/241/282 5143/242/282 5137/243/283 5136/240/284
f 5146/244/285 5147/245/285 5133/246/286 5132/234/287
f 5149/247/288 5142/241/289 5136/240/290 5146/244/291
f 5148/248/292 5141/235/293 5133/246/294 5147/245/295
f 5145/238/296 5135/235/297 5141/235/293 5148/248/292
f 5144/237/298 5138/240/299 5142/241/289 5149/247/288
f 5138/240/281 5139/239/280 5143/242/300 5142/241/300
f 5132/234/287 5133/246/286 5141/235/276 5140/234/276
f 5134/236/301 5144/237/298 5149/247/288 5140/234/302
f 5139/239/303 5145/238/296 5148/248/292 5143/242/304
f 5143/242/304 5148/248/292 5147/245/295 5137/243/305
f 5140/234/302 5149/247/288 5146/244/291 5132/234/306
f 5136/240/284 5137/243/283 5147/245/307 5146/244/307
f 5134/236/278 5135/235/277 5145/238/308 5144/237/308
f 5158/249/309 5159/250/309 5153/251/310 5152/252/311
f 5162/253/312 5163/254/313 5157/255/314 5156/256/315
f 5160/257/316 5161/258/316 5155/259/317 5154/260/318
f 5164/261/319 5165/262/320 5151/263/321 5150/264/322
f 5167/265/323 5160/257/324 5154/260/325 5164/261/326
f 5166/266/327 5159/250/328 5151/263/329 5165/262/330
f 5163/254/331 5153/251/332 5159/250/328 5166/266/327
f 5162/253/333 5156/256/334 5160/257/324 5167/265/323
f 5156/256/315 5157/255/314 5161/258/335 5160/257/335
f 5150/264/322 5151/263/321 5159/250/309 5158/249/309
f 5152/252/336 5162/253/333 5167/265/323 5158/249/337
f 5157/255/338 5163/254/331 5166/266/327 5161/258/339
f 5161/258/339 5166/266/327 5165/262/330 5155/259/340
f 5158/249/337 5167/265/323 5164/261/326 5150/264/341
f 5154/260/318 5155/259/317 5165/262/320 5164/261/319
f 5152/252/311 5153/251/310 5163/254/313 5162/253/312
f 5176/267/342 5177/268/342 5171/269/343 5170/270/344
f 5180/271/345 5181/272/345 5175/273/346 5174/274/347
f 5178/275/348 5179/276/348 5173/277/349 5172/278/350
f 5182/279/351 5183/280/351 5169/281/352 5168/282/353
f 5185/283/354 5178/275/355 5172/278/356 5182/279/357
f 5184/284/358 5177/268/359 5169/281/360 5183/280/361
f 5181/272/362 5171/269/363 5177/268/359 5184/284/358
f 5180/271/364 5174/274/365 5178/275/355 5185/283/354
f 5174/274/347 5175/273/346 5179/276/366 5178/275/366
f 5168/282/353 5169/281/352 5177/268/342 5176/267/342
f 5170/270/367 5180/271/364 5185/283/354 5176/267/368
f 5175/273/369 5181/272/362 5184/284/358 5179/276/370
f 5179/276/370 5184/284/358 5183/280/361 5173/277/822
f 5176/267/368 5185/283/354 5182/279/357 5168/282/372
f 5172/278/350 5173/277/349 5183/280/373 5182/279/373
f 5170/270/344 5171/269/343 5181/272/374 5180/271/374
f 5194/285/375 5195/286/375 5189/287/376 5188/288/377
f 5198/289/378 5199/290/379 5193/291/380 5192/292/381
f 5196/293/382 5197/294/382 5191/295/383 5190/296/384
f 5200/297/385 5201/298/386 5187/299/387 5186/300/388
f 5203/301/389 5196/293/390 5190/296/391 5200/297/392
f 5202/302/393 5195/286/394 5187/299/836 5201/298/396
f 5199/290/397 5189/287/398 5195/286/394 5202/302/393
f 5198/289/399 5192/292/400 5196/293/390 5203/301/389
f 5192/292/381 5193/291/380 5197/294/401 5196/293/401
f 5186/300/388 5187/299/387 5195/286/375 5194/285/375
f 5188/288/402 5198/289/399 5203/301/389 5194/285/403
f 5193/291/404 5199/290/397 5202/302/393 5197/294/405
f 5197/294/405 5202/302/393 5201/298/396 5191/295/406
f 5194/285/403 5203/301/389 5200/297/392 5186/300/407
f 5190/296/384 5191/295/383 5201/298/386 5200/297/385
f 5188/288/377 5189/287/376 5199/290/379 5198/289/378
f 5212/303/408 5213/304/408 5207/305/409 5206/306/410
f 5216/307/411 5217/308/411 5211/309/412 5210/310/413
f 5214/311/414 5215/312/414 5209/313/415 5208/314/416
f 5218/315/417 5219/316/417 5205/317/418 5204/318/419
f 5221/319/420 5214/311/421 5208/314/422 5218/315/423
f 5220/320/424 5213/304/425 5205/317/426 5219/316/427
f 5217/308/428 5207/305/429 5213/304/425 5220/320/424
f 5216/307/430 5210/310/431 5214/311/421 5221/319/420
f 5210/310/413 5211/309/412 5215/312/828 5214/311/828
f 5204/318/419 5205/317/418 5213/304/408 5212/303/408
f 5206/306/433 5216/307/430 5221/319/420 5212/303/434
f 5211/309/435 5217/308/428 5220/320/424 5215/312/436
f 5215/312/436 5220/320/424 5219/316/427 5209/313/437
f 5212/303/434 5221/319/420 5218/315/423 5204/318/438
f 5208/314/416 5209/313/415 5219/316/439 5218/315/439
f 5206/306/410 5207/305/409 5217/308/440 5216/307/440
f 5230/249/441 5231/250/441 5225/251/442 5224/252/443
f 5234/253/444 5235/254/445 5229/255/446 5228/256/447
f 5232/257/448 5233/258/448 5227/259/449 5226/260/450
f 5236/261/451 5237/262/452 5223/263/453 5222/264/454
f 5239/265/455 5232/257/456 5226/260/457 5236/261/458
f 5238/266/459 5231/250/460 5223/263/461 5237/262/462
f 5235/254/463 5225/251/464 5231/250/460 5238/266/459
f 5234/253/465 5228/256/466 5232/257/456 5239/265/455
f 5228/256/447 5229/255/446 5233/258/467 5232/257/467
f 5222/264/454 5223/263/453 5231/250/441 5230/249/441
f 5224/252/468 5234/253/465 5239/265/455 5230/249/469
f 5229/255/470 5235/254/463 5238/266/459 5233/258/471
f 5233/258/471 5238/266/459 5237/262/462 5227/259/472
f 5230/249/469 5239/265/455 5236/261/458 5222/264/473
f 5226/260/450 5227/259/449 5237/262/452 5236/261/451
f 5224/252/443 5225/251/442 5235/254/445 5234/253/444
f 5248/267/474 5249/268/474 5243/269/475 5242/270/476
f 5252/271/477 5253/272/477 5247/273/478 5246/274/479
f 5250/275/480 5251/276/480 5245/277/481 5244/278/482
f 5254/279/483 5255/280/483 5241/281/484 5240/282/823
f 5257/283/486 5250/275/487 5244/278/488 5254/279/489
f 5256/284/490 5249/268/491 5241/281/492 5255/280/493
f 5253/272/494 5243/269/495 5249/268/491 5256/284/490
f 5252/271/496 5246/274/497 5250/275/487 5257/283/486
f 5246/274/479 5247/273/478 5251/276/498 5250/275/498
f 5240/282/823 5241/281/484 5249/268/474 5248/267/474
f 5242/270/499 5252/271/496 5257/283/486 5248/267/500
f 5247/273/501 5253/272/494 5256/284/490 5251/276/502
f 5251/276/502 5256/284/490 5255/280/493 5245/277/503
f 5248/267/500 5257/283/486 5254/279/489 5240/282/504
f 5244/278/482 5245/277/481 5255/280/505 5254/279/505
f 5242/270/476 5243/269/475 5253/272/506 5252/271/506
usemtl base_material.020
f 5261/1/1 5371/2/2 5267/3/3 5268/4/4
f 5427/5/5 5315/6/5 5486/6/5 5587/5/5
f 5372/7/6 5258/8/6 5441/8/6 5532/7/6
f 5369/9/7 5311/10/8 5262/11/9
f 5333/12/10 5261/1/1 5268/4/4
f 5339/13/11 5331/14/12 5492/15/10 5494/16/10
f 5400/17/10 5399/18/10 5559/19/10 5560/20/10
f 5309/3/13 5302/21/14 5468/22/10 5470/23/10
f 5333/12/10 5268/4/4 5275/24/15
f 5267/3/3 5266/25/16 5273/26/17 5274/21/18
f 5404/27/19 5264/28/20 5271/29/21 5405/30/22
f 5388/31/23 5262/11/9 5269/32/24 5389/33/25
f 5268/4/4 5267/3/3 5274/21/18 5275/24/15
f 5420/34/26 5265/35/27 5272/36/28 5421/37/29
f 5373/38/30 5263/39/31 5270/40/32 5374/41/33
f 5262/11/9 5311/10/8 5269/32/24
f 5307/35/34 5426/34/34 5586/42/34 5476/43/34
f 5269/32/24 5276/44/35 5454/45/36 5453/46/36
f 5275/24/15 5274/21/18 5281/47/37 5282/48/38
f 5425/37/39 5300/36/39 5475/49/39 5585/50/39
f 5270/40/32 5277/51/40 5451/52/8 5452/53/8
f 5269/32/24 5311/10/8 5276/44/35
f 5333/12/10 5275/24/15 5282/48/38
f 5402/54/10 5401/55/10 5561/56/10 5562/57/10
f 5282/48/38 5281/47/37 5288/58/41 5289/59/42
f 5422/60/43 5279/61/44 5286/62/45 5423/63/46
f 5375/64/47 5277/51/40 5284/65/48 5376/66/49
f 5276/44/35 5311/10/8 5283/67/50
f 5333/12/10 5282/48/38 5289/59/42
f 5281/47/37 5280/68/51 5287/69/52 5288/58/41
f 5406/70/53 5278/71/54 5285/72/55 5407/73/56
f 5390/74/57 5276/44/35 5283/67/50 5391/75/58
f 5366/76/59 5367/77/59 5518/78/59 5517/79/59
f 5283/67/50 5311/10/8 5290/44/60
f 5333/12/10 5289/59/42 5296/48/61
f 5297/32/62 5304/11/63 5474/80/64 5473/46/64
f 5293/61/65 5424/60/65 5584/81/65 5465/82/65
f 5338/83/66 5339/13/66 5494/16/66 5493/84/66
f 5289/59/42 5288/58/41 5295/47/67 5296/48/61
f 5271/29/8 5278/71/8 5450/85/8 5449/86/8
f 5333/12/10 5296/48/61 5303/24/68
f 5295/47/67 5294/68/69 5301/87/70 5302/21/14
f 5408/70/71 5292/71/72 5299/88/73 5409/30/74
f 5392/74/75 5290/44/60 5297/32/62 5393/33/76
f 5296/48/61 5295/47/67 5302/21/14 5303/24/68
f 5424/60/77 5293/61/78 5300/36/79 5425/37/80
f 5377/64/81 5291/51/82 5298/40/83 5378/41/84
f 5290/44/60 5311/10/8 5297/32/62
f 5298/40/83 5305/39/85 5471/89/8 5472/53/8
f 5303/24/68 5302/21/14 5309/3/13 5310/4/86
f 5423/63/87 5286/62/87 5466/90/87 5583/91/87
f 5272/36/8 5279/61/8 5447/92/8 5448/49/8
f 5297/32/62 5311/10/8 5304/11/63
f 5333/12/10 5303/24/68 5310/4/86
f 5403/93/6 5369/9/6 5531/9/6 5563/93/6
f 5279/61/88 5422/60/88 5582/81/88 5447/92/88
f 5310/4/86 5309/3/13 5317/2/89 5318/1/90
f 5426/34/91 5307/35/92 5315/6/93 5427/5/94
f 5379/38/95 5305/39/85 5313/8/96 5380/7/97
f 5304/11/63 5311/10/8 5312/9/98
f 5333/12/10 5310/4/86 5318/1/90
f 5309/3/13 5308/25/99 5316/94/100 5317/2/89
f 5410/27/101 5306/28/102 5314/95/103 5411/96/104
f 5394/31/105 5304/11/63 5312/9/98 5395/93/106
f 5312/9/98 5311/10/8 5319/97/107
f 5333/12/10 5318/1/90 5325/98/108
f 5362/97/59 5402/54/59 5562/57/59 5525/99/59
f 5308/25/34 5309/3/34 5470/23/34 5469/100/34
f 5421/37/109 5272/36/109 5448/49/109 5581/50/109
f 5318/1/90 5317/2/89 5324/101/110 5325/98/108
f 5280/68/88 5281/47/88 5446/102/88 5445/103/88
f 5401/55/111 5355/104/111 5526/105/111 5561/56/111
f 5324/101/110 5323/106/112 5330/107/113 5331/14/12
f 5412/108/114 5321/109/115 5328/110/116 5413/111/117
f 5396/54/118 5319/97/107 5326/104/119 5397/112/120
f 5325/98/108 5324/101/110 5331/14/12 5332/113/121
f 5428/114/122 5322/115/123 5329/116/124 5429/117/125
f 5381/118/126 5320/119/127 5327/120/128 5382/121/129
f 5319/97/107 5311/10/8 5326/104/119
f 5333/12/10 5325/98/108 5332/113/121
f 5332/113/121 5331/14/12 5339/13/11 5340/122/130
f 5265/35/131 5420/34/131 5580/42/131 5529/43/131
f 5348/123/132 5400/17/132 5560/20/132 5514/124/132
f 5326/104/119 5311/10/8 5334/123/133
f 5333/12/10 5332/113/121 5340/122/130
f 5404/27/10 5419/96/10 5579/96/10 5564/125/10
f 5399/18/134 5341/126/134 5513/127/134 5559/19/134
f 5334/123/66 5398/128/66 5558/20/66 5501/124/66
f 5430/129/135 5337/130/136 5344/131/137 5431/132/138
f 5383/133/139 5335/134/140 5342/135/141 5384/136/142
f 5334/123/133 5311/10/8 5341/126/143
f 5333/12/10 5340/122/130 5347/137/144
f 5339/13/11 5338/83/145 5345/138/146 5346/139/147
f 5414/140/148 5336/141/149 5343/142/150 5415/143/151
f 5398/128/152 5334/123/133 5341/126/143 5399/18/153
f 5340/122/130 5339/13/11 5346/139/147 5347/137/144
f 5333/12/10 5347/137/144 5354/122/154
f 5406/70/10 5405/30/10 5565/144/10 5566/145/10
f 5397/112/155 5326/104/155 5502/105/155 5557/56/155
f 5319/97/156 5396/54/156 5556/57/156 5483/99/156
f 5347/137/144 5346/139/147 5353/13/157 5354/122/154
f 5408/70/10 5407/73/10 5567/146/10 5568/145/10
f 5395/93/5 5312/9/5 5484/9/5 5555/93/5
f 5341/126/143 5311/10/8 5348/123/158
f 5416/147/159 5350/141/160 5357/148/161 5417/149/162
f 5400/17/163 5348/123/158 5355/104/164 5401/55/165
f 5354/122/154 5353/13/157 5360/150/166 5361/113/167
f 5432/151/168 5351/130/169 5358/152/170 5433/153/171
f 5385/133/172 5349/134/173 5356/154/174 5386/155/175
f 5348/123/158 5311/10/8 5355/104/164
f 5333/12/10 5354/122/154 5361/113/167
f 5353/13/157 5352/83/176 5359/156/177 5360/150/166
f 5361/113/167 5360/150/166 5367/77/178 5368/98/179
f 5304/11/34 5394/31/34 5554/157/34 5474/80/34
f 5410/27/10 5409/30/10 5569/144/10 5570/125/10
f 5355/104/164 5311/10/8 5362/97/180
f 5333/12/10 5361/113/167 5368/98/179
f 5393/33/39 5297/32/39 5473/46/39 5553/158/39
f 5290/44/65 5392/74/65 5552/159/65 5463/45/65
f 5360/150/111 5359/156/111 5515/160/111 5516/15/111
f 5387/161/181 5363/162/182 5258/8/183 5372/7/184
f 5362/97/180 5311/10/8 5369/9/7
f 5333/12/10 5368/98/179 5261/1/1
f 5367/77/178 5366/76/185 5260/94/186 5371/2/2
f 5418/108/187 5364/163/188 5259/95/189 5419/96/190
f 5402/54/191 5362/97/180 5369/9/7 5403/93/192
f 5368/98/179 5367/77/178 5371/2/2 5261/1/1
f 5434/114/193 5365/115/194 5370/6/195 5435/5/196
f 5364/163/188 5387/161/181 5372/7/184 5259/95/189
f 5357/148/161 5386/155/175 5387/161/181 5364/163/188
f 5350/141/160 5385/133/172 5386/155/175 5357/148/161
f 5343/142/150 5384/136/142 5385/133/172 5350/141/160
f 5336/141/149 5383/133/139 5384/136/142 5343/142/150
f 5328/110/116 5382/121/129 5383/133/139 5336/141/149
f 5321/109/115 5381/118/126 5382/121/129 5328/110/116
f 5314/95/103 5380/7/97 5381/118/126 5321/109/115
f 5306/28/102 5379/38/95 5380/7/97 5314/95/103
f 5299/88/73 5378/41/84 5379/38/95 5306/28/102
f 5292/71/72 5377/64/81 5378/41/84 5299/88/73
f 5285/72/55 5376/66/49 5377/64/81 5292/71/72
f 5278/71/54 5375/64/47 5376/66/49 5285/72/55
f 5271/29/21 5374/41/33 5375/64/47 5278/71/54
f 5264/28/20 5373/38/30 5374/41/33 5271/29/21
f 5259/95/189 5372/7/184 5373/38/30 5264/28/20
f 5363/162/182 5402/54/191 5403/93/192 5258/8/183
f 5356/154/174 5401/55/165 5402/54/191 5363/162/182
f 5349/134/173 5400/17/163 5401/55/165 5356/154/174
f 5342/135/141 5399/18/153 5400/17/163 5349/134/173
f 5335/134/140 5398/128/152 5399/18/153 5342/135/141
f 5327/120/128 5397/112/120 5398/128/152 5335/134/140
f 5320/119/127 5396/54/118 5397/112/120 5327/120/128
f 5313/8/96 5395/93/106 5396/54/118 5320/119/127
f 5305/39/85 5394/31/105 5395/93/106 5313/8/96
f 5298/40/83 5393/33/76 5394/31/105 5305/39/85
f 5291/51/82 5392/74/75 5393/33/76 5298/40/83
f 5284/65/48 5391/75/58 5392/74/75 5291/51/82
f 5277/51/40 5390/74/57 5391/75/58 5284/65/48
f 5270/40/32 5389/33/25 5390/74/57 5277/51/40
f 5263/39/31 5388/31/23 5389/33/25 5270/40/32
f 5258/8/183 5403/93/192 5388/31/23 5263/39/31
f 5365/115/194 5418/108/187 5419/96/190 5370/6/195
f 5358/152/170 5417/149/162 5418/108/187 5365/115/194
f 5351/130/169 5416/147/159 5417/149/162 5358/152/170
f 5344/131/137 5415/143/151 5416/147/159 5351/130/169
f 5337/130/136 5414/140/148 5415/143/151 5344/131/137
f 5329/116/124 5413/111/117 5414/140/148 5337/130/136
f 5322/115/123 5412/108/114 5413/111/117 5329/116/124
f 5315/6/93 5411/96/104 5412/108/114 5322/115/123
f 5307/35/92 5410/27/101 5411/96/104 5315/6/93
f 5300/36/79 5409/30/74 5410/27/101 5307/35/92
f 5293/61/78 5408/70/71 5409/30/74 5300/36/79
f 5286/62/45 5407/73/56 5408/70/71 5293/61/78
f 5279/61/44 5406/70/53 5407/73/56 5286/62/45
f 5272/36/28 5405/30/22 5406/70/53 5279/61/44
f 5265/35/27 5404/27/19 5405/30/22 5272/36/28
f 5370/6/195 5419/96/190 5404/27/19 5265/35/27
f 5366/76/185 5434/114/193 5435/5/196 5260/94/186
f 5359/156/177 5433/153/171 5434/114/193 5366/76/185
f 5352/83/176 5432/151/168 5433/153/171 5359/156/177
f 5345/138/146 5431/132/138 5432/151/168 5352/83/176
f 5338/83/145 5430/129/135 5431/132/138 5345/138/146
f 5330/107/113 5429/117/125 5430/129/135 5338/83/145
f 5323/106/112 5428/114/122 5429/117/125 5330/107/113
f 5316/94/100 5427/5/94 5428/114/122 5323/106/112
f 5308/25/99 5426/34/91 5427/5/94 5316/94/100
f 5301/87/70 5425/37/80 5426/34/91 5308/25/99
f 5294/68/69 5424/60/77 5425/37/80 5301/87/70
f 5287/69/52 5423/63/46 5424/60/77 5294/68/69
f 5280/68/51 5422/60/43 5423/63/46 5287/69/52
f 5273/26/17 5421/37/29 5422/60/43 5280/68/51
f 5266/25/16 5420/34/26 5421/37/29 5273/26/17
f 5260/94/186 5435/5/196 5420/34/26 5266/25/16
f 5595/5/197 5528/6/197 5529/43/197 5580/42/197
f 5532/7/198 5441/8/198 5442/89/198 5533/164/198
f 5527/2/824 5438/94/824 5436/100/824 5437/23/824
f 5579/96/200 5440/95/200 5439/165/200 5564/125/200
f 5563/93/201 5531/9/202 5530/80/202 5548/157/201
f 5565/144/203 5449/86/203 5450/85/203 5566/145/203
f 5549/158/204 5453/46/36 5454/45/36 5550/159/204
f 5581/50/205 5448/49/205 5447/92/205 5582/81/205
f 5534/166/206 5452/53/206 5451/52/206 5535/167/206
f 5444/22/207 5443/168/207 5445/103/207 5446/102/207
f 5536/169/825 5461/170/825 5462/52/825 5537/167/825
f 5456/171/209 5455/172/209 5457/103/209 5458/102/209
f 5567/146/210 5460/173/210 5459/85/210 5568/145/210
f 5551/174/211 5464/175/212 5463/45/212 5552/159/211
f 5583/91/213 5466/90/213 5465/82/213 5584/81/213
f 5553/158/214 5473/46/64 5474/80/64 5554/157/214
f 5585/50/215 5475/49/215 5476/43/215 5586/42/215
f 5538/176/216 5472/53/216 5471/89/216 5539/164/216
f 5468/22/217 5467/168/217 5469/100/217 5470/23/217
f 5569/144/218 5478/86/218 5477/165/218 5570/125/218
f 5480/2/219 5479/94/219 5481/79/219 5482/177/219
f 5571/96/220 5487/95/220 5488/178/220 5572/179/220
f 5555/93/221 5484/9/222 5483/99/222 5556/57/221
f 5587/5/223 5486/6/223 5485/180/223 5588/181/223
f 5540/7/224 5490/8/224 5489/182/224 5541/183/224
f 5589/184/225 5495/185/225 5496/186/225 5590/187/225
f 5542/188/226 5499/189/226 5500/190/226 5543/191/226
f 5492/15/227 5491/160/227 5493/84/227 5494/16/227
f 5573/192/228 5498/193/228 5497/194/228 5574/195/228
f 5557/56/229 5502/105/230 5501/124/230 5558/20/229
f 5504/196/231 5503/197/231 5505/198/231 5506/16/231
f 5575/199/232 5509/200/232 5510/201/232 5576/202/232
f 5559/19/233 5513/127/234 5514/124/234 5560/20/233
f 5591/203/235 5508/204/235 5507/205/235 5592/206/235
f 5544/207/236 5512/208/236 5511/190/236 5545/191/236
f 5593/209/237 5519/210/237 5520/180/237 5594/211/237
f 5546/188/238 5523/189/238 5524/212/238 5547/213/238
f 5516/15/239 5515/160/239 5517/79/239 5518/78/239
f 5577/214/240 5522/193/240 5521/178/240 5578/215/240
f 5561/56/241 5526/105/242 5525/99/242 5562/57/241
f 5301/87/8 5308/25/8 5469/100/8 5467/168/8
f 5367/77/178 5360/150/166 5516/15/10 5518/78/10
f 5281/47/37 5274/21/18 5444/22/10 5446/102/10
f 5330/107/8 5338/83/8 5493/84/8 5491/160/8
f 5263/39/131 5373/38/131 5533/164/131 5442/89/131
f 5322/115/156 5428/114/156 5588/181/156 5485/180/156
f 5300/36/8 5307/35/8 5476/43/8 5475/49/8
f 5359/156/8 5366/76/8 5517/79/8 5515/160/8
f 5398/128/10 5397/112/10 5557/56/10 5558/20/10
f 5273/26/8 5280/68/8 5445/103/8 5443/168/8
f 5329/116/8 5337/130/8 5496/186/8 5495/185/8
f 5374/41/109 5270/40/109 5452/53/109 5534/166/109
f 5429/117/155 5329/116/155 5495/185/155 5589/184/155
f 5299/88/8 5306/28/8 5477/165/8 5478/86/8
f 5358/152/8 5365/115/8 5520/180/8 5519/210/8
f 5328/110/8 5336/141/8 5497/194/8 5498/193/8
f 5277/51/88 5375/64/88 5535/167/88 5451/52/88
f 5337/130/66 5430/129/66 5590/187/66 5496/186/66
f 5357/148/8 5364/163/8 5521/178/8 5522/193/8
f 5396/54/10 5395/93/10 5555/93/10 5556/57/10
f 5327/120/128 5335/134/140 5500/190/8 5499/189/8
f 5376/66/87 5284/65/87 5461/170/87 5536/169/87
f 5431/132/134 5344/131/134 5508/204/134 5591/203/134
f 5356/154/174 5363/162/182 5524/212/8 5523/189/8
f 5326/104/119 5334/123/133 5501/124/230 5502/105/230
f 5291/51/65 5377/64/65 5537/167/65 5462/52/65
f 5351/130/132 5432/151/132 5592/206/132 5507/205/132
f 5355/104/164 5362/97/180 5525/99/242 5526/105/242
f 5394/31/10 5393/33/10 5553/158/10 5554/157/10
f 5378/41/39 5298/40/39 5472/53/39 5538/176/39
f 5433/153/111 5358/152/111 5519/210/111 5593/209/111
f 5288/58/87 5287/69/87 5455/172/87 5456/171/87
f 5305/39/34 5379/38/34 5539/164/34 5471/89/34
f 5365/115/59 5434/114/59 5594/211/59 5520/180/59
f 5392/74/10 5391/75/10 5551/174/10 5552/159/10
f 5380/7/5 5313/8/5 5490/8/5 5540/7/5
f 5435/5/6 5370/6/6 5528/6/6 5595/5/6
f 5317/2/5 5316/94/5 5479/94/5 5480/2/5
f 5320/119/156 5381/118/156 5541/183/156 5489/182/156
f 5390/74/10 5389/33/10 5549/158/10 5550/159/10
f 5346/139/134 5345/138/134 5503/197/134 5504/196/134
f 5382/121/155 5327/120/155 5499/189/155 5542/188/155
f 5434/114/10 5433/153/10 5593/209/10 5594/211/10
f 5335/134/66 5383/133/66 5543/191/66 5500/190/66
f 5388/31/10 5403/93/10 5563/93/10 5548/157/10
f 5384/136/134 5342/135/134 5512/208/134 5544/207/134
f 5432/151/10 5431/132/10 5591/203/10 5592/206/10
f 5264/28/131 5404/27/131 5564/125/131 5439/165/131
f 5349/134/132 5385/133/132 5545/191/132 5511/190/132
f 5371/2/6 5260/94/6 5438/94/6 5527/2/6
f 5405/30/109 5271/29/109 5449/86/109 5565/144/109
f 5386/155/111 5356/154/111 5523/189/111 5546/188/111
f 5430/129/10 5429/117/10 5589/184/10 5590/187/10
f 5278/71/88 5406/70/88 5566/145/88 5450/85/88
f 5363/162/59 5387/161/59 5547/213/59 5524/212/59
f 5407/73/87 5285/72/87 5460/173/87 5567/146/87
f 5428/114/10 5427/5/10 5587/5/10 5588/181/10
f 5292/71/65 5408/70/65 5568/145/65 5459/85/65
f 5387/161/10 5386/155/10 5546/188/10 5547/213/10
f 5409/30/39 5299/88/39 5478/86/39 5569/144/39
f 5426/34/10 5425/37/10 5585/50/10 5586/42/10
f 5267/3/3 5371/2/2 5527/2/10 5437/23/10
f 5306/28/34 5410/27/34 5570/125/34 5477/165/34
f 5385/133/10 5384/136/10 5544/207/10 5545/191/10
f 5370/6/8 5265/35/8 5529/43/8 5528/6/8
f 5411/96/5 5314/95/5 5487/95/5 5571/96/5
f 5294/68/65 5295/47/65 5458/102/65 5457/103/65
f 5424/60/10 5423/63/10 5583/91/10 5584/81/10
f 5369/9/7 5262/11/9 5530/80/202 5531/9/202
f 5321/109/156 5412/108/156 5572/179/156 5488/178/156
f 5383/133/10 5382/121/10 5542/188/10 5543/191/10
f 5323/106/156 5324/101/156 5482/177/156 5481/79/156
f 5413/111/155 5328/110/155 5498/193/155 5573/192/155
f 5285/72/8 5292/71/8 5459/85/8 5460/173/8
f 5266/25/131 5267/3/131 5437/23/131 5436/100/131
f 5422/60/10 5421/37/10 5581/50/10 5582/81/10
f 5336/141/66 5414/140/66 5574/195/66 5497/194/66
f 5284/65/48 5291/51/82 5462/52/8 5461/170/8
f 5352/83/132 5353/13/132 5506/16/132 5505/198/132
f 5381/118/10 5380/7/10 5540/7/10 5541/183/10
f 5312/9/98 5319/97/107 5483/99/222 5484/9/222
f 5415/143/134 5343/142/134 5509/200/134 5575/199/134
f 5283/67/50 5290/44/60 5463/45/212 5464/175/212
f 5420/34/10 5435/5/10 5595/5/10 5580/42/10
f 5350/141/132 5416/147/132 5576/202/132 5510/201/132
f 5260/94/8 5266/25/8 5436/100/8 5438/94/8
f 5379/38/10 5378/41/10 5538/176/10 5539/164/10
f 5324/101/110 5317/2/89 5480/2/10 5482/177/10
f 5417/149/111 5357/148/111 5522/193/111 5577/214/111
f 5295/47/67 5288/58/41 5456/171/10 5458/102/10
f 5353/13/157 5346/139/147 5504/196/10 5506/16/10
f 5259/95/8 5264/28/8 5439/165/8 5440/95/8
f 5316/94/8 5323/106/8 5481/79/8 5479/94/8
f 5364/163/59 5418/108/59 5578/215/59 5521/178/59
f 5287/69/8 5294/68/8 5457/103/8 5455/172/8
f 5345/138/8 5352/83/8 5505/198/8 5503/197/8
f 5258/8/183 5263/39/31 5442/89/8 5441/8/8
f 5377/64/10 5376/66/10 5536/169/10 5537/167/10
f 5315/6/8 5322/115/8 5485/180/8 5486/6/8
f 5419/96/6 5259/95/6 5440/95/6 5579/96/6
f 5286/62/8 5293/61/8 5465/82/8 5466/90/8
f 5344/131/8 5351/130/8 5507/205/8 5508/204/8
f 5314/95/8 5321/109/8 5488/178/8 5487/95/8
f 5343/142/8 5350/141/8 5510/201/8 5509/200/8
f 5375/64/10 5374/41/10 5534/166/10 5535/167/10
f 5313/8/96 5320/119/127 5489/182/8 5490/8/8
f 5418/108/10 5417/149/10 5577/214/10 5578/215/10
f 5342/135/141 5349/134/173 5511/190/8 5512/208/8
f 5341/126/143 5348/123/158 5514/124/234 5513/127/234
f 5373/38/10 5372/7/10 5532/7/10 5533/164/10
f 5416/147/10 5415/143/10 5575/199/10 5576/202/10
f 5262/11/131 5388/31/131 5548/157/131 5530/80/131
f 5274/21/109 5273/26/109 5443/168/109 5444/22/109
f 5302/21/39 5301/87/39 5467/168/39 5468/22/39
f 5389/33/109 5269/32/109 5453/46/109 5549/158/109
f 5414/140/10 5413/111/10 5573/192/10 5574/195/10
f 5276/44/88 5390/74/88 5550/159/88 5454/45/88
f 5331/14/155 5330/107/155 5491/160/155 5492/15/155
f 5391/75/87 5283/67/87 5464/175/87 5551/174/87
f 5412/108/10 5411/96/10 5571/96/10 5572/179/10
f 5596/216/6 5597/217/6 5599/217/6 5598/216/6
f 5598/216/87 5599/217/87 5603/218/87 5602/219/87
f 5602/219/5 5603/218/5 5601/218/5 5600/219/5
f 5600/219/134 5601/218/134 5597/217/134 5596/216/134
f 5598/216/10 5602/219/10 5600/219/10 5596/216/10
f 5603/218/8 5599/217/8 5597/217/8 5601/218/8
f 5612/220/243 5613/221/243 5607/222/244 5606/220/245
f 5616/223/246 5617/224/246 5611/225/247 5610/226/248
f 5614/227/249 5615/228/249 5609/225/250 5608/229/251
f 5618/223/826 5619/230/826 5605/221/253 5604/231/254
f 5621/232/255 5614/227/256 5608/229/257 5618/223/258
f 5620/233/259 5613/221/260 5605/221/261 5619/230/262
f 5617/224/263 5607/222/264 5613/221/260 5620/233/259
f 5616/223/265 5610/226/266 5614/227/256 5621/232/255
f 5610/226/248 5611/225/247 5615/228/267 5614/227/267
f 5604/231/254 5605/221/253 5613/221/243 5612/220/243
f 5606/220/268 5616/223/265 5621/232/255 5612/220/269
f 5611/225/270 5617/224/263 5620/233/259 5615/228/271
f 5615/228/271 5620/233/259 5619/230/262 5609/225/272
f 5612/220/269 5621/232/255 5618/223/258 5604/231/273
f 5608/229/251 5609/225/250 5619/230/274 5618/223/274
f 5606/220/245 5607/222/244 5617/224/275 5616/223/275
f 5630/234/276 5631/235/276 5625/235/277 5624/236/278
f 5634/237/279 5635/238/279 5629/239/280 5628/240/281
f 5632/241/282 5633/242/282 5627/243/283 5626/240/284
f 5636/244/285 5637/245/285 5623/246/286 5622/234/287
f 5639/247/288 5632/241/289 5626/240/290 5636/244/291
f 5638/248/292 5631/235/293 5623/246/294 5637/245/295
f 5635/238/296 5625/235/297 5631/235/293 5638/248/292
f 5634/237/298 5628/240/299 5632/241/289 5639/247/288
f 5628/240/281 5629/239/280 5633/242/300 5632/241/300
f 5622/234/287 5623/246/286 5631/235/276 5630/234/276
f 5624/236/301 5634/237/298 5639/247/288 5630/234/302
f 5629/239/303 5635/238/296 5638/248/292 5633/242/304
f 5633/242/304 5638/248/292 5637/245/295 5627/243/305
f 5630/234/302 5639/247/288 5636/244/291 5622/234/306
f 5626/240/284 5627/243/283 5637/245/307 5636/244/307
f 5624/236/278 5625/235/277 5635/238/308 5634/237/308
f 5648/249/309 5649/250/309 5643/251/310 5642/252/311
f 5652/253/312 5653/254/313 5647/255/314 5646/256/315
f 5650/257/316 5651/258/316 5645/259/317 5644/260/318
f 5654/261/319 5655/262/320 5641/263/321 5640/264/322
f 5657/265/323 5650/257/324 5644/260/325 5654/261/326
f 5656/266/327 5649/250/328 5641/263/329 5655/262/330
f 5653/254/331 5643/251/332 5649/250/328 5656/266/327
f 5652/253/333 5646/256/334 5650/257/324 5657/265/323
f 5646/256/315 5647/255/314 5651/258/335 5650/257/335
f 5640/264/322 5641/263/321 5649/250/309 5648/249/309
f 5642/252/336 5652/253/333 5657/265/323 5648/249/337
f 5647/255/338 5653/254/331 5656/266/327 5651/258/339
f 5651/258/339 5656/266/327 5655/262/330 5645/259/340
f 5648/249/337 5657/265/323 5654/261/326 5640/264/341
f 5644/260/318 5645/259/317 5655/262/320 5654/261/319
f 5642/252/311 5643/251/310 5653/254/313 5652/253/312
f 5666/267/342 5667/268/342 5661/269/343 5660/270/344
f 5670/271/345 5671/272/345 5665/273/346 5664/274/347
f 5668/275/348 5669/276/348 5663/277/349 5662/278/350
f 5672/279/351 5673/280/351 5659/281/352 5658/282/353
f 5675/283/354 5668/275/355 5662/278/356 5672/279/357
f 5674/284/358 5667/268/359 5659/281/360 5673/280/361
f 5671/272/362 5661/269/363 5667/268/359 5674/284/358
f 5670/271/364 5664/274/365 5668/275/355 5675/283/354
f 5664/274/347 5665/273/346 5669/276/366 5668/275/366
f 5658/282/353 5659/281/352 5667/268/342 5666/267/342
f 5660/270/367 5670/271/364 5675/283/354 5666/267/368
f 5665/273/369 5671/272/362 5674/284/358 5669/276/370
f 5669/276/370 5674/284/358 5673/280/361 5663/277/822
f 5666/267/368 5675/283/354 5672/279/357 5658/282/372
f 5662/278/350 5663/277/349 5673/280/373 5672/279/373
f 5660/270/344 5661/269/343 5671/272/374 5670/271/374
f 5684/285/375 5685/286/375 5679/287/376 5678/288/377
f 5688/289/378 5689/290/379 5683/291/380 5682/292/381
f 5686/293/382 5687/294/382 5681/295/383 5680/296/384
f 5690/297/385 5691/298/386 5677/299/387 5676/300/388
f 5693/301/389 5686/293/390 5680/296/391 5690/297/392
f 5692/302/393 5685/286/394 5677/299/395 5691/298/396
f 5689/290/397 5679/287/398 5685/286/394 5692/302/393
f 5688/289/399 5682/292/400 5686/293/390 5693/301/389
f 5682/292/381 5683/291/380 5687/294/401 5686/293/401
f 5676/300/388 5677/299/387 5685/286/375 5684/285/375
f 5678/288/402 5688/289/399 5693/301/389 5684/285/403
f 5683/291/404 5689/290/397 5692/302/393 5687/294/405
f 5687/294/405 5692/302/393 5691/298/396 5681/295/406
f 5684/285/403 5693/301/389 5690/297/392 5676/300/407
f 5680/296/384 5681/295/383 5691/298/386 5690/297/385
f 5678/288/377 5679/287/376 5689/290/379 5688/289/378
f 5702/303/408 5703/304/408 5697/305/409 5696/306/410
f 5706/307/411 5707/308/411 5701/309/412 5700/310/413
f 5704/311/414 5705/312/414 5699/313/415 5698/314/416
f 5708/315/417 5709/316/417 5695/317/418 5694/318/419
f 5711/319/420 5704/311/421 5698/314/422 5708/315/423
f 5710/320/424 5703/304/425 5695/317/426 5709/316/427
f 5707/308/428 5697/305/429 5703/304/425 5710/320/424
f 5706/307/430 5700/310/431 5704/311/421 5711/319/420
f 5700/310/413 5701/309/412 5705/312/828 5704/311/828
f 5694/318/419 5695/317/418 5703/304/408 5702/303/408
f 5696/306/433 5706/307/430 5711/319/420 5702/303/434
f 5701/309/435 5707/308/428 5710/320/424 5705/312/436
f 5705/312/436 5710/320/424 5709/316/427 5699/313/437
f 5702/303/434 5711/319/420 5708/315/423 5694/318/438
f 5698/314/416 5699/313/415 5709/316/439 5708/315/439
f 5696/306/410 5697/305/409 5707/308/440 5706/307/440
f 5720/249/441 5721/250/441 5715/251/442 5714/252/443
f 5724/253/444 5725/254/445 5719/255/446 5718/256/447
f 5722/257/448 5723/258/448 5717/259/449 5716/260/450
f 5726/261/451 5727/262/452 5713/263/453 5712/264/454
f 5729/265/455 5722/257/456 5716/260/457 5726/261/458
f 5728/266/459 5721/250/460 5713/263/461 5727/262/462
f 5725/254/463 5715/251/464 5721/250/460 5728/266/459
f 5724/253/465 5718/256/466 5722/257/456 5729/265/455
f 5718/256/447 5719/255/446 5723/258/467 5722/257/467
f 5712/264/454 5713/263/453 5721/250/441 5720/249/441
f 5714/252/468 5724/253/465 5729/265/455 5720/249/469
f 5719/255/470 5725/254/463 5728/266/459 5723/258/471
f 5723/258/471 5728/266/459 5727/262/462 5717/259/472
f 5720/249/469 5729/265/455 5726/261/458 5712/264/473
f 5716/260/450 5717/259/449 5727/262/452 5726/261/451
f 5714/252/443 5715/251/442 5725/254/445 5724/253/444
f 5738/267/474 5739/268/474 5733/269/475 5732/270/476
f 5742/271/477 5743/272/477 5737/273/478 5736/274/479
f 5740/275/480 5741/276/480 5735/277/481 5734/278/482
f 5744/279/483 5745/280/483 5731/281/484 5730/282/823
f 5747/283/486 5740/275/487 5734/278/488 5744/279/489
f 5746/284/490 5739/268/491 5731/281/492 5745/280/493
f 5743/272/494 5733/269/495 5739/268/491 5746/284/490
f 5742/271/496 5736/274/497 5740/275/487 5747/283/486
f 5736/274/479 5737/273/478 5741/276/498 5740/275/498
f 5730/282/823 5731/281/484 5739/268/474 5738/267/474
f 5732/270/499 5742/271/496 5747/283/486 5738/267/500
f 5737/273/501 5743/272/494 5746/284/490 5741/276/502
f 5741/276/502 5746/284/490 5745/280/493 5735/277/503
f 5738/267/500 5747/283/486 5744/279/489 5730/282/504
f 5734/278/482 5735/277/481 5745/280/505 5744/279/505
f 5732/270/476 5733/269/475 5743/272/506 5742/271/506
usemtl base_material.021
f 5751/1/1 5861/2/2 5757/3/3 5758/4/4
f 5917/5/5 5805/6/5 5976/6/5 6077/5/5
f 5862/7/6 5748/8/6 5931/8/6 6022/7/6
f 5859/9/7 5801/10/8 5752/11/9
f 5823/12/10 5751/1/1 5758/4/4
f 5829/13/11 5821/14/12 5982/15/10 5984/16/10
f 5890/17/10 5889/18/10 6049/19/10 6050/20/10
f 5799/3/13 5792/21/14 5958/22/10 5960/23/10
f 5823/12/10 5758/4/4 5765/24/15
f 5757/3/3 5756/25/16 5763/26/17 5764/21/18
f 5894/27/19 5754/28/20 5761/29/21 5895/30/22
f 5878/31/23 5752/11/9 5759/32/24 5879/33/25
f 5758/4/4 5757/3/3 5764/21/18 5765/24/15
f 5910/34/26 5755/35/27 5762/36/28 5911/37/29
f 5863/38/30 5753/39/31 5760/40/32 5864/41/33
f 5752/11/9 5801/10/8 5759/32/24
f 5797/35/34 5916/34/34 6076/42/34 5966/43/34
f 5759/32/24 5766/44/35 5944/45/36 5943/46/36
f 5765/24/15 5764/21/18 5771/47/37 5772/48/38
f 5915/37/39 5790/36/39 5965/49/39 6075/50/39
f 5760/40/32 5767/51/40 5941/52/8 5942/53/8
f 5759/32/24 5801/10/8 5766/44/35
f 5823/12/10 5765/24/15 5772/48/38
f 5892/54/10 5891/55/10 6051/56/10 6052/57/10
f 5772/48/38 5771/47/37 5778/58/41 5779/59/42
f 5912/60/43 5769/61/44 5776/62/45 5913/63/46
f 5865/64/47 5767/51/40 5774/65/48 5866/66/49
f 5766/44/35 5801/10/8 5773/67/50
f 5823/12/10 5772/48/38 5779/59/42
f 5771/47/37 5770/68/51 5777/69/52 5778/58/41
f 5896/70/53 5768/71/54 5775/72/55 5897/73/56
f 5880/74/57 5766/44/35 5773/67/50 5881/75/58
f 5856/76/59 5857/77/59 6008/78/59 6007/79/59
f 5773/67/50 5801/10/8 5780/44/60
f 5823/12/10 5779/59/42 5786/48/61
f 5787/32/62 5794/11/63 5964/80/64 5963/46/64
f 5783/61/65 5914/60/65 6074/81/65 5955/82/65
f 5828/83/66 5829/13/66 5984/16/66 5983/84/66
f 5779/59/42 5778/58/41 5785/47/67 5786/48/61
f 5761/29/8 5768/71/8 5940/85/8 5939/86/8
f 5823/12/10 5786/48/61 5793/24/68
f 5785/47/67 5784/68/69 5791/87/70 5792/21/14
f 5898/70/71 5782/71/72 5789/88/73 5899/30/74
f 5882/74/75 5780/44/60 5787/32/62 5883/33/76
f 5786/48/61 5785/47/67 5792/21/14 5793/24/68
f 5914/60/77 5783/61/78 5790/36/79 5915/37/80
f 5867/64/81 5781/51/82 5788/40/83 5868/41/84
f 5780/44/60 5801/10/8 5787/32/62
f 5788/40/83 5795/39/85 5961/89/8 5962/53/8
f 5793/24/68 5792/21/14 5799/3/13 5800/4/86
f 5913/63/87 5776/62/87 5956/90/87 6073/91/87
f 5762/36/8 5769/61/8 5937/92/8 5938/49/8
f 5787/32/62 5801/10/8 5794/11/63
f 5823/12/10 5793/24/68 5800/4/86
f 5893/93/6 5859/9/6 6021/9/6 6053/93/6
f 5769/61/88 5912/60/88 6072/81/88 5937/92/88
f 5800/4/86 5799/3/13 5807/2/89 5808/1/90
f 5916/34/91 5797/35/92 5805/6/93 5917/5/94
f 5869/38/95 5795/39/85 5803/8/96 5870/7/97
f 5794/11/63 5801/10/8 5802/9/98
f 5823/12/10 5800/4/86 5808/1/90
f 5799/3/13 5798/25/99 5806/94/100 5807/2/89
f 5900/27/101 5796/28/102 5804/95/103 5901/96/104
f 5884/31/105 5794/11/63 5802/9/98 5885/93/106
f 5802/9/98 5801/10/8 5809/97/107
f 5823/12/10 5808/1/90 5815/98/108
f 5852/97/59 5892/54/59 6052/57/59 6015/99/59
f 5798/25/34 5799/3/34 5960/23/34 5959/100/34
f 5911/37/109 5762/36/109 5938/49/109 6071/50/109
f 5808/1/90 5807/2/89 5814/101/110 5815/98/108
f 5770/68/88 5771/47/88 5936/102/88 5935/103/88
f 5891/55/111 5845/104/111 6016/105/111 6051/56/111
f 5814/101/110 5813/106/112 5820/107/113 5821/14/12
f 5902/108/114 5811/109/115 5818/110/116 5903/111/117
f 5886/54/118 5809/97/107 5816/104/119 5887/112/120
f 5815/98/108 5814/101/110 5821/14/12 5822/113/121
f 5918/114/122 5812/115/123 5819/116/124 5919/117/125
f 5871/118/126 5810/119/127 5817/120/128 5872/121/129
f 5809/97/107 5801/10/8 5816/104/119
f 5823/12/10 5815/98/108 5822/113/121
f 5822/113/121 5821/14/12 5829/13/11 5830/122/130
f 5755/35/131 5910/34/131 6070/42/131 6019/43/131
f 5838/123/132 5890/17/132 6050/20/132 6004/124/132
f 5816/104/119 5801/10/8 5824/123/133
f 5823/12/10 5822/113/121 5830/122/130
f 5894/27/10 5909/96/10 6069/96/10 6054/125/10
f 5889/18/134 5831/126/134 6003/127/134 6049/19/134
f 5824/123/66 5888/128/66 6048/20/66 5991/124/66
f 5920/129/135 5827/130/136 5834/131/137 5921/132/138
f 5873/133/139 5825/134/140 5832/135/141 5874/136/142
f 5824/123/133 5801/10/8 5831/126/143
f 5823/12/10 5830/122/130 5837/137/144
f 5829/13/11 5828/83/145 5835/138/146 5836/139/147
f 5904/140/148 5826/141/149 5833/142/150 5905/143/151
f 5888/128/152 5824/123/133 5831/126/143 5889/18/153
f 5830/122/130 5829/13/11 5836/139/147 5837/137/144
f 5823/12/10 5837/137/144 5844/122/154
f 5896/70/10 5895/30/10 6055/144/10 6056/145/10
f 5887/112/155 5816/104/155 5992/105/155 6047/56/155
f 5809/97/156 5886/54/156 6046/57/156 5973/99/156
f 5837/137/144 5836/139/147 5843/13/157 5844/122/154
f 5898/70/10 5897/73/10 6057/146/10 6058/145/10
f 5885/93/5 5802/9/5 5974/9/5 6045/93/5
f 5831/126/143 5801/10/8 5838/123/158
f 5906/147/159 5840/141/160 5847/148/161 5907/149/162
f 5890/17/163 5838/123/158 5845/104/164 5891/55/165
f 5844/122/154 5843/13/157 5850/150/166 5851/113/167
f 5922/151/168 5841/130/169 5848/152/170 5923/153/171
f 5875/133/172 5839/134/173 5846/154/174 5876/155/175
f 5838/123/158 5801/10/8 5845/104/164
f 5823/12/10 5844/122/154 5851/113/167
f 5843/13/157 5842/83/176 5849/156/177 5850/150/166
f 5851/113/167 5850/150/166 5857/77/178 5858/98/179
f 5794/11/34 5884/31/34 6044/157/34 5964/80/34
f 5900/27/10 5899/30/10 6059/144/10 6060/125/10
f 5845/104/164 5801/10/8 5852/97/180
f 5823/12/10 5851/113/167 5858/98/179
f 5883/33/39 5787/32/39 5963/46/39 6043/158/39
f 5780/44/65 5882/74/65 6042/159/65 5953/45/65
f 5850/150/111 5849/156/111 6005/160/111 6006/15/111
f 5877/161/181 5853/162/182 5748/8/183 5862/7/184
f 5852/97/180 5801/10/8 5859/9/7
f 5823/12/10 5858/98/179 5751/1/1
f 5857/77/178 5856/76/185 5750/94/186 5861/2/2
f 5908/108/187 5854/163/188 5749/95/189 5909/96/190
f 5892/54/191 5852/97/180 5859/9/7 5893/93/192
f 5858/98/179 5857/77/178 5861/2/2 5751/1/1
f 5924/114/193 5855/115/194 5860/6/195 5925/5/196
f 5854/163/188 5877/161/181 5862/7/184 5749/95/189
f 5847/148/161 5876/155/175 5877/161/181 5854/163/188
f 5840/141/160 5875/133/172 5876/155/175 5847/148/161
f 5833/142/150 5874/136/142 5875/133/172 5840/141/160
f 5826/141/149 5873/133/139 5874/136/142 5833/142/150
f 5818/110/116 5872/121/129 5873/133/139 5826/141/149
f 5811/109/115 5871/118/126 5872/121/129 5818/110/116
f 5804/95/103 5870/7/97 5871/118/126 5811/109/115
f 5796/28/102 5869/38/95 5870/7/97 5804/95/103
f 5789/88/73 5868/41/84 5869/38/95 5796/28/102
f 5782/71/72 5867/64/81 5868/41/84 5789/88/73
f 5775/72/55 5866/66/49 5867/64/81 5782/71/72
f 5768/71/54 5865/64/47 5866/66/49 5775/72/55
f 5761/29/21 5864/41/33 5865/64/47 5768/71/54
f 5754/28/20 5863/38/30 5864/41/33 5761/29/21
f 5749/95/189 5862/7/184 5863/38/30 5754/28/20
f 5853/162/182 5892/54/191 5893/93/192 5748/8/183
f 5846/154/174 5891/55/165 5892/54/191 5853/162/182
f 5839/134/173 5890/17/163 5891/55/165 5846/154/174
f 5832/135/141 5889/18/153 5890/17/163 5839/134/173
f 5825/134/140 5888/128/152 5889/18/153 5832/135/141
f 5817/120/128 5887/112/120 5888/128/152 5825/134/140
f 5810/119/127 5886/54/118 5887/112/120 5817/120/128
f 5803/8/96 5885/93/106 5886/54/118 5810/119/127
f 5795/39/85 5884/31/105 5885/93/106 5803/8/96
f 5788/40/83 5883/33/76 5884/31/105 5795/39/85
f 5781/51/82 5882/74/75 5883/33/76 5788/40/83
f 5774/65/48 5881/75/58 5882/74/75 5781/51/82
f 5767/51/40 5880/74/57 5881/75/58 5774/65/48
f 5760/40/32 5879/33/25 5880/74/57 5767/51/40
f 5753/39/31 5878/31/23 5879/33/25 5760/40/32
f 5748/8/183 5893/93/192 5878/31/23 5753/39/31
f 5855/115/194 5908/108/187 5909/96/190 5860/6/195
f 5848/152/170 5907/149/162 5908/108/187 5855/115/194
f 5841/130/169 5906/147/159 5907/149/162 5848/152/170
f 5834/131/137 5905/143/151 5906/147/159 5841/130/169
f 5827/130/136 5904/140/148 5905/143/151 5834/131/137
f 5819/116/124 5903/111/117 5904/140/148 5827/130/136
f 5812/115/123 5902/108/114 5903/111/117 5819/116/124
f 5805/6/93 5901/96/104 5902/108/114 5812/115/123
f 5797/35/92 5900/27/101 5901/96/104 5805/6/93
f 5790/36/79 5899/30/74 5900/27/101 5797/35/92
f 5783/61/78 5898/70/71 5899/30/74 5790/36/79
f 5776/62/45 5897/73/56 5898/70/71 5783/61/78
f 5769/61/44 5896/70/53 5897/73/56 5776/62/45
f 5762/36/28 5895/30/22 5896/70/53 5769/61/44
f 5755/35/27 5894/27/19 5895/30/22 5762/36/28
f 5860/6/195 5909/96/190 5894/27/19 5755/35/27
f 5856/76/185 5924/114/193 5925/5/196 5750/94/186
f 5849/156/177 5923/153/171 5924/114/193 5856/76/185
f 5842/83/176 5922/151/168 5923/153/171 5849/156/177
f 5835/138/146 5921/132/138 5922/151/168 5842/83/176
f 5828/83/145 5920/129/135 5921/132/138 5835/138/146
f 5820/107/113 5919/117/125 5920/129/135 5828/83/145
f 5813/106/112 5918/114/122 5919/117/125 5820/107/113
f 5806/94/100 5917/5/94 5918/114/122 5813/106/112
f 5798/25/99 5916/34/91 5917/5/94 5806/94/100
f 5791/87/70 5915/37/80 5916/34/91 5798/25/99
f 5784/68/69 5914/60/77 5915/37/80 5791/87/70
f 5777/69/52 5913/63/46 5914/60/77 5784/68/69
f 5770/68/51 5912/60/43 5913/63/46 5777/69/52
f 5763/26/17 5911/37/29 5912/60/43 5770/68/51
f 5756/25/16 5910/34/26 5911/37/29 5763/26/17
f 5750/94/186 5925/5/196 5910/34/26 5756/25/16
f 6085/5/197 6018/6/197 6019/43/197 6070/42/197
f 6022/7/198 5931/8/198 5932/89/198 6023/164/198
f 6017/2/199 5928/94/199 5926/100/199 5927/23/199
f 6069/96/200 5930/95/200 5929/165/200 6054/125/200
f 6053/93/201 6021/9/202 6020/80/202 6038/157/201
f 6055/144/203 5939/86/203 5940/85/203 6056/145/203
f 6039/158/204 5943/46/36 5944/45/36 6040/159/204
f 6071/50/205 5938/49/205 5937/92/205 6072/81/205
f 6024/166/206 5942/53/206 5941/52/206 6025/167/206
f 5934/22/207 5933/168/207 5935/103/207 5936/102/207
f 6026/169/208 5951/170/208 5952/52/208 6027/167/208
f 5946/171/209 5945/172/209 5947/103/209 5948/102/209
f 6057/146/210 5950/173/210 5949/85/210 6058/145/210
f 6041/174/211 5954/175/212 5953/45/212 6042/159/211
f 6073/91/213 5956/90/213 5955/82/213 6074/81/213
f 6043/158/214 5963/46/64 5964/80/64 6044/157/214
f 6075/50/215 5965/49/215 5966/43/215 6076/42/215
f 6028/176/819 5962/53/819 5961/89/819 6029/164/819
f 5958/22/820 5957/168/820 5959/100/820 5960/23/820
f 6059/144/218 5968/86/218 5967/165/218 6060/125/218
f 5970/2/219 5969/94/219 5971/79/219 5972/177/219
f 6061/96/220 5977/95/220 5978/178/220 6062/179/220
f 6045/93/221 5974/9/222 5973/99/222 6046/57/221
f 6077/5/223 5976/6/223 5975/180/223 6078/181/223
f 6030/7/224 5980/8/224 5979/182/224 6031/183/224
f 6079/184/225 5985/185/225 5986/186/225 6080/187/225
f 6032/188/226 5989/189/226 5990/190/226 6033/191/226
f 5982/15/227 5981/160/227 5983/84/227 5984/16/227
f 6063/192/228 5988/193/228 5987/194/228 6064/195/228
f 6047/56/229 5992/105/230 5991/124/230 6048/20/229
f 5994/196/231 5993/197/231 5995/198/231 5996/16/231
f 6065/199/232 5999/200/232 6000/201/232 6066/202/232
f 6049/19/233 6003/127/234 6004/124/234 6050/20/233
f 6081/203/235 5998/204/235 5997/205/235 6082/206/235
f 6034/207/236 6002/208/236 6001/190/236 6035/191/236
f 6083/209/237 6009/210/237 6010/180/237 6084/211/237
f 6036/188/238 6013/189/238 6014/212/238 6037/213/238
f 6006/15/239 6005/160/239 6007/79/239 6008/78/239
f 6067/214/240 6012/193/240 6011/178/240 6068/215/240
f 6051/56/241 6016/105/242 6015/99/242 6052/57/241
f 5791/87/8 5798/25/8 5959/100/8 5957/168/8
f 5857/77/178 5850/150/166 6006/15/10 6008/78/10
f 5771/47/37 5764/21/18 5934/22/10 5936/102/10
f 5820/107/8 5828/83/8 5983/84/8 5981/160/8
f 5753/39/131 5863/38/131 6023/164/131 5932/89/131
f 5812/115/156 5918/114/156 6078/181/156 5975/180/156
f 5790/36/8 5797/35/8 5966/43/8 5965/49/8
f 5849/156/8 5856/76/8 6007/79/8 6005/160/8
f 5888/128/10 5887/112/10 6047/56/10 6048/20/10
f 5763/26/8 5770/68/8 5935/103/8 5933/168/8
f 5819/116/8 5827/130/8 5986/186/8 5985/185/8
f 5864/41/109 5760/40/109 5942/53/109 6024/166/109
f 5919/117/155 5819/116/155 5985/185/155 6079/184/155
f 5789/88/8 5796/28/8 5967/165/8 5968/86/8
f 5848/152/8 5855/115/8 6010/180/8 6009/210/8
f 5818/110/8 5826/141/8 5987/194/8 5988/193/8
f 5767/51/88 5865/64/88 6025/167/88 5941/52/88
f 5827/130/66 5920/129/66 6080/187/66 5986/186/66
f 5847/148/8 5854/163/8 6011/178/8 6012/193/8
f 5886/54/10 5885/93/10 6045/93/10 6046/57/10
f 5817/120/128 5825/134/140 5990/190/8 5989/189/8
f 5866/66/87 5774/65/87 5951/170/87 6026/169/87
f 5921/132/134 5834/131/134 5998/204/134 6081/203/134
f 5846/154/174 5853/162/182 6014/212/8 6013/189/8
f 5816/104/119 5824/123/133 5991/124/230 5992/105/230
f 5781/51/65 5867/64/65 6027/167/65 5952/52/65
f 5841/130/132 5922/151/132 6082/206/132 5997/205/132
f 5845/104/164 5852/97/180 6015/99/242 6016/105/242
f 5884/31/10 5883/33/10 6043/158/10 6044/157/10
f 5868/41/39 5788/40/39 5962/53/39 6028/176/39
f 5923/153/111 5848/152/111 6009/210/111 6083/209/111
f 5778/58/87 5777/69/87 5945/172/87 5946/171/87
f 5795/39/34 5869/38/34 6029/164/34 5961/89/34
f 5855/115/59 5924/114/59 6084/211/59 6010/180/59
f 5882/74/10 5881/75/10 6041/174/10 6042/159/10
f 5870/7/5 5803/8/5 5980/8/5 6030/7/5
f 5925/5/6 5860/6/6 6018/6/6 6085/5/6
f 5807/2/5 5806/94/5 5969/94/5 5970/2/5
f 5810/119/156 5871/118/156 6031/183/156 5979/182/156
f 5880/74/10 5879/33/10 6039/158/10 6040/159/10
f 5836/139/134 5835/138/134 5993/197/134 5994/196/134
f 5872/121/155 5817/120/155 5989/189/155 6032/188/155
f 5924/114/10 5923/153/10 6083/209/10 6084/211/10
f 5825/134/66 5873/133/66 6033/191/66 5990/190/66
f 5878/31/10 5893/93/10 6053/93/10 6038/157/10
f 5874/136/134 5832/135/134 6002/208/134 6034/207/134
f 5922/151/10 5921/132/10 6081/203/10 6082/206/10
f 5754/28/131 5894/27/131 6054/125/131 5929/165/131
f 5839/134/132 5875/133/132 6035/191/132 6001/190/132
f 5861/2/6 5750/94/6 5928/94/6 6017/2/6
f 5895/30/109 5761/29/109 5939/86/109 6055/144/109
f 5876/155/111 5846/154/111 6013/189/111 6036/188/111
f 5920/129/10 5919/117/10 6079/184/10 6080/187/10
f 5768/71/88 5896/70/88 6056/145/88 5940/85/88
f 5853/162/59 5877/161/59 6037/213/59 6014/212/59
f 5897/73/87 5775/72/87 5950/173/87 6057/146/87
f 5918/114/10 5917/5/10 6077/5/10 6078/181/10
f 5782/71/65 5898/70/65 6058/145/65 5949/85/65
f 5877/161/10 5876/155/10 6036/188/10 6037/213/10
f 5899/30/39 5789/88/39 5968/86/39 6059/144/39
f 5916/34/10 5915/37/10 6075/50/10 6076/42/10
f 5757/3/3 5861/2/2 6017/2/10 5927/23/10
f 5796/28/34 5900/27/34 6060/125/34 5967/165/34
f 5875/133/10 5874/136/10 6034/207/10 6035/191/10
f 5860/6/8 5755/35/8 6019/43/8 6018/6/8
f 5901/96/5 5804/95/5 5977/95/5 6061/96/5
f 5784/68/65 5785/47/65 5948/102/65 5947/103/65
f 5914/60/10 5913/63/10 6073/91/10 6074/81/10
f 5859/9/7 5752/11/9 6020/80/202 6021/9/202
f 5811/109/156 5902/108/156 6062/179/156 5978/178/156
f 5873/133/10 5872/121/10 6032/188/10 6033/191/10
f 5813/106/156 5814/101/156 5972/177/156 5971/79/156
f 5903/111/155 5818/110/155 5988/193/155 6063/192/155
f 5775/72/8 5782/71/8 5949/85/8 5950/173/8
f 5756/25/131 5757/3/131 5927/23/131 5926/100/131
f 5912/60/10 5911/37/10 6071/50/10 6072/81/10
f 5826/141/66 5904/140/66 6064/195/66 5987/194/66
f 5774/65/48 5781/51/82 5952/52/8 5951/170/8
f 5842/83/132 5843/13/132 5996/16/132 5995/198/132
f 5871/118/10 5870/7/10 6030/7/10 6031/183/10
f 5802/9/98 5809/97/107 5973/99/222 5974/9/222
f 5905/143/134 5833/142/134 5999/200/134 6065/199/134
f 5773/67/50 5780/44/60 5953/45/212 5954/175/212
f 5910/34/10 5925/5/10 6085/5/10 6070/42/10
f 5840/141/132 5906/147/132 6066/202/132 6000/201/132
f 5750/94/8 5756/25/8 5926/100/8 5928/94/8
f 5869/38/10 5868/41/10 6028/176/10 6029/164/10
f 5814/101/110 5807/2/89 5970/2/10 5972/177/10
f 5907/149/111 5847/148/111 6012/193/111 6067/214/111
f 5785/47/67 5778/58/41 5946/171/10 5948/102/10
f 5843/13/157 5836/139/147 5994/196/10 5996/16/10
f 5749/95/8 5754/28/8 5929/165/8 5930/95/8
f 5806/94/8 5813/106/8 5971/79/8 5969/94/8
f 5854/163/59 5908/108/59 6068/215/59 6011/178/59
f 5777/69/8 5784/68/8 5947/103/8 5945/172/8
f 5835/138/8 5842/83/8 5995/198/8 5993/197/8
f 5748/8/183 5753/39/31 5932/89/8 5931/8/8
f 5867/64/10 5866/66/10 6026/169/10 6027/167/10
f 5805/6/8 5812/115/8 5975/180/8 5976/6/8
f 5909/96/6 5749/95/6 5930/95/6 6069/96/6
f 5776/62/8 5783/61/8 5955/82/8 5956/90/8
f 5834/131/8 5841/130/8 5997/205/8 5998/204/8
f 5804/95/8 5811/109/8 5978/178/8 5977/95/8
f 5833/142/8 5840/141/8 6000/201/8 5999/200/8
f 5865/64/10 5864/41/10 6024/166/10 6025/167/10
f 5803/8/96 5810/119/127 5979/182/8 5980/8/8
f 5908/108/10 5907/149/10 6067/214/10 6068/215/10
f 5832/135/141 5839/134/173 6001/190/8 6002/208/8
f 5831/126/143 5838/123/158 6004/124/234 6003/127/234
f 5863/38/10 5862/7/10 6022/7/10 6023/164/10
f 5906/147/10 5905/143/10 6065/199/10 6066/202/10
f 5752/11/131 5878/31/131 6038/157/131 6020/80/131
f 5764/21/109 5763/26/109 5933/168/109 5934/22/109
f 5792/21/39 5791/87/39 5957/168/39 5958/22/39
f 5879/33/109 5759/32/109 5943/46/109 6039/158/109
f 5904/140/10 5903/111/10 6063/192/10 6064/195/10
f 5766/44/88 5880/74/88 6040/159/88 5944/45/88
f 5821/14/155 5820/107/155 5981/160/155 5982/15/155
f 5881/75/87 5773/67/87 5954/175/87 6041/174/87
f 5902/108/10 5901/96/10 6061/96/10 6062/179/10
f 6086/216/6 6087/217/6 6089/217/6 6088/216/6
f 6088/216/87 6089/217/87 6093/218/87 6092/219/87
f 6092/219/5 6093/218/5 6091/218/5 6090/219/5
f 6090/219/134 6091/218/134 6087/217/134 6086/216/134
f 6088/216/10 6092/219/10 6090/219/10 6086/216/10
f 6093/218/8 6089/217/8 6087/217/8 6091/218/8
f 6102/220/243 6103/221/243 6097/222/244 6096/220/245
f 6106/223/246 6107/224/246 6101/225/247 6100/226/248
f 6104/227/249 6105/228/249 6099/225/250 6098/229/251
f 6108/223/826 6109/230/826 6095/221/253 6094/231/254
f 6111/232/255 6104/227/256 6098/229/257 6108/223/258
f 6110/233/259 6103/221/260 6095/221/261 6109/230/262
f 6107/224/263 6097/222/264 6103/221/260 6110/233/259
f 6106/223/265 6100/226/266 6104/227/256 6111/232/255
f 6100/226/248 6101/225/247 6105/228/267 6104/227/267
f 6094/231/254 6095/221/253 6103/221/243 6102/220/243
f 6096/220/268 6106/223/265 6111/232/255 6102/220/269
f 6101/225/270 6107/224/263 6110/233/259 6105/228/271
f 6105/228/271 6110/233/259 6109/230/262 6099/225/272
f 6102/220/269 6111/232/255 6108/223/258 6094/231/273
f 6098/229/251 6099/225/250 6109/230/274 6108/223/274
f 6096/220/245 6097/222/244 6107/224/275 6106/223/275
f 6120/234/276 6121/235/276 6115/235/277 6114/236/278
f 6124/237/279 6125/238/279 6119/239/280 6118/240/281
f 6122/241/282 6123/242/282 6117/243/283 6116/240/284
f 6126/244/285 6127/245/285 6113/246/286 6112/234/287
f 6129/247/288 6122/241/289 6116/240/290 6126/244/291
f 6128/248/292 6121/235/293 6113/246/294 6127/245/295
f 6125/238/296 6115/235/297 6121/235/293 6128/248/292
f 6124/237/298 6118/240/299 6122/241/289 6129/247/288
f 6118/240/281 6119/239/280 6123/242/300 6122/241/300
f 6112/234/287 6113/246/286 6121/235/276 6120/234/276
f 6114/236/301 6124/237/298 6129/247/288 6120/234/302
f 6119/239/303 6125/238/296 6128/248/292 6123/242/304
f 6123/242/304 6128/248/292 6127/245/295 6117/243/305
f 6120/234/302 6129/247/288 6126/244/291 6112/234/306
f 6116/240/284 6117/243/283 6127/245/307 6126/244/307
f 6114/236/278 6115/235/277 6125/238/308 6124/237/308
f 6138/249/309 6139/250/309 6133/251/310 6132/252/311
f 6142/253/312 6143/254/313 6137/255/314 6136/256/315
f 6140/257/316 6141/258/316 6135/259/317 6134/260/318
f 6144/261/319 6145/262/320 6131/263/321 6130/264/322
f 6147/265/323 6140/257/324 6134/260/325 6144/261/326
f 6146/266/327 6139/250/328 6131/263/329 6145/262/330
f 6143/254/331 6133/251/332 6139/250/328 6146/266/327
f 6142/253/333 6136/256/334 6140/257/324 6147/265/323
f 6136/256/315 6137/255/314 6141/258/335 6140/257/335
f 6130/264/322 6131/263/321 6139/250/309 6138/249/309
f 6132/252/336 6142/253/333 6147/265/323 6138/249/337
f 6137/255/338 6143/254/331 6146/266/327 6141/258/339
f 6141/258/339 6146/266/327 6145/262/330 6135/259/340
f 6138/249/337 6147/265/323 6144/261/326 6130/264/341
f 6134/260/318 6135/259/317 6145/262/320 6144/261/319
f 6132/252/311 6133/251/310 6143/254/313 6142/253/312
f 6156/267/342 6157/268/342 6151/269/343 6150/270/344
f 6160/271/345 6161/272/345 6155/273/346 6154/274/347
f 6158/275/348 6159/276/348 6153/277/349 6152/278/350
f 6162/279/351 6163/280/351 6149/281/352 6148/282/353
f 6165/283/354 6158/275/355 6152/278/356 6162/279/357
f 6164/284/358 6157/268/359 6149/281/360 6163/280/361
f 6161/272/362 6151/269/363 6157/268/359 6164/284/358
f 6160/271/364 6154/274/365 6158/275/355 6165/283/354
f 6154/274/347 6155/273/346 6159/276/366 6158/275/366
f 6148/282/353 6149/281/352 6157/268/342 6156/267/342
f 6150/270/367 6160/271/364 6165/283/354 6156/267/368
f 6155/273/369 6161/272/362 6164/284/358 6159/276/370
f 6159/276/370 6164/284/358 6163/280/361 6153/277/822
f 6156/267/368 6165/283/354 6162/279/357 6148/282/372
f 6152/278/350 6153/277/349 6163/280/373 6162/279/373
f 6150/270/344 6151/269/343 6161/272/374 6160/271/374
f 6174/285/375 6175/286/375 6169/287/376 6168/288/377
f 6178/289/378 6179/290/379 6173/291/380 6172/292/381
f 6176/293/382 6177/294/382 6171/295/383 6170/296/384
f 6180/297/385 6181/298/386 6167/299/387 6166/300/388
f 6183/301/389 6176/293/390 6170/296/391 6180/297/392
f 6182/302/393 6175/286/394 6167/299/395 6181/298/396
f 6179/290/397 6169/287/398 6175/286/394 6182/302/393
f 6178/289/399 6172/292/400 6176/293/390 6183/301/389
f 6172/292/381 6173/291/380 6177/294/401 6176/293/401
f 6166/300/388 6167/299/387 6175/286/375 6174/285/375
f 6168/288/402 6178/289/399 6183/301/389 6174/285/403
f 6173/291/404 6179/290/397 6182/302/393 6177/294/405
f 6177/294/405 6182/302/393 6181/298/396 6171/295/406
f 6174/285/403 6183/301/389 6180/297/392 6166/300/407
f 6170/296/384 6171/295/383 6181/298/386 6180/297/385
f 6168/288/377 6169/287/376 6179/290/379 6178/289/378
f 6192/303/408 6193/304/408 6187/305/409 6186/306/410
f 6196/307/411 6197/308/411 6191/309/412 6190/310/413
f 6194/311/414 6195/312/414 6189/313/415 6188/314/416
f 6198/315/417 6199/316/417 6185/317/418 6184/318/419
f 6201/319/420 6194/311/421 6188/314/422 6198/315/423
f 6200/320/424 6193/304/425 6185/317/426 6199/316/427
f 6197/308/428 6187/305/429 6193/304/425 6200/320/424
f 6196/307/430 6190/310/431 6194/311/421 6201/319/420
f 6190/310/413 6191/309/412 6195/312/432 6194/311/432
f 6184/318/419 6185/317/418 6193/304/408 6192/303/408
f 6186/306/433 6196/307/430 6201/319/420 6192/303/434
f 6191/309/435 6197/308/428 6200/320/424 6195/312/436
f 6195/312/436 6200/320/424 6199/316/427 6189/313/437
f 6192/303/434 6201/319/420 6198/315/423 6184/318/438
f 6188/314/416 6189/313/415 6199/316/439 6198/315/439
f 6186/306/410 6187/305/409 6197/308/440 6196/307/440
f 6210/249/441 6211/250/441 6205/251/442 6204/252/443
f 6214/253/444 6215/254/445 6209/255/446 6208/256/447
f 6212/257/448 6213/258/448 6207/259/449 6206/260/450
f 6216/261/451 6217/262/452 6203/263/453 6202/264/454
f 6219/265/455 6212/257/456 6206/260/457 6216/261/458
f 6218/266/459 6211/250/460 6203/263/461 6217/262/462
f 6215/254/463 6205/251/464 6211/250/460 6218/266/459
f 6214/253/465 6208/256/466 6212/257/456 6219/265/455
f 6208/256/447 6209/255/446 6213/258/467 6212/257/467
f 6202/264/454 6203/263/453 6211/250/441 6210/249/441
f 6204/252/468 6214/253/465 6219/265/455 6210/249/469
f 6209/255/470 6215/254/463 6218/266/459 6213/258/471
f 6213/258/471 6218/266/459 6217/262/462 6207/259/472
f 6210/249/469 6219/265/455 6216/261/458 6202/264/473
f 6206/260/450 6207/259/449 6217/262/452 6216/261/451
f 6204/252/443 6205/251/442 6215/254/445 6214/253/444
f 6228/267/474 6229/268/474 6223/269/475 6222/270/476
f 6232/271/477 6233/272/477 6227/273/478 6226/274/479
f 6230/275/480 6231/276/480 6225/277/481 6224/278/482
f 6234/279/483 6235/280/483 6221/281/484 6220/282/485
f 6237/283/486 6230/275/487 6224/278/488 6234/279/489
f 6236/284/490 6229/268/491 6221/281/492 6235/280/493
f 6233/272/494 6223/269/495 6229/268/491 6236/284/490
f 6232/271/496 6226/274/497 6230/275/487 6237/283/486
f 6226/274/479 6227/273/478 6231/276/498 6230/275/498
f 6220/282/485 6221/281/484 6229/268/474 6228/267/474
f 6222/270/499 6232/271/496 6237/283/486 6228/267/500
f 6227/273/501 6233/272/494 6236/284/490 6231/276/502
f 6231/276/502 6236/284/490 6235/280/493 6225/277/503
f 6228/267/500 6237/283/486 6234/279/489 6220/282/504
f 6224/278/482 6225/277/481 6235/280/505 6234/279/505
f 6222/270/476 6223/269/475 6233/272/506 6232/271/506
usemtl base_material.022
f 6241/1/1 6351/2/2 6247/3/3 6248/4/4
f 6407/5/5 6295/6/5 6466/6/5 6567/5/5
f 6352/7/6 6238/8/6 6421/8/6 6512/7/6
f 6349/9/7 6291/10/8 6242/11/9
f 6313/12/10 6241/1/1 6248/4/4
f 6319/13/11 6311/14/12 6472/15/10 6474/16/10
f 6380/17/10 6379/18/10 6539/19/10 6540/20/10
f 6289/3/13 6282/21/14 6448/22/10 6450/23/10
f 6313/12/10 6248/4/4 6255/24/15
f 6247/3/3 6246/25/16 6253/26/17 6254/21/18
f 6384/27/19 6244/28/20 6251/29/21 6385/30/22
f 6368/31/23 6242/11/9 6249/32/24 6369/33/25
f 6248/4/4 6247/3/3 6254/21/18 6255/24/15
f 6400/34/26 6245/35/27 6252/36/28 6401/37/29
f 6353/38/30 6243/39/31 6250/40/32 6354/41/33
f 6242/11/9 6291/10/8 6249/32/24
f 6287/35/34 6406/34/34 6566/42/34 6456/43/34
f 6249/32/24 6256/44/35 6434/45/36 6433/46/36
f 6255/24/15 6254/21/18 6261/47/37 6262/48/38
f 6405/37/39 6280/36/39 6455/49/39 6565/50/39
f 6250/40/32 6257/51/40 6431/52/8 6432/53/8
f 6249/32/24 6291/10/8 6256/44/35
f 6313/12/10 6255/24/15 6262/48/38
f 6382/54/10 6381/55/10 6541/56/10 6542/57/10
f 6262/48/38 6261/47/37 6268/58/41 6269/59/42
f 6402/60/43 6259/61/44 6266/62/45 6403/63/46
f 6355/64/47 6257/51/40 6264/65/48 6356/66/49
f 6256/44/35 6291/10/8 6263/67/50
f 6313/12/10 6262/48/38 6269/59/42
f 6261/47/37 6260/68/51 6267/69/52 6268/58/41
f 6386/70/53 6258/71/54 6265/72/55 6387/73/56
f 6370/74/57 6256/44/35 6263/67/50 6371/75/58
f 6346/76/59 6347/77/59 6498/78/59 6497/79/59
f 6263/67/50 6291/10/8 6270/44/60
f 6313/12/10 6269/59/42 6276/48/61
f 6277/32/62 6284/11/63 6454/80/64 6453/46/64
f 6273/61/65 6404/60/65 6564/81/65 6445/82/65
f 6318/83/66 6319/13/66 6474/16/66 6473/84/66
f 6269/59/42 6268/58/41 6275/47/67 6276/48/61
f 6251/29/8 6258/71/8 6430/85/8 6429/86/8
f 6313/12/10 6276/48/61 6283/24/68
f 6275/47/67 6274/68/69 6281/87/70 6282/21/14
f 6388/70/71 6272/71/72 6279/88/73 6389/30/74
f 6372/74/75 6270/44/60 6277/32/62 6373/33/76
f 6276/48/61 6275/47/67 6282/21/14 6283/24/68
f 6404/60/77 6273/61/78 6280/36/818 6405/37/80
f 6357/64/81 6271/51/82 6278/40/83 6358/41/84
f 6270/44/60 6291/10/8 6277/32/62
f 6278/40/83 6285/39/85 6451/89/8 6452/53/8
f 6283/24/68 6282/21/14 6289/3/13 6290/4/86
f 6403/63/87 6266/62/87 6446/90/87 6563/91/87
f 6252/36/8 6259/61/8 6427/92/8 6428/49/8
f 6277/32/62 6291/10/8 6284/11/63
f 6313/12/10 6283/24/68 6290/4/86
f 6383/93/6 6349/9/6 6511/9/6 6543/93/6
f 6259/61/88 6402/60/88 6562/81/88 6427/92/88
f 6290/4/86 6289/3/13 6297/2/89 6298/1/90
f 6406/34/91 6287/35/92 6295/6/93 6407/5/94
f 6359/38/95 6285/39/85 6293/8/96 6360/7/97
f 6284/11/63 6291/10/8 6292/9/98
f 6313/12/10 6290/4/86 6298/1/90
f 6289/3/13 6288/25/99 6296/94/100 6297/2/89
f 6390/27/101 6286/28/102 6294/95/103 6391/96/104
f 6374/31/105 6284/11/63 6292/9/98 6375/93/106
f 6292/9/98 6291/10/8 6299/97/107
f 6313/12/10 6298/1/90 6305/98/108
f 6342/97/59 6382/54/59 6542/57/59 6505/99/59
f 6288/25/34 6289/3/34 6450/23/34 6449/100/34
f 6401/37/109 6252/36/109 6428/49/109 6561/50/109
f 6298/1/90 6297/2/89 6304/101/110 6305/98/108
f 6260/68/88 6261/47/88 6426/102/88 6425/103/88
f 6381/55/111 6335/104/111 6506/105/111 6541/56/111
f 6304/101/110 6303/106/112 6310/107/113 6311/14/12
f 6392/108/114 6301/109/115 6308/110/116 6393/111/117
f 6376/54/118 6299/97/107 6306/104/119 6377/112/120
f 6305/98/108 6304/101/110 6311/14/12 6312/113/121
f 6408/114/122 6302/115/123 6309/116/124 6409/117/125
f 6361/118/126 6300/119/127 6307/120/128 6362/121/129
f 6299/97/107 6291/10/8 6306/104/119
f 6313/12/10 6305/98/108 6312/113/121
f 6312/113/121 6311/14/12 6319/13/11 6320/122/130
f 6245/35/131 6400/34/131 6560/42/131 6509/43/131
f 6328/123/132 6380/17/132 6540/20/132 6494/124/132
f 6306/104/119 6291/10/8 6314/123/133
f 6313/12/10 6312/113/121 6320/122/130
f 6384/27/10 6399/96/10 6559/96/10 6544/125/10
f 6379/18/134 6321/126/134 6493/127/134 6539/19/134
f 6314/123/66 6378/128/66 6538/20/66 6481/124/66
f 6410/129/135 6317/130/136 6324/131/137 6411/132/138
f 6363/133/139 6315/134/140 6322/135/141 6364/136/142
f 6314/123/133 6291/10/8 6321/126/143
f 6313/12/10 6320/122/130 6327/137/144
f 6319/13/11 6318/83/145 6325/138/146 6326/139/147
f 6394/140/148 6316/141/149 6323/142/150 6395/143/151
f 6378/128/152 6314/123/133 6321/126/143 6379/18/153
f 6320/122/130 6319/13/11 6326/139/147 6327/137/144
f 6313/12/10 6327/137/144 6334/122/154
f 6386/70/10 6385/30/10 6545/144/10 6546/145/10
f 6377/112/155 6306/104/155 6482/105/155 6537/56/155
f 6299/97/156 6376/54/156 6536/57/156 6463/99/156
f 6327/137/144 6326/139/147 6333/13/157 6334/122/154
f 6388/70/10 6387/73/10 6547/146/10 6548/145/10
f 6375/93/5 6292/9/5 6464/9/5 6535/93/5
f 6321/126/143 6291/10/8 6328/123/158
f 6396/147/159 6330/141/160 6337/148/161 6397/149/162
f 6380/17/163 6328/123/158 6335/104/164 6381/55/165
f 6334/122/154 6333/13/157 6340/150/166 6341/113/167
f 6412/151/168 6331/130/169 6338/152/170 6413/153/171
f 6365/133/172 6329/134/173 6336/154/174 6366/155/175
f 6328/123/158 6291/10/8 6335/104/164
f 6313/12/10 6334/122/154 6341/113/167
f 6333/13/157 6332/83/176 6339/156/177 6340/150/166
f 6341/113/167 6340/150/166 6347/77/178 6348/98/179
f 6284/11/34 6374/31/34 6534/157/34 6454/80/34
f 6390/27/10 6389/30/10 6549/144/10 6550/125/10
f 6335/104/164 6291/10/8 6342/97/180
f 6313/12/10 6341/113/167 6348/98/179
f 6373/33/39 6277/32/39 6453/46/39 6533/158/39
f 6270/44/65 6372/74/65 6532/159/65 6443/45/65
f 6340/150/111 6339/156/111 6495/160/111 6496/15/111
f 6367/161/181 6343/162/182 6238/8/183 6352/7/184
f 6342/97/180 6291/10/8 6349/9/7
f 6313/12/10 6348/98/179 6241/1/1
f 6347/77/178 6346/76/185 6240/94/186 6351/2/2
f 6398/108/187 6344/163/188 6239/95/189 6399/96/190
f 6382/54/191 6342/97/180 6349/9/7 6383/93/192
f 6348/98/179 6347/77/178 6351/2/2 6241/1/1
f 6414/114/193 6345/115/194 6350/6/195 6415/5/196
f 6344/163/188 6367/161/181 6352/7/184 6239/95/189
f 6337/148/161 6366/155/175 6367/161/181 6344/163/188
f 6330/141/160 6365/133/172 6366/155/175 6337/148/161
f 6323/142/150 6364/136/142 6365/133/172 6330/141/160
f 6316/141/149 6363/133/139 6364/136/142 6323/142/150
f 6308/110/116 6362/121/129 6363/133/139 6316/141/149
f 6301/109/115 6361/118/126 6362/121/129 6308/110/116
f 6294/95/103 6360/7/97 6361/118/126 6301/109/115
f 6286/28/102 6359/38/95 6360/7/97 6294/95/103
f 6279/88/73 6358/41/84 6359/38/95 6286/28/102
f 6272/71/72 6357/64/81 6358/41/84 6279/88/73
f 6265/72/55 6356/66/49 6357/64/81 6272/71/72
f 6258/71/54 6355/64/47 6356/66/49 6265/72/55
f 6251/29/21 6354/41/33 6355/64/47 6258/71/54
f 6244/28/20 6353/38/30 6354/41/33 6251/29/21
f 6239/95/189 6352/7/184 6353/38/30 6244/28/20
f 6343/162/182 6382/54/191 6383/93/192 6238/8/183
f 6336/154/174 6381/55/165 6382/54/191 6343/162/182
f 6329/134/173 6380/17/163 6381/55/165 6336/154/174
f 6322/135/141 6379/18/153 6380/17/163 6329/134/173
f 6315/134/140 6378/128/152 6379/18/153 6322/135/141
f 6307/120/128 6377/112/120 6378/128/152 6315/134/140
f 6300/119/127 6376/54/118 6377/112/120 6307/120/128
f 6293/8/96 6375/93/106 6376/54/118 6300/119/127
f 6285/39/85 6374/31/105 6375/93/106 6293/8/96
f 6278/40/83 6373/33/76 6374/31/105 6285/39/85
f 6271/51/82 6372/74/75 6373/33/76 6278/40/83
f 6264/65/48 6371/75/58 6372/74/75 6271/51/82
f 6257/51/40 6370/74/57 6371/75/58 6264/65/48
f 6250/40/32 6369/33/25 6370/74/57 6257/51/40
f 6243/39/31 6368/31/23 6369/33/25 6250/40/32
f 6238/8/183 6383/93/192 6368/31/23 6243/39/31
f 6345/115/194 6398/108/187 6399/96/190 6350/6/195
f 6338/152/170 6397/149/162 6398/108/187 6345/115/194
f 6331/130/169 6396/147/159 6397/149/162 6338/152/170
f 6324/131/137 6395/143/151 6396/147/159 6331/130/169
f 6317/130/136 6394/140/148 6395/143/151 6324/131/137
f 6309/116/124 6393/111/117 6394/140/148 6317/130/136
f 6302/115/123 6392/108/114 6393/111/117 6309/116/124
f 6295/6/93 6391/96/104 6392/108/114 6302/115/123
f 6287/35/92 6390/27/101 6391/96/104 6295/6/93
f 6280/36/818 6389/30/74 6390/27/101 6287/35/92
f 6273/61/78 6388/70/71 6389/30/74 6280/36/818
f 6266/62/45 6387/73/56 6388/70/71 6273/61/78
f 6259/61/44 6386/70/53 6387/73/56 6266/62/45
f 6252/36/28 6385/30/22 6386/70/53 6259/61/44
f 6245/35/27 6384/27/19 6385/30/22 6252/36/28
f 6350/6/195 6399/96/190 6384/27/19 6245/35/27
f 6346/76/185 6414/114/193 6415/5/196 6240/94/186
f 6339/156/177 6413/153/171 6414/114/193 6346/76/185
f 6332/83/176 6412/151/168 6413/153/171 6339/156/177
f 6325/138/146 6411/132/138 6412/151/168 6332/83/176
f 6318/83/145 6410/129/135 6411/132/138 6325/138/146
f 6310/107/113 6409/117/125 6410/129/135 6318/83/145
f 6303/106/112 6408/114/122 6409/117/125 6310/107/113
f 6296/94/100 6407/5/94 6408/114/122 6303/106/112
f 6288/25/99 6406/34/91 6407/5/94 6296/94/100
f 6281/87/70 6405/37/80 6406/34/91 6288/25/99
f 6274/68/69 6404/60/77 6405/37/80 6281/87/70
f 6267/69/52 6403/63/46 6404/60/77 6274/68/69
f 6260/68/51 6402/60/43 6403/63/46 6267/69/52
f 6253/26/17 6401/37/29 6402/60/43 6260/68/51
f 6246/25/16 6400/34/26 6401/37/29 6253/26/17
f 6240/94/186 6415/5/196 6400/34/26 6246/25/16
f 6575/5/197 6508/6/197 6509/43/197 6560/42/197
f 6512/7/198 6421/8/198 6422/89/198 6513/164/198
f 6507/2/199 6418/94/199 6416/100/199 6417/23/199
f 6559/96/200 6420/95/200 6419/165/200 6544/125/200
f 6543/93/201 6511/9/202 6510/80/202 6528/157/201
f 6545/144/203 6429/86/203 6430/85/203 6546/145/203
f 6529/158/204 6433/46/36 6434/45/36 6530/159/204
f 6561/50/205 6428/49/205 6427/92/205 6562/81/205
f 6514/166/206 6432/53/206 6431/52/206 6515/167/206
f 6424/22/207 6423/168/207 6425/103/207 6426/102/207
f 6516/169/208 6441/170/208 6442/52/208 6517/167/208
f 6436/171/209 6435/172/209 6437/103/209 6438/102/209
f 6547/146/210 6440/173/210 6439/85/210 6548/145/210
f 6531/174/211 6444/175/212 6443/45/212 6532/159/211
f 6563/91/213 6446/90/213 6445/82/213 6564/81/213
f 6533/158/214 6453/46/64 6454/80/64 6534/157/214
f 6565/50/215 6455/49/215 6456/43/215 6566/42/215
f 6518/176/216 6452/53/216 6451/89/216 6519/164/216
f 6448/22/820 6447/168/820 6449/100/820 6450/23/820
f 6549/144/218 6458/86/218 6457/165/218 6550/125/218
f 6460/2/219 6459/94/219 6461/79/219 6462/177/219
f 6551/96/220 6467/95/220 6468/178/220 6552/179/220
f 6535/93/221 6464/9/222 6463/99/222 6536/57/221
f 6567/5/223 6466/6/223 6465/180/223 6568/181/223
f 6520/7/224 6470/8/224 6469/182/224 6521/183/224
f 6569/184/225 6475/185/225 6476/186/225 6570/187/225
f 6522/188/226 6479/189/226 6480/190/226 6523/191/226
f 6472/15/227 6471/160/227 6473/84/227 6474/16/227
f 6553/192/228 6478/193/228 6477/194/228 6554/195/228
f 6537/56/229 6482/105/230 6481/124/230 6538/20/229
f 6484/196/231 6483/197/231 6485/198/231 6486/16/231
f 6555/199/232 6489/200/232 6490/201/232 6556/202/232
f 6539/19/233 6493/127/234 6494/124/234 6540/20/233
f 6571/203/235 6488/204/235 6487/205/235 6572/206/235
f 6524/207/236 6492/208/236 6491/190/236 6525/191/236
f 6573/209/237 6499/210/237 6500/180/237 6574/211/237
f 6526/188/238 6503/189/238 6504/212/238 6527/213/238
f 6496/15/239 6495/160/239 6497/79/239 6498/78/239
f 6557/214/240 6502/193/240 6501/178/240 6558/215/240
f 6541/56/241 6506/105/242 6505/99/242 6542/57/241
f 6281/87/8 6288/25/8 6449/100/8 6447/168/8
f 6347/77/178 6340/150/166 6496/15/10 6498/78/10
f 6261/47/37 6254/21/18 6424/22/10 6426/102/10
f 6310/107/8 6318/83/8 6473/84/8 6471/160/8
f 6243/39/131 6353/38/131 6513/164/131 6422/89/131
f 6302/115/156 6408/114/156 6568/181/156 6465/180/156
f 6280/36/8 6287/35/8 6456/43/8 6455/49/8
f 6339/156/8 6346/76/8 6497/79/8 6495/160/8
f 6378/128/10 6377/112/10 6537/56/10 6538/20/10
f 6253/26/8 6260/68/8 6425/103/8 6423/168/8
f 6309/116/8 6317/130/8 6476/186/8 6475/185/8
f 6354/41/109 6250/40/109 6432/53/109 6514/166/109
f 6409/117/155 6309/116/155 6475/185/155 6569/184/155
f 6279/88/8 6286/28/8 6457/165/8 6458/86/8
f 6338/152/8 6345/115/8 6500/180/8 6499/210/8
f 6308/110/8 6316/141/8 6477/194/8 6478/193/8
f 6257/51/88 6355/64/88 6515/167/88 6431/52/88
f 6317/130/66 6410/129/66 6570/187/66 6476/186/66
f 6337/148/8 6344/163/8 6501/178/8 6502/193/8
f 6376/54/10 6375/93/10 6535/93/10 6536/57/10
f 6307/120/128 6315/134/140 6480/190/8 6479/189/8
f 6356/66/87 6264/65/87 6441/170/87 6516/169/87
f 6411/132/134 6324/131/134 6488/204/134 6571/203/134
f 6336/154/174 6343/162/182 6504/212/8 6503/189/8
f 6306/104/119 6314/123/133 6481/124/230 6482/105/230
f 6271/51/65 6357/64/65 6517/167/65 6442/52/65
f 6331/130/132 6412/151/132 6572/206/132 6487/205/132
f 6335/104/164 6342/97/180 6505/99/242 6506/105/242
f 6374/31/10 6373/33/10 6533/158/10 6534/157/10
f 6358/41/39 6278/40/39 6452/53/39 6518/176/39
f 6413/153/111 6338/152/111 6499/210/111 6573/209/111
f 6268/58/87 6267/69/87 6435/172/87 6436/171/87
f 6285/39/34 6359/38/34 6519/164/34 6451/89/34
f 6345/115/59 6414/114/59 6574/211/59 6500/180/59
f 6372/74/10 6371/75/10 6531/174/10 6532/159/10
f 6360/7/5 6293/8/5 6470/8/5 6520/7/5
f 6415/5/6 6350/6/6 6508/6/6 6575/5/6
f 6297/2/5 6296/94/5 6459/94/5 6460/2/5
f 6300/119/156 6361/118/156 6521/183/156 6469/182/156
f 6370/74/10 6369/33/10 6529/158/10 6530/159/10
f 6326/139/134 6325/138/134 6483/197/134 6484/196/134
f 6362/121/155 6307/120/155 6479/189/155 6522/188/155
f 6414/114/10 6413/153/10 6573/209/10 6574/211/10
f 6315/134/66 6363/133/66 6523/191/66 6480/190/66
f 6368/31/10 6383/93/10 6543/93/10 6528/157/10
f 6364/136/134 6322/135/134 6492/208/134 6524/207/134
f 6412/151/10 6411/132/10 6571/203/10 6572/206/10
f 6244/28/131 6384/27/131 6544/125/131 6419/165/131
f 6329/134/132 6365/133/132 6525/191/132 6491/190/132
f 6351/2/6 6240/94/6 6418/94/6 6507/2/6
f 6385/30/109 6251/29/109 6429/86/109 6545/144/109
f 6366/155/111 6336/154/111 6503/189/111 6526/188/111
f 6410/129/10 6409/117/10 6569/184/10 6570/187/10
f 6258/71/88 6386/70/88 6546/145/88 6430/85/88
f 6343/162/59 6367/161/59 6527/213/59 6504/212/59
f 6387/73/87 6265/72/87 6440/173/87 6547/146/87
f 6408/114/10 6407/5/10 6567/5/10 6568/181/10
f 6272/71/65 6388/70/65 6548/145/65 6439/85/65
f 6367/161/10 6366/155/10 6526/188/10 6527/213/10
f 6389/30/39 6279/88/39 6458/86/39 6549/144/39
f 6406/34/10 6405/37/10 6565/50/10 6566/42/10
f 6247/3/3 6351/2/2 6507/2/10 6417/23/10
f 6286/28/34 6390/27/34 6550/125/34 6457/165/34
f 6365/133/10 6364/136/10 6524/207/10 6525/191/10
f 6350/6/8 6245/35/8 6509/43/8 6508/6/8
f 6391/96/5 6294/95/5 6467/95/5 6551/96/5
f 6274/68/65 6275/47/65 6438/102/65 6437/103/65
f 6404/60/10 6403/63/10 6563/91/10 6564/81/10
f 6349/9/7 6242/11/9 6510/80/202 6511/9/202
f 6301/109/156 6392/108/156 6552/179/156 6468/178/156
f 6363/133/10 6362/121/10 6522/188/10 6523/191/10
f 6303/106/156 6304/101/156 6462/177/156 6461/79/156
f 6393/111/155 6308/110/155 6478/193/155 6553/192/155
f 6265/72/8 6272/71/8 6439/85/8 6440/173/8
f 6246/25/131 6247/3/131 6417/23/131 6416/100/131
f 6402/60/10 6401/37/10 6561/50/10 6562/81/10
f 6316/141/66 6394/140/66 6554/195/66 6477/194/66
f 6264/65/48 6271/51/82 6442/52/8 6441/170/8
f 6332/83/132 6333/13/132 6486/16/132 6485/198/132
f 6361/118/10 6360/7/10 6520/7/10 6521/183/10
f 6292/9/98 6299/97/107 6463/99/222 6464/9/222
f 6395/143/134 6323/142/134 6489/200/134 6555/199/134
f 6263/67/50 6270/44/60 6443/45/212 6444/175/212
f 6400/34/10 6415/5/10 6575/5/10 6560/42/10
f 6330/141/132 6396/147/132 6556/202/132 6490/201/132
f 6240/94/8 6246/25/8 6416/100/8 6418/94/8
f 6359/38/10 6358/41/10 6518/176/10 6519/164/10
f 6304/101/110 6297/2/89 6460/2/10 6462/177/10
f 6397/149/111 6337/148/111 6502/193/111 6557/214/111
f 6275/47/67 6268/58/41 6436/171/10 6438/102/10
f 6333/13/157 6326/139/147 6484/196/10 6486/16/10
f 6239/95/8 6244/28/8 6419/165/8 6420/95/8
f 6296/94/8 6303/106/8 6461/79/8 6459/94/8
f 6344/163/59 6398/108/59 6558/215/59 6501/178/59
f 6267/69/8 6274/68/8 6437/103/8 6435/172/8
f 6325/138/8 6332/83/8 6485/198/8 6483/197/8
f 6238/8/183 6243/39/31 6422/89/8 6421/8/8
f 6357/64/10 6356/66/10 6516/169/10 6517/167/10
f 6295/6/8 6302/115/8 6465/180/8 6466/6/8
f 6399/96/6 6239/95/6 6420/95/6 6559/96/6
f 6266/62/8 6273/61/8 6445/82/8 6446/90/8
f 6324/131/8 6331/130/8 6487/205/8 6488/204/8
f 6294/95/8 6301/109/8 6468/178/8 6467/95/8
f 6323/142/8 6330/141/8 6490/201/8 6489/200/8
f 6355/64/10 6354/41/10 6514/166/10 6515/167/10
f 6293/8/96 6300/119/127 6469/182/8 6470/8/8
f 6398/108/10 6397/149/10 6557/214/10 6558/215/10
f 6322/135/141 6329/134/173 6491/190/8 6492/208/8
f 6321/126/143 6328/123/158 6494/124/234 6493/127/234
f 6353/38/10 6352/7/10 6512/7/10 6513/164/10
f 6396/147/10 6395/143/10 6555/199/10 6556/202/10
f 6242/11/131 6368/31/131 6528/157/131 6510/80/131
f 6254/21/109 6253/26/109 6423/168/109 6424/22/109
f 6282/21/39 6281/87/39 6447/168/39 6448/22/39
f 6369/33/109 6249/32/109 6433/46/109 6529/158/109
f 6394/140/10 6393/111/10 6553/192/10 6554/195/10
f 6256/44/88 6370/74/88 6530/159/88 6434/45/88
f 6311/14/155 6310/107/155 6471/160/155 6472/15/155
f 6371/75/87 6263/67/87 6444/175/87 6531/174/87
f 6392/108/10 6391/96/10 6551/96/10 6552/179/10
f 6576/216/6 6577/217/6 6579/217/6 6578/216/6
f 6578/216/87 6579/217/87 6583/218/87 6582/219/87
f 6582/219/5 6583/218/5 6581/218/5 6580/219/5
f 6580/219/134 6581/218/134 6577/217/134 6576/216/134
f 6578/216/10 6582/219/10 6580/219/10 6576/216/10
f 6583/218/8 6579/217/8 6577/217/8 6581/218/8
f 6592/220/243 6593/221/243 6587/222/244 6586/220/245
f 6596/223/246 6597/224/246 6591/225/247 6590/226/248
f 6594/227/249 6595/228/249 6589/225/250 6588/229/251
f 6598/223/252 6599/230/252 6585/221/253 6584/231/254
f 6601/232/255 6594/227/256 6588/229/257 6598/223/258
f 6600/233/259 6593/221/260 6585/221/261 6599/230/262
f 6597/224/263 6587/222/264 6593/221/260 6600/233/259
f 6596/223/265 6590/226/266 6594/227/256 6601/232/255
f 6590/226/248 6591/225/247 6595/228/267 6594/227/267
f 6584/231/254 6585/221/253 6593/221/243 6592/220/243
f 6586/220/268 6596/223/265 6601/232/255 6592/220/269
f 6591/225/270 6597/224/263 6600/233/259 6595/228/271
f 6595/228/271 6600/233/259 6599/230/262 6589/225/272
f 6592/220/269 6601/232/255 6598/223/258 6584/231/273
f 6588/229/251 6589/225/250 6599/230/274 6598/223/274
f 6586/220/245 6587/222/244 6597/224/275 6596/223/275
f 6610/234/276 6611/235/276 6605/235/277 6604/236/278
f 6614/237/279 6615/238/279 6609/239/280 6608/240/281
f 6612/241/282 6613/242/282 6607/243/283 6606/240/284
f 6616/244/285 6617/245/285 6603/246/286 6602/234/287
f 6619/247/288 6612/241/289 6606/240/290 6616/244/291
f 6618/248/292 6611/235/293 6603/246/294 6617/245/295
f 6615/238/296 6605/235/297 6611/235/293 6618/248/292
f 6614/237/298 6608/240/299 6612/241/289 6619/247/288
f 6608/240/281 6609/239/280 6613/242/300 6612/241/300
f 6602/234/287 6603/246/286 6611/235/276 6610/234/276
f 6604/236/301 6614/237/298 6619/247/288 6610/234/302
f 6609/239/303 6615/238/296 6618/248/292 6613/242/304
f 6613/242/304 6618/248/292 6617/245/295 6607/243/305
f 6610/234/302 6619/247/288 6616/244/291 6602/234/306
f 6606/240/284 6607/243/283 6617/245/307 6616/244/307
f 6604/236/278 6605/235/277 6615/238/308 6614/237/308
f 6628/249/309 6629/250/309 6623/251/310 6622/252/311
f 6632/253/312 6633/254/313 6627/255/314 6626/256/315
f 6630/257/316 6631/258/316 6625/259/317 6624/260/318
f 6634/261/319 6635/262/320 6621/263/321 6620/264/322
f 6637/265/323 6630/257/324 6624/260/325 6634/261/326
f 6636/266/327 6629/250/328 6621/263/329 6635/262/330
f 6633/254/331 6623/251/332 6629/250/328 6636/266/327
f 6632/253/333 6626/256/334 6630/257/324 6637/265/323
f 6626/256/315 6627/255/314 6631/258/335 6630/257/335
f 6620/264/322 6621/263/321 6629/250/309 6628/249/309
f 6622/252/336 6632/253/333 6637/265/323 6628/249/337
f 6627/255/338 6633/254/331 6636/266/327 6631/258/339
f 6631/258/339 6636/266/327 6635/262/330 6625/259/340
f 6628/249/337 6637/265/323 6634/261/326 6620/264/341
f 6624/260/318 6625/259/317 6635/262/320 6634/261/319
f 6622/252/311 6623/251/310 6633/254/313 6632/253/312
f 6646/267/342 6647/268/342 6641/269/343 6640/270/344
f 6650/271/345 6651/272/345 6645/273/346 6644/274/347
f 6648/275/348 6649/276/348 6643/277/349 6642/278/350
f 6652/279/351 6653/280/351 6639/281/352 6638/282/353
f 6655/283/354 6648/275/355 6642/278/356 6652/279/357
f 6654/284/358 6647/268/359 6639/281/360 6653/280/361
f 6651/272/362 6641/269/363 6647/268/359 6654/284/358
f 6650/271/364 6644/274/365 6648/275/355 6655/283/354
f 6644/274/347 6645/273/346 6649/276/366 6648/275/366
f 6638/282/353 6639/281/352 6647/268/342 6646/267/342
f 6640/270/367 6650/271/364 6655/283/354 6646/267/368
f 6645/273/369 6651/272/362 6654/284/358 6649/276/370
f 6649/276/370 6654/284/358 6653/280/361 6643/277/371
f 6646/267/368 6655/283/354 6652/279/357 6638/282/372
f 6642/278/350 6643/277/349 6653/280/373 6652/279/373
f 6640/270/344 6641/269/343 6651/272/374 6650/271/374
f 6664/285/375 6665/286/375 6659/287/376 6658/288/377
f 6668/289/378 6669/290/379 6663/291/380 6662/292/381
f 6666/293/382 6667/294/382 6661/295/383 6660/296/384
f 6670/297/385 6671/298/386 6657/299/387 6656/300/388
f 6673/301/389 6666/293/390 6660/296/391 6670/297/392
f 6672/302/393 6665/286/394 6657/299/395 6671/298/396
f 6669/290/397 6659/287/398 6665/286/394 6672/302/393
f 6668/289/399 6662/292/400 6666/293/390 6673/301/389
f 6662/292/381 6663/291/380 6667/294/401 6666/293/401
f 6656/300/388 6657/299/387 6665/286/375 6664/285/375
f 6658/288/402 6668/289/399 6673/301/389 6664/285/403
f 6663/291/404 6669/290/397 6672/302/393 6667/294/405
f 6667/294/405 6672/302/393 6671/298/396 6661/295/406
f 6664/285/403 6673/301/389 6670/297/392 6656/300/407
f 6660/296/384 6661/295/383 6671/298/386 6670/297/385
f 6658/288/377 6659/287/376 6669/290/379 6668/289/378
f 6682/303/408 6683/304/408 6677/305/409 6676/306/410
f 6686/307/411 6687/308/411 6681/309/412 6680/310/413
f 6684/311/414 6685/312/414 6679/313/415 6678/314/416
f 6688/315/417 6689/316/417 6675/317/418 6674/318/419
f 6691/319/420 6684/311/421 6678/314/422 6688/315/423
f 6690/320/424 6683/304/425 6675/317/426 6689/316/427
f 6687/308/428 6677/305/429 6683/304/425 6690/320/424
f 6686/307/430 6680/310/431 6684/311/421 6691/319/420
f 6680/310/413 6681/309/412 6685/312/432 6684/311/432
f 6674/318/419 6675/317/418 6683/304/408 6682/303/408
f 6676/306/433 6686/307/430 6691/319/420 6682/303/434
f 6681/309/435 6687/308/428 6690/320/424 6685/312/436
f 6685/312/436 6690/320/424 6689/316/427 6679/313/437
f 6682/303/434 6691/319/420 6688/315/423 6674/318/438
f 6678/314/416 6679/313/415 6689/316/439 6688/315/439
f 6676/306/410 6677/305/409 6687/308/440 6686/307/440
f 6700/249/441 6701/250/441 6695/251/442 6694/252/443
f 6704/253/444 6705/254/445 6699/255/446 6698/256/447
f 6702/257/448 6703/258/448 6697/259/449 6696/260/450
f 6706/261/451 6707/262/452 6693/263/453 6692/264/454
f 6709/265/455 6702/257/456 6696/260/457 6706/261/458
f 6708/266/459 6701/250/460 6693/263/461 6707/262/462
f 6705/254/463 6695/251/464 6701/250/460 6708/266/459
f 6704/253/465 6698/256/466 6702/257/456 6709/265/455
f 6698/256/447 6699/255/446 6703/258/467 6702/257/467
f 6692/264/454 6693/263/453 6701/250/441 6700/249/441
f 6694/252/468 6704/253/465 6709/265/455 6700/249/469
f 6699/255/470 6705/254/463 6708/266/459 6703/258/471
f 6703/258/471 6708/266/459 6707/262/462 6697/259/472
f 6700/249/469 6709/265/455 6706/261/458 6692/264/473
f 6696/260/450 6697/259/449 6707/262/452 6706/261/451
f 6694/252/443 6695/251/442 6705/254/445 6704/253/444
f 6718/267/474 6719/268/474 6713/269/475 6712/270/476
f 6722/271/477 6723/272/477 6717/273/478 6716/274/479
f 6720/275/480 6721/276/480 6715/277/481 6714/278/482
f 6724/279/483 6725/280/483 6711/281/484 6710/282/485
f 6727/283/486 6720/275/487 6714/278/488 6724/279/489
f 6726/284/490 6719/268/491 6711/281/492 6725/280/493
f 6723/272/494 6713/269/495 6719/268/491 6726/284/490
f 6722/271/496 6716/274/497 6720/275/487 6727/283/486
f 6716/274/479 6717/273/478 6721/276/498 6720/275/498
f 6710/282/485 6711/281/484 6719/268/474 6718/267/474
f 6712/270/499 6722/271/496 6727/283/486 6718/267/500
f 6717/273/501 6723/272/494 6726/284/490 6721/276/502
f 6721/276/502 6726/284/490 6725/280/493 6715/277/503
f 6718/267/500 6727/283/486 6724/279/489 6710/282/504
f 6714/278/482 6715/277/481 6725/280/505 6724/279/505
f 6712/270/476 6713/269/475 6723/272/506 6722/271/506
usemtl base_material.023
f 6731/1/1 6841/2/2 6737/3/3 6738/4/4
f 6897/5/5 6785/6/5 6956/6/5 7057/5/5
f 6842/7/6 6728/8/6 6911/8/6 7002/7/6
f 6839/9/7 6781/10/8 6732/11/9
f 6803/12/10 6731/1/1 6738/4/4
f 6809/13/11 6801/14/12 6962/15/10 6964/16/10
f 6870/17/10 6869/18/10 7029/19/10 7030/20/10
f 6779/3/13 6772/21/14 6938/22/10 6940/23/10
f 6803/12/10 6738/4/4 6745/24/15
f 6737/3/3 6736/25/16 6743/26/17 6744/21/18
f 6874/27/19 6734/28/20 6741/29/21 6875/30/22
f 6858/31/23 6732/11/9 6739/32/24 6859/33/25
f 6738/4/4 6737/3/3 6744/21/18 6745/24/15
f 6890/34/26 6735/35/27 6742/36/28 6891/37/29
f 6843/38/30 6733/39/31 6740/40/32 6844/41/33
f 6732/11/9 6781/10/8 6739/32/24
f 6777/35/34 6896/34/34 7056/42/34 6946/43/34
f 6739/32/24 6746/44/35 6924/45/36 6923/46/36
f 6745/24/15 6744/21/18 6751/47/37 6752/48/38
f 6895/37/39 6770/36/39 6945/49/39 7055/50/39
f 6740/40/32 6747/51/40 6921/52/8 6922/53/8
f 6739/32/24 6781/10/8 6746/44/35
f 6803/12/10 6745/24/15 6752/48/38
f 6872/54/10 6871/55/10 7031/56/10 7032/57/10
f 6752/48/38 6751/47/37 6758/58/41 6759/59/42
f 6892/60/43 6749/61/44 6756/62/45 6893/63/46
f 6845/64/47 6747/51/40 6754/65/48 6846/66/49
f 6746/44/35 6781/10/8 6753/67/50
f 6803/12/10 6752/48/38 6759/59/42
f 6751/47/37 6750/68/51 6757/69/52 6758/58/41
f 6876/70/53 6748/71/54 6755/72/55 6877/73/56
f 6860/74/57 6746/44/35 6753/67/50 6861/75/58
f 6836/76/59 6837/77/59 6988/78/59 6987/79/59
f 6753/67/50 6781/10/8 6760/44/60
f 6803/12/10 6759/59/42 6766/48/61
f 6767/32/62 6774/11/63 6944/80/64 6943/46/64
f 6763/61/65 6894/60/65 7054/81/65 6935/82/65
f 6808/83/66 6809/13/66 6964/16/66 6963/84/66
f 6759/59/42 6758/58/41 6765/47/67 6766/48/61
f 6741/29/8 6748/71/8 6920/85/8 6919/86/8
f 6803/12/10 6766/48/61 6773/24/68
f 6765/47/67 6764/68/69 6771/87/70 6772/21/14
f 6878/70/71 6762/71/72 6769/88/73 6879/30/74
f 6862/74/75 6760/44/60 6767/32/62 6863/33/76
f 6766/48/61 6765/47/67 6772/21/14 6773/24/68
f 6894/60/77 6763/61/78 6770/36/79 6895/37/80
f 6847/64/81 6761/51/82 6768/40/83 6848/41/84
f 6760/44/60 6781/10/8 6767/32/62
f 6768/40/83 6775/39/85 6941/89/8 6942/53/8
f 6773/24/68 6772/21/14 6779/3/13 6780/4/86
f 6893/63/87 6756/62/87 6936/90/87 7053/91/87
f 6742/36/8 6749/61/8 6917/92/8 6918/49/8
f 6767/32/62 6781/10/8 6774/11/63
f 6803/12/10 6773/24/68 6780/4/86
f 6873/93/6 6839/9/6 7001/9/6 7033/93/6
f 6749/61/88 6892/60/88 7052/81/88 6917/92/88
f 6780/4/86 6779/3/13 6787/2/89 6788/1/90
f 6896/34/91 6777/35/92 6785/6/93 6897/5/94
f 6849/38/95 6775/39/85 6783/8/96 6850/7/97
f 6774/11/63 6781/10/8 6782/9/98
f 6803/12/10 6780/4/86 6788/1/90
f 6779/3/13 6778/25/99 6786/94/100 6787/2/89
f 6880/27/101 6776/28/102 6784/95/103 6881/96/104
f 6864/31/105 6774/11/63 6782/9/98 6865/93/106
f 6782/9/98 6781/10/8 6789/97/107
f 6803/12/10 6788/1/90 6795/98/108
f 6832/97/59 6872/54/59 7032/57/59 6995/99/59
f 6778/25/34 6779/3/34 6940/23/34 6939/100/34
f 6891/37/109 6742/36/109 6918/49/109 7051/50/109
f 6788/1/90 6787/2/89 6794/101/110 6795/98/108
f 6750/68/88 6751/47/88 6916/102/88 6915/103/88
f 6871/55/111 6825/104/111 6996/105/111 7031/56/111
f 6794/101/110 6793/106/112 6800/107/113 6801/14/12
f 6882/108/114 6791/109/115 6798/110/116 6883/111/117
f 6866/54/118 6789/97/107 6796/104/119 6867/112/120
f 6795/98/108 6794/101/110 6801/14/12 6802/113/121
f 6898/114/122 6792/115/123 6799/116/124 6899/117/125
f 6851/118/126 6790/119/127 6797/120/128 6852/121/129
f 6789/97/107 6781/10/8 6796/104/119
f 6803/12/10 6795/98/108 6802/113/121
f 6802/113/121 6801/14/12 6809/13/11 6810/122/130
f 6735/35/131 6890/34/131 7050/42/131 6999/43/131
f 6818/123/132 6870/17/132 7030/20/132 6984/124/132
f 6796/104/119 6781/10/8 6804/123/133
f 6803/12/10 6802/113/121 6810/122/130
f 6874/27/10 6889/96/10 7049/96/10 7034/125/10
f 6869/18/134 6811/126/134 6983/127/134 7029/19/134
f 6804/123/66 6868/128/66 7028/20/66 6971/124/66
f 6900/129/135 6807/130/136 6814/131/137 6901/132/138
f 6853/133/139 6805/134/140 6812/135/141 6854/136/142
f 6804/123/133 6781/10/8 6811/126/143
f 6803/12/10 6810/122/130 6817/137/144
f 6809/13/11 6808/83/145 6815/138/146 6816/139/147
f 6884/140/148 6806/141/149 6813/142/150 6885/143/151
f 6868/128/152 6804/123/133 6811/126/143 6869/18/153
f 6810/122/130 6809/13/11 6816/139/147 6817/137/144
f 6803/12/10 6817/137/144 6824/122/154
f 6876/70/10 6875/30/10 7035/144/10 7036/145/10
f 6867/112/155 6796/104/155 6972/105/155 7027/56/155
f 6789/97/156 6866/54/156 7026/57/156 6953/99/156
f 6817/137/144 6816/139/147 6823/13/157 6824/122/154
f 6878/70/10 6877/73/10 7037/146/10 7038/145/10
f 6865/93/5 6782/9/5 6954/9/5 7025/93/5
f 6811/126/143 6781/10/8 6818/123/840
f 6886/147/159 6820/141/160 6827/148/161 6887/149/162
f 6870/17/163 6818/123/840 6825/104/164 6871/55/165
f 6824/122/154 6823/13/157 6830/150/166 6831/113/167
f 6902/151/168 6821/130/169 6828/152/170 6903/153/171
f 6855/133/172 6819/134/173 6826/154/174 6856/155/175
f 6818/123/840 6781/10/8 6825/104/164
f 6803/12/10 6824/122/154 6831/113/167
f 6823/13/157 6822/83/176 6829/156/177 6830/150/166
f 6831/113/167 6830/150/166 6837/77/178 6838/98/179
f 6774/11/34 6864/31/34 7024/157/34 6944/80/34
f 6880/27/10 6879/30/10 7039/144/10 7040/125/10
f 6825/104/164 6781/10/8 6832/97/180
f 6803/12/10 6831/113/167 6838/98/179
f 6863/33/39 6767/32/39 6943/46/39 7023/158/39
f 6760/44/65 6862/74/65 7022/159/65 6933/45/65
f 6830/150/111 6829/156/111 6985/160/111 6986/15/111
f 6857/161/181 6833/162/182 6728/8/183 6842/7/184
f 6832/97/180 6781/10/8 6839/9/7
f 6803/12/10 6838/98/179 6731/1/1
f 6837/77/178 6836/76/185 6730/94/186 6841/2/2
f 6888/108/187 6834/163/188 6729/95/189 6889/96/190
f 6872/54/191 6832/97/180 6839/9/7 6873/93/192
f 6838/98/179 6837/77/178 6841/2/2 6731/1/1
f 6904/114/193 6835/115/194 6840/6/195 6905/5/196
f 6834/163/188 6857/161/181 6842/7/184 6729/95/189
f 6827/148/161 6856/155/175 6857/161/181 6834/163/188
f 6820/141/160 6855/133/172 6856/155/175 6827/148/161
f 6813/142/150 6854/136/142 6855/133/172 6820/141/160
f 6806/141/149 6853/133/139 6854/136/142 6813/142/150
f 6798/110/116 6852/121/129 6853/133/139 6806/141/149
f 6791/109/115 6851/118/126 6852/121/129 6798/110/116
f 6784/95/103 6850/7/97 6851/118/126 6791/109/115
f 6776/28/102 6849/38/95 6850/7/97 6784/95/103
f 6769/88/73 6848/41/84 6849/38/95 6776/28/102
f 6762/71/72 6847/64/81 6848/41/84 6769/88/73
f 6755/72/55 6846/66/49 6847/64/81 6762/71/72
f 6748/71/54 6845/64/47 6846/66/49 6755/72/55
f 6741/29/21 6844/41/33 6845/64/47 6748/71/54
f 6734/28/20 6843/38/30 6844/41/33 6741/29/21
f 6729/95/189 6842/7/184 6843/38/30 6734/28/20
f 6833/162/182 6872/54/191 6873/93/192 6728/8/183
f 6826/154/174 6871/55/165 6872/54/191 6833/162/182
f 6819/134/173 6870/17/163 6871/55/165 6826/154/174
f 6812/135/141 6869/18/153 6870/17/163 6819/134/173
f 6805/134/140 6868/128/152 6869/18/153 6812/135/141
f 6797/120/128 6867/112/120 6868/128/152 6805/134/140
f 6790/119/127 6866/54/118 6867/112/120 6797/120/128
f 6783/8/96 6865/93/106 6866/54/118 6790/119/127
f 6775/39/85 6864/31/105 6865/93/106 6783/8/96
f 6768/40/83 6863/33/76 6864/31/105 6775/39/85
f 6761/51/82 6862/74/75 6863/33/76 6768/40/83
f 6754/65/48 6861/75/58 6862/74/75 6761/51/82
f 6747/51/40 6860/74/57 6861/75/58 6754/65/48
f 6740/40/32 6859/33/25 6860/74/57 6747/51/40
f 6733/39/31 6858/31/23 6859/33/25 6740/40/32
f 6728/8/183 6873/93/192 6858/31/23 6733/39/31
f 6835/115/194 6888/108/187 6889/96/190 6840/6/195
f 6828/152/170 6887/149/162 6888/108/187 6835/115/194
f 6821/130/169 6886/147/159 6887/149/162 6828/152/170
f 6814/131/137 6885/143/151 6886/147/159 6821/130/169
f 6807/130/136 6884/140/148 6885/143/151 6814/131/137
f 6799/116/124 6883/111/117 6884/140/148 6807/130/136
f 6792/115/123 6882/108/114 6883/111/117 6799/116/124
f 6785/6/93 6881/96/104 6882/108/114 6792/115/123
f 6777/35/92 6880/27/101 6881/96/104 6785/6/93
f 6770/36/79 6879/30/74 6880/27/101 6777/35/92
f 6763/61/78 6878/70/71 6879/30/74 6770/36/79
f 6756/62/45 6877/73/56 6878/70/71 6763/61/78
f 6749/61/44 6876/70/53 6877/73/56 6756/62/45
f 6742/36/28 6875/30/22 6876/70/53 6749/61/44
f 6735/35/27 6874/27/19 6875/30/22 6742/36/28
f 6840/6/195 6889/96/190 6874/27/19 6735/35/27
f 6836/76/185 6904/114/193 6905/5/196 6730/94/186
f 6829/156/177 6903/153/171 6904/114/193 6836/76/185
f 6822/83/176 6902/151/168 6903/153/171 6829/156/177
f 6815/138/146 6901/132/138 6902/151/168 6822/83/176
f 6808/83/145 6900/129/135 6901/132/138 6815/138/146
f 6800/107/113 6899/117/125 6900/129/135 6808/83/145
f 6793/106/112 6898/114/122 6899/117/125 6800/107/113
f 6786/94/100 6897/5/94 6898/114/122 6793/106/112
f 6778/25/99 6896/34/91 6897/5/94 6786/94/100
f 6771/87/70 6895/37/80 6896/34/91 6778/25/99
f 6764/68/69 6894/60/77 6895/37/80 6771/87/70
f 6757/69/52 6893/63/46 6894/60/77 6764/68/69
f 6750/68/51 6892/60/43 6893/63/46 6757/69/52
f 6743/26/17 6891/37/29 6892/60/43 6750/68/51
f 6736/25/16 6890/34/26 6891/37/29 6743/26/17
f 6730/94/186 6905/5/196 6890/34/26 6736/25/16
f 7065/5/197 6998/6/197 6999/43/197 7050/42/197
f 7002/7/198 6911/8/198 6912/89/198 7003/164/198
f 6997/2/199 6908/94/199 6906/100/199 6907/23/199
f 7049/96/200 6910/95/200 6909/165/200 7034/125/200
f 7033/93/201 7001/9/202 7000/80/202 7018/157/201
f 7035/144/203 6919/86/203 6920/85/203 7036/145/203
f 7019/158/204 6923/46/36 6924/45/36 7020/159/204
f 7051/50/205 6918/49/205 6917/92/205 7052/81/205
f 7004/166/206 6922/53/206 6921/52/206 7005/167/206
f 6914/22/207 6913/168/207 6915/103/207 6916/102/207
f 7006/169/208 6931/170/208 6932/52/208 7007/167/208
f 6926/171/209 6925/172/209 6927/103/209 6928/102/209
f 7037/146/210 6930/173/210 6929/85/210 7038/145/210
f 7021/174/211 6934/175/212 6933/45/212 7022/159/211
f 7053/91/213 6936/90/213 6935/82/213 7054/81/213
f 7023/158/214 6943/46/64 6944/80/64 7024/157/214
f 7055/50/215 6945/49/215 6946/43/215 7056/42/215
f 7008/176/819 6942/53/819 6941/89/819 7009/164/819
f 6938/22/217 6937/168/217 6939/100/217 6940/23/217
f 7039/144/218 6948/86/218 6947/165/218 7040/125/218
f 6950/2/219 6949/94/219 6951/79/219 6952/177/219
f 7041/96/220 6957/95/220 6958/178/220 7042/179/220
f 7025/93/221 6954/9/222 6953/99/222 7026/57/221
f 7057/5/223 6956/6/223 6955/180/223 7058/181/223
f 7010/7/224 6960/8/224 6959/182/224 7011/183/224
f 7059/184/225 6965/185/225 6966/186/225 7060/187/225
f 7012/188/226 6969/189/226 6970/190/226 7013/191/226
f 6962/15/227 6961/160/227 6963/84/227 6964/16/227
f 7043/192/228 6968/193/228 6967/194/228 7044/195/228
f 7027/56/229 6972/105/230 6971/124/230 7028/20/229
f 6974/196/231 6973/197/231 6975/198/231 6976/16/231
f 7045/199/232 6979/200/232 6980/201/232 7046/202/232
f 7029/19/233 6983/127/234 6984/124/234 7030/20/233
f 7061/203/235 6978/204/235 6977/205/235 7062/206/235
f 7014/207/236 6982/208/236 6981/190/236 7015/191/236
f 7063/209/237 6989/210/237 6990/180/237 7064/211/237
f 7016/188/839 6993/189/839 6994/212/839 7017/213/839
f 6986/15/239 6985/160/239 6987/79/239 6988/78/239
f 7047/214/240 6992/193/240 6991/178/240 7048/215/240
f 7031/56/241 6996/105/242 6995/99/242 7032/57/241
f 6771/87/8 6778/25/8 6939/100/8 6937/168/8
f 6837/77/178 6830/150/166 6986/15/10 6988/78/10
f 6751/47/37 6744/21/18 6914/22/10 6916/102/10
f 6800/107/8 6808/83/8 6963/84/8 6961/160/8
f 6733/39/131 6843/38/131 7003/164/131 6912/89/131
f 6792/115/156 6898/114/156 7058/181/156 6955/180/156
f 6770/36/8 6777/35/8 6946/43/8 6945/49/8
f 6829/156/8 6836/76/8 6987/79/8 6985/160/8
f 6868/128/10 6867/112/10 7027/56/10 7028/20/10
f 6743/26/8 6750/68/8 6915/103/8 6913/168/8
f 6799/116/8 6807/130/8 6966/186/8 6965/185/8
f 6844/41/109 6740/40/109 6922/53/109 7004/166/109
f 6899/117/155 6799/116/155 6965/185/155 7059/184/155
f 6769/88/8 6776/28/8 6947/165/8 6948/86/8
f 6828/152/8 6835/115/8 6990/180/8 6989/210/8
f 6798/110/8 6806/141/8 6967/194/8 6968/193/8
f 6747/51/88 6845/64/88 7005/167/88 6921/52/88
f 6807/130/66 6900/129/66 7060/187/66 6966/186/66
f 6827/148/8 6834/163/8 6991/178/8 6992/193/8
f 6866/54/10 6865/93/10 7025/93/10 7026/57/10
f 6797/120/128 6805/134/140 6970/190/8 6969/189/8
f 6846/66/87 6754/65/87 6931/170/87 7006/169/87
f 6901/132/134 6814/131/134 6978/204/134 7061/203/134
f 6826/154/174 6833/162/182 6994/212/8 6993/189/8
f 6796/104/119 6804/123/133 6971/124/230 6972/105/230
f 6761/51/65 6847/64/65 7007/167/65 6932/52/65
f 6821/130/132 6902/151/132 7062/206/132 6977/205/132
f 6825/104/164 6832/97/180 6995/99/242 6996/105/242
f 6864/31/10 6863/33/10 7023/158/10 7024/157/10
f 6848/41/39 6768/40/39 6942/53/39 7008/176/39
f 6903/153/111 6828/152/111 6989/210/111 7063/209/111
f 6758/58/87 6757/69/87 6925/172/87 6926/171/87
f 6775/39/34 6849/38/34 7009/164/34 6941/89/34
f 6835/115/59 6904/114/59 7064/211/59 6990/180/59
f 6862/74/10 6861/75/10 7021/174/10 7022/159/10
f 6850/7/5 6783/8/5 6960/8/5 7010/7/5
f 6905/5/6 6840/6/6 6998/6/6 7065/5/6
f 6787/2/5 6786/94/5 6949/94/5 6950/2/5
f 6790/119/156 6851/118/156 7011/183/156 6959/182/156
f 6860/74/10 6859/33/10 7019/158/10 7020/159/10
f 6816/139/134 6815/138/134 6973/197/134 6974/196/134
f 6852/121/155 6797/120/155 6969/189/155 7012/188/155
f 6904/114/10 6903/153/10 7063/209/10 7064/211/10
f 6805/134/66 6853/133/66 7013/191/66 6970/190/66
f 6858/31/10 6873/93/10 7033/93/10 7018/157/10
f 6854/136/134 6812/135/134 6982/208/134 7014/207/134
f 6902/151/10 6901/132/10 7061/203/10 7062/206/10
f 6734/28/131 6874/27/131 7034/125/131 6909/165/131
f 6819/134/132 6855/133/132 7015/191/132 6981/190/132
f 6841/2/6 6730/94/6 6908/94/6 6997/2/6
f 6875/30/109 6741/29/109 6919/86/109 7035/144/109
f 6856/155/111 6826/154/111 6993/189/111 7016/188/111
f 6900/129/10 6899/117/10 7059/184/10 7060/187/10
f 6748/71/88 6876/70/88 7036/145/88 6920/85/88
f 6833/162/59 6857/161/59 7017/213/59 6994/212/59
f 6877/73/87 6755/72/87 6930/173/87 7037/146/87
f 6898/114/10 6897/5/10 7057/5/10 7058/181/10
f 6762/71/65 6878/70/65 7038/145/65 6929/85/65
f 6857/161/10 6856/155/10 7016/188/10 7017/213/10
f 6879/30/39 6769/88/39 6948/86/39 7039/144/39
f 6896/34/10 6895/37/10 7055/50/10 7056/42/10
f 6737/3/3 6841/2/2 6997/2/10 6907/23/10
f 6776/28/34 6880/27/34 7040/125/34 6947/165/34
f 6855/133/10 6854/136/10 7014/207/10 7015/191/10
f 6840/6/8 6735/35/8 6999/43/8 6998/6/8
f 6881/96/5 6784/95/5 6957/95/5 7041/96/5
f 6764/68/65 6765/47/65 6928/102/65 6927/103/65
f 6894/60/10 6893/63/10 7053/91/10 7054/81/10
f 6839/9/7 6732/11/9 7000/80/202 7001/9/202
f 6791/109/156 6882/108/156 7042/179/156 6958/178/156
f 6853/133/10 6852/121/10 7012/188/10 7013/191/10
f 6793/106/156 6794/101/156 6952/177/156 6951/79/156
f 6883/111/155 6798/110/155 6968/193/155 7043/192/155
f 6755/72/8 6762/71/8 6929/85/8 6930/173/8
f 6736/25/131 6737/3/131 6907/23/131 6906/100/131
f 6892/60/10 6891/37/10 7051/50/10 7052/81/10
f 6806/141/66 6884/140/66 7044/195/66 6967/194/66
f 6754/65/48 6761/51/82 6932/52/8 6931/170/8
f 6822/83/132 6823/13/132 6976/16/132 6975/198/132
f 6851/118/10 6850/7/10 7010/7/10 7011/183/10
f 6782/9/98 6789/97/107 6953/99/222 6954/9/222
f 6885/143/134 6813/142/134 6979/200/134 7045/199/134
f 6753/67/50 6760/44/60 6933/45/212 6934/175/212
f 6890/34/10 6905/5/10 7065/5/10 7050/42/10
f 6820/141/132 6886/147/132 7046/202/132 6980/201/132
f 6730/94/8 6736/25/8 6906/100/8 6908/94/8
f 6849/38/10 6848/41/10 7008/176/10 7009/164/10
f 6794/101/110 6787/2/89 6950/2/10 6952/177/10
f 6887/149/111 6827/148/111 6992/193/111 7047/214/111
f 6765/47/67 6758/58/41 6926/171/10 6928/102/10
f 6823/13/157 6816/139/147 6974/196/10 6976/16/10
f 6729/95/8 6734/28/8 6909/165/8 6910/95/8
f 6786/94/8 6793/106/8 6951/79/8 6949/94/8
f 6834/163/59 6888/108/59 7048/215/59 6991/178/59
f 6757/69/8 6764/68/8 6927/103/8 6925/172/8
f 6815/138/8 6822/83/8 6975/198/8 6973/197/8
f 6728/8/183 6733/39/31 6912/89/8 6911/8/8
f 6847/64/10 6846/66/10 7006/169/10 7007/167/10
f 6785/6/8 6792/115/8 6955/180/8 6956/6/8
f 6889/96/6 6729/95/6 6910/95/6 7049/96/6
f 6756/62/8 6763/61/8 6935/82/8 6936/90/8
f 6814/131/8 6821/130/8 6977/205/8 6978/204/8
f 6784/95/8 6791/109/8 6958/178/8 6957/95/8
f 6813/142/8 6820/141/8 6980/201/8 6979/200/8
f 6845/64/10 6844/41/10 7004/166/10 7005/167/10
f 6783/8/96 6790/119/127 6959/182/8 6960/8/8
f 6888/108/10 6887/149/10 7047/214/10 7048/215/10
f 6812/135/141 6819/134/173 6981/190/8 6982/208/8
f 6811/126/143 6818/123/840 6984/124/234 6983/127/234
f 6843/38/10 6842/7/10 7002/7/10 7003/164/10
f 6886/147/10 6885/143/10 7045/199/10 7046/202/10
f 6732/11/131 6858/31/131 7018/157/131 7000/80/131
f 6744/21/109 6743/26/109 6913/168/109 6914/22/109
f 6772/21/39 6771/87/39 6937/168/39 6938/22/39
f 6859/33/109 6739/32/109 6923/46/109 7019/158/109
f 6884/140/10 6883/111/10 7043/192/10 7044/195/10
f 6746/44/88 6860/74/88 7020/159/88 6924/45/88
f 6801/14/155 6800/107/155 6961/160/155 6962/15/155
f 6861/75/87 6753/67/87 6934/175/87 7021/174/87
f 6882/108/10 6881/96/10 7041/96/10 7042/179/10
f 7066/216/6 7067/217/6 7069/217/6 7068/216/6
f 7068/216/87 7069/217/87 7073/218/87 7072/219/87
f 7072/219/5 7073/218/5 7071/218/5 7070/219/5
f 7070/219/134 7071/218/134 7067/217/134 7066/216/134
f 7068/216/10 7072/219/10 7070/219/10 7066/216/10
f 7073/218/8 7069/217/8 7067/217/8 7071/218/8
f 7082/220/243 7083/221/243 7077/222/244 7076/220/245
f 7086/223/246 7087/224/246 7081/225/247 7080/226/248
f 7084/227/249 7085/228/249 7079/225/250 7078/229/251
f 7088/223/826 7089/230/826 7075/221/253 7074/231/254
f 7091/232/255 7084/227/256 7078/229/257 7088/223/258
f 7090/233/259 7083/221/260 7075/221/261 7089/230/262
f 7087/224/263 7077/222/264 7083/221/260 7090/233/259
f 7086/223/265 7080/226/266 7084/227/256 7091/232/255
f 7080/226/248 7081/225/247 7085/228/267 7084/227/267
f 7074/231/254 7075/221/253 7083/221/243 7082/220/243
f 7076/220/268 7086/223/265 7091/232/255 7082/220/269
f 7081/225/270 7087/224/263 7090/233/259 7085/228/271
f 7085/228/271 7090/233/259 7089/230/262 7079/225/272
f 7082/220/269 7091/232/255 7088/223/258 7074/231/273
f 7078/229/251 7079/225/250 7089/230/274 7088/223/274
f 7076/220/245 7077/222/244 7087/224/275 7086/223/275
f 7100/234/276 7101/235/276 7095/235/277 7094/236/278
f 7104/237/279 7105/238/279 7099/239/280 7098/240/281
f 7102/241/282 7103/242/282 7097/243/283 7096/240/284
f 7106/244/827 7107/245/827 7093/246/286 7092/234/287
f 7109/247/288 7102/241/289 7096/240/290 7106/244/291
f 7108/248/292 7101/235/293 7093/246/294 7107/245/295
f 7105/238/296 7095/235/297 7101/235/293 7108/248/292
f 7104/237/298 7098/240/299 7102/241/289 7109/247/288
f 7098/240/281 7099/239/280 7103/242/300 7102/241/300
f 7092/234/287 7093/246/286 7101/235/276 7100/234/276
f 7094/236/301 7104/237/298 7109/247/288 7100/234/302
f 7099/239/303 7105/238/296 7108/248/292 7103/242/304
f 7103/242/304 7108/248/292 7107/245/295 7097/243/305
f 7100/234/302 7109/247/288 7106/244/291 7092/234/306
f 7096/240/284 7097/243/283 7107/245/307 7106/244/307
f 7094/236/278 7095/235/277 7105/238/308 7104/237/308
f 7118/249/309 7119/250/309 7113/251/310 7112/252/311
f 7122/253/312 7123/254/313 7117/255/314 7116/256/315
f 7120/257/316 7121/258/316 7115/259/317 7114/260/318
f 7124/261/319 7125/262/320 7111/263/321 7110/264/322
f 7127/265/323 7120/257/324 7114/260/325 7124/261/326
f 7126/266/327 7119/250/328 7111/263/329 7125/262/330
f 7123/254/331 7113/251/332 7119/250/328 7126/266/327
f 7122/253/333 7116/256/334 7120/257/324 7127/265/323
f 7116/256/315 7117/255/314 7121/258/335 7120/257/335
f 7110/264/322 7111/263/321 7119/250/309 7118/249/309
f 7112/252/336 7122/253/333 7127/265/323 7118/249/337
f 7117/255/338 7123/254/331 7126/266/327 7121/258/339
f 7121/258/339 7126/266/327 7125/262/330 7115/259/340
f 7118/249/337 7127/265/323 7124/261/326 7110/264/341
f 7114/260/318 7115/259/317 7125/262/320 7124/261/319
f 7112/252/311 7113/251/310 7123/254/313 7122/253/312
f 7136/267/342 7137/268/342 7131/269/343 7130/270/344
f 7140/271/345 7141/272/345 7135/273/346 7134/274/347
f 7138/275/348 7139/276/348 7133/277/349 7132/278/350
f 7142/279/351 7143/280/351 7129/281/352 7128/282/353
f 7145/283/354 7138/275/355 7132/278/831 7142/279/357
f 7144/284/358 7137/268/359 7129/281/360 7143/280/361
f 7141/272/362 7131/269/363 7137/268/359 7144/284/358
f 7140/271/364 7134/274/365 7138/275/355 7145/283/354
f 7134/274/347 7135/273/346 7139/276/366 7138/275/366
f 7128/282/353 7129/281/352 7137/268/342 7136/267/342
f 7130/270/367 7140/271/364 7145/283/354 7136/267/368
f 7135/273/369 7141/272/362 7144/284/358 7139/276/370
f 7139/276/370 7144/284/358 7143/280/361 7133/277/822
f 7136/267/368 7145/283/354 7142/279/357 7128/282/372
f 7132/278/350 7133/277/349 7143/280/373 7142/279/373
f 7130/270/344 7131/269/343 7141/272/374 7140/271/374
f 7154/285/375 7155/286/375 7149/287/376 7148/288/377
f 7158/289/378 7159/290/379 7153/291/380 7152/292/381
f 7156/293/382 7157/294/382 7151/295/383 7150/296/384
f 7160/297/385 7161/298/386 7147/299/387 7146/300/388
f 7163/301/389 7156/293/390 7150/296/391 7160/297/392
f 7162/302/393 7155/286/394 7147/299/395 7161/298/396
f 7159/290/397 7149/287/398 7155/286/394 7162/302/393
f 7158/289/399 7152/292/400 7156/293/390 7163/301/389
f 7152/292/381 7153/291/380 7157/294/401 7156/293/401
f 7146/300/388 7147/299/387 7155/286/375 7154/285/375
f 7148/288/402 7158/289/399 7163/301/389 7154/285/403
f 7153/291/404 7159/290/397 7162/302/393 7157/294/405
f 7157/294/405 7162/302/393 7161/298/396 7151/295/406
f 7154/285/403 7163/301/389 7160/297/392 7146/300/407
f 7150/296/384 7151/295/383 7161/298/386 7160/297/385
f 7148/288/377 7149/287/376 7159/290/379 7158/289/378
f 7172/303/408 7173/304/408 7167/305/409 7166/306/410
f 7176/307/411 7177/308/411 7171/309/412 7170/310/413
f 7174/311/414 7175/312/414 7169/313/415 7168/314/416
f 7178/315/417 7179/316/417 7165/317/418 7164/318/419
f 7181/319/420 7174/311/421 7168/314/422 7178/315/423
f 7180/320/424 7173/304/425 7165/317/426 7179/316/427
f 7177/308/428 7167/305/429 7173/304/425 7180/320/424
f 7176/307/430 7170/310/431 7174/311/421 7181/319/420
f 7170/310/413 7171/309/412 7175/312/432 7174/311/432
f 7164/318/419 7165/317/418 7173/304/408 7172/303/408
f 7166/306/433 7176/307/430 7181/319/420 7172/303/434
f 7171/309/435 7177/308/428 7180/320/424 7175/312/436
f 7175/312/436 7180/320/424 7179/316/427 7169/313/437
f 7172/303/434 7181/319/420 7178/315/423 7164/318/438
f 7168/314/416 7169/313/415 7179/316/439 7178/315/439
f 7166/306/410 7167/305/409 7177/308/440 7176/307/440
f 7190/249/441 7191/250/441 7185/251/442 7184/252/443
f 7194/253/444 7195/254/445 7189/255/446 7188/256/447
f 7192/257/448 7193/258/448 7187/259/449 7186/260/450
f 7196/261/451 7197/262/832 7183/263/453 7182/264/454
f 7199/265/455 7192/257/456 7186/260/457 7196/261/458
f 7198/266/459 7191/250/460 7183/263/461 7197/262/462
f 7195/254/463 7185/251/464 7191/250/460 7198/266/459
f 7194/253/465 7188/256/466 7192/257/456 7199/265/455
f 7188/256/447 7189/255/446 7193/258/467 7192/257/467
f 7182/264/454 7183/263/453 7191/250/441 7190/249/441
f 7184/252/468 7194/253/465 7199/265/455 7190/249/469
f 7189/255/470 7195/254/463 7198/266/459 7193/258/471
f 7193/258/471 7198/266/459 7197/262/462 7187/259/472
f 7190/249/469 7199/265/455 7196/261/458 7182/264/473
f 7186/260/450 7187/259/449 7197/262/832 7196/261/451
f 7184/252/443 7185/251/442 7195/254/445 7194/253/444
f 7208/267/474 7209/268/474 7203/269/475 7202/270/476
f 7212/271/477 7213/272/477 7207/273/478 7206/274/479
f 7210/275/480 7211/276/480 7205/277/481 7204/278/482
f 7214/279/483 7215/280/483 7201/281/484 7200/282/485
f 7217/283/486 7210/275/487 7204/278/488 7214/279/489
f 7216/284/490 7209/268/491 7201/281/492 7215/280/493
f 7213/272/494 7203/269/495 7209/268/491 7216/284/490
f 7212/271/496 7206/274/497 7210/275/487 7217/283/486
f 7206/274/479 7207/273/478 7211/276/498 7210/275/498
f 7200/282/485 7201/281/484 7209/268/474 7208/267/474
f 7202/270/499 7212/271/496 7217/283/486 7208/267/500
f 7207/273/501 7213/272/494 7216/284/490 7211/276/502
f 7211/276/502 7216/284/490 7215/280/493 7205/277/503
f 7208/267/500 7217/283/486 7214/279/489 7200/282/504
f 7204/278/482 7205/277/481 7215/280/505 7214/279/505
f 7202/270/476 7203/269/475 7213/272/506 7212/271/506
