# Blender 4.4.0
# www.blender.org
mtllib geothermal.mtl
o geothermal
v 0.908411 -3.340318 0.000003
v 0.908411 -2.853640 0.000003
v 0.057281 -3.340318 0.000003
v 0.057281 -2.853640 0.000003
v -0.360014 -3.340318 1.570093
v -0.360014 -2.853643 1.570093
v 0.482846 -3.340318 2.632681
v 0.482846 -2.853643 2.632681
v 0.482846 -3.340318 0.000003
v 0.482846 -2.853640 0.000003
v 1.325706 -3.340318 1.570093
v 1.325706 -2.853643 1.570093
v 0.482846 -2.853643 2.045795
v 0.482846 -3.340318 2.045795
v 0.908411 -3.340318 1.570093
v 0.057281 -2.853643 1.570093
v 0.908411 -2.853643 1.570093
v 0.057281 -3.340318 1.570093
v -5.431066 -3.340315 0.000003
v -5.431066 -2.853640 0.000003
v -6.282196 -3.340315 0.000003
v -6.282196 -2.853640 0.000003
v -6.699491 -3.340318 1.570093
v -6.699491 -2.853643 1.570093
v -5.856630 -3.340318 2.632681
v -5.856630 -2.853643 2.632681
v -5.856630 -3.340315 0.000003
v -5.856630 -2.853640 0.000003
v -5.013770 -3.340318 1.570093
v -5.013770 -2.853643 1.570093
v -5.856630 -2.853643 2.045795
v -5.856630 -3.340318 2.045795
v -5.431066 -3.340318 1.570093
v -6.282196 -2.853643 1.570093
v -5.431066 -2.853643 1.570093
v -6.282196 -3.340318 1.570093
v -2.220163 -3.340318 0.000003
v -2.220163 -2.853640 0.000003
v -3.071292 -3.340318 0.000003
v -3.071292 -2.853640 0.000003
v -3.488588 -3.340318 1.570093
v -3.488588 -2.853643 1.570093
v -2.645727 -3.340318 2.632681
v -2.645727 -2.853643 2.632681
v -2.645727 -3.340318 0.000003
v -2.645727 -2.853640 0.000003
v -1.802867 -3.340318 1.570093
v -1.802867 -2.853643 1.570093
v -2.645727 -2.853643 2.045795
v -2.645727 -3.340318 2.045795
v -2.220163 -3.340318 1.570093
v -3.071292 -2.853643 1.570093
v -2.220163 -2.853643 1.570093
v -3.071292 -3.340318 1.570093
v -5.263050 2.440018 0.011802
v -5.263051 2.928423 7.998322
v -5.458140 2.459233 0.011802
v -5.362858 2.938253 7.998322
v -5.645733 2.516139 0.011802
v -5.458829 2.967366 7.998322
v -5.818620 2.608549 0.011802
v -5.547277 3.014642 7.998322
v -5.970157 2.732912 0.011802
v -5.624803 3.078266 7.998322
v -6.094520 2.884448 0.011801
v -5.688426 3.155791 7.998322
v -6.186929 3.057335 0.011801
v -5.735703 3.244239 7.998322
v -6.243835 3.244928 0.011801
v -5.764815 3.340211 7.998322
v -6.263050 3.440018 0.011801
v -5.774646 3.440018 7.998322
v -6.243835 3.635109 0.011801
v -5.764815 3.539825 7.998322
v -6.186929 3.822702 0.011801
v -5.735703 3.635797 7.998322
v -6.094520 3.995589 0.011801
v -5.688426 3.724246 7.998322
v -5.970157 4.147125 0.011801
v -5.624803 3.801771 7.998322
v -5.818620 4.271488 0.011801
v -5.547277 3.865395 7.998322
v -5.645733 4.363898 0.011801
v -5.458830 3.912671 7.998322
v -5.458140 4.420804 0.011801
v -5.362858 3.941784 7.998322
v -5.263050 4.440018 0.011801
v -5.263051 3.951614 7.998322
v -5.067959 4.420804 0.011801
v -5.163243 3.941784 7.998322
v -4.880366 4.363898 0.011801
v -5.067271 3.912671 7.998322
v -4.707479 4.271488 0.011801
v -4.978823 3.865395 7.998322
v -4.555943 4.147125 0.011801
v -4.901298 3.801771 7.998322
v -4.431581 3.995589 0.011801
v -4.837674 3.724246 7.998322
v -4.339170 3.822702 0.011801
v -4.790398 3.635798 7.998322
v -4.282264 3.635109 0.011801
v -4.761285 3.539826 7.998322
v -4.263050 3.440018 0.011801
v -4.751455 3.440018 7.998322
v -4.282264 3.244928 0.011801
v -4.761285 3.340211 7.998322
v -4.339170 3.057335 0.011801
v -4.790398 3.244239 7.998322
v -4.431580 2.884449 0.011801
v -4.837674 3.155791 7.998322
v -4.555943 2.732912 0.011802
v -4.901298 3.078266 7.998322
v -4.707479 2.608549 0.011802
v -4.978823 3.014642 7.998322
v -4.880366 2.516139 0.011802
v -5.067271 2.967366 7.998322
v -5.067959 2.459233 0.011802
v -5.163243 2.938253 7.998322
v -5.263050 2.489914 1.174182
v -5.448406 2.508170 1.174182
v -5.626639 2.562236 1.174182
v -5.790900 2.650035 1.174182
v -5.934875 2.768193 1.174182
v -6.053033 2.912169 1.174182
v -6.140832 3.076429 1.174182
v -6.194899 3.254662 1.174182
v -6.213155 3.440018 1.174182
v -6.194899 3.625375 1.174182
v -6.140832 3.803608 1.174182
v -6.053033 3.967868 1.174182
v -5.934875 4.111844 1.174182
v -5.790900 4.230001 1.174182
v -5.626639 4.317801 1.174182
v -5.448406 4.371867 1.174182
v -5.263050 4.390123 1.174182
v -5.077693 4.371867 1.174182
v -4.899460 4.317801 1.174182
v -4.735200 4.230001 1.174182
v -4.591225 4.111844 1.174182
v -4.473067 3.967868 1.174182
v -4.385268 3.803608 1.174182
v -4.331201 3.625375 1.174182
v -4.312945 3.440018 1.174182
v -4.331201 3.254662 1.174182
v -4.385268 3.076429 1.174182
v -4.473066 2.912169 1.174182
v -4.591224 2.768193 1.174182
v -4.735200 2.650035 1.174182
v -4.899460 2.562236 1.174182
v -5.077693 2.508170 1.174182
v -5.450198 2.499162 0.960215
v -5.630154 2.553751 0.960215
v -5.796002 2.642399 0.960215
v -5.941370 2.761698 0.960215
v -6.060669 2.907066 0.960215
v -6.149317 3.072914 0.960215
v -6.203907 3.252870 0.960215
v -6.222339 3.440018 0.960215
v -6.203907 3.627167 0.960215
v -6.149317 3.807122 0.960215
v -6.060669 3.972971 0.960215
v -5.941370 4.118338 0.960215
v -5.796002 4.237638 0.960215
v -5.630154 4.326286 0.960215
v -5.450198 4.380875 0.960215
v -5.263050 4.399308 0.960215
v -5.075902 4.380875 0.960215
v -4.895946 4.326286 0.960215
v -4.730097 4.237638 0.960215
v -4.584730 4.118338 0.960215
v -4.465430 3.972971 0.960215
v -4.376782 3.807123 0.960215
v -4.322193 3.627167 0.960215
v -4.303761 3.440018 0.960215
v -4.322193 3.252870 0.960215
v -4.376782 3.072914 0.960215
v -4.465430 2.907066 0.960215
v -4.584730 2.761699 0.960215
v -4.730097 2.642399 0.960215
v -4.895946 2.553751 0.960215
v -5.075902 2.499162 0.960215
v -5.263050 2.480729 0.960215
v -5.263050 2.593611 3.589948
v -5.428176 2.609874 3.589948
v -5.586956 2.658040 3.589948
v -5.733289 2.736256 3.589948
v -5.861551 2.841518 3.589948
v -5.966812 2.969780 3.589948
v -6.045029 3.116112 3.589948
v -6.093194 3.274893 3.589948
v -6.109457 3.440019 3.589948
v -6.093194 3.605144 3.589948
v -6.045029 3.763925 3.589948
v -5.966812 3.910258 3.589948
v -5.861551 4.038519 3.589948
v -5.733289 4.143781 3.589948
v -5.586957 4.221997 3.589948
v -5.428176 4.270163 3.589948
v -5.263050 4.286426 3.589948
v -5.097924 4.270163 3.589948
v -4.939144 4.221997 3.589948
v -4.792811 4.143781 3.589948
v -4.664550 4.038519 3.589948
v -4.559288 3.910258 3.589948
v -4.481071 3.763925 3.589948
v -4.432906 3.605145 3.589948
v -4.416643 3.440019 3.589948
v -4.432906 3.274893 3.589948
v -4.481071 3.116112 3.589948
v -4.559288 2.969780 3.589948
v -4.664549 2.841518 3.589948
v -4.792811 2.736256 3.589948
v -4.939144 2.658040 3.589948
v -5.097924 2.609874 3.589948
v -5.263050 2.602909 3.806556
v -5.426362 2.618994 3.806556
v -5.583398 2.666630 3.806556
v -5.728123 2.743987 3.806556
v -5.854976 2.848093 3.806556
v -5.959081 2.974945 3.806556
v -6.036438 3.119670 3.806556
v -6.084075 3.276706 3.806556
v -6.100160 3.440019 3.806556
v -6.084075 3.603331 3.806556
v -6.036438 3.760367 3.806556
v -5.959081 3.905092 3.806556
v -5.854976 4.031944 3.806556
v -5.728123 4.136050 3.806556
v -5.583398 4.213407 3.806556
v -5.426362 4.261043 3.806556
v -5.263050 4.277128 3.806556
v -5.099738 4.261043 3.806556
v -4.942702 4.213407 3.806556
v -4.797976 4.136049 3.806556
v -4.671124 4.031944 3.806556
v -4.567019 3.905092 3.806556
v -4.489662 3.760367 3.806556
v -4.442025 3.603331 3.806556
v -4.425941 3.440019 3.806556
v -4.442025 3.276706 3.806556
v -4.489662 3.119670 3.806556
v -4.567019 2.974945 3.806556
v -4.671124 2.848093 3.806556
v -4.797976 2.743987 3.806556
v -4.942702 2.666630 3.806556
v -5.099738 2.618994 3.806556
v -5.263050 2.704272 6.167962
v -5.406587 2.718409 6.167962
v -5.544608 2.760278 6.167962
v -5.671809 2.828268 6.167962
v -5.783301 2.919768 6.167962
v -5.874801 3.031260 6.167962
v -5.942791 3.158461 6.167962
v -5.984659 3.296482 6.167962
v -5.998796 3.440018 6.167962
v -5.984659 3.583555 6.167962
v -5.942791 3.721576 6.167962
v -5.874801 3.848777 6.167962
v -5.783301 3.960269 6.167962
v -5.671809 4.051769 6.167962
v -5.544608 4.119760 6.167962
v -5.406587 4.161627 6.167962
v -5.263050 4.175765 6.167962
v -5.119514 4.161627 6.167962
v -4.981493 4.119760 6.167962
v -4.854292 4.051769 6.167962
v -4.742799 3.960269 6.167962
v -4.651300 3.848777 6.167962
v -4.583310 3.721576 6.167962
v -4.541441 3.583555 6.167962
v -4.527304 3.440018 6.167962
v -4.541441 3.296481 6.167962
v -4.583310 3.158460 6.167962
v -4.651299 3.031260 6.167962
v -4.742799 2.919768 6.167962
v -4.854292 2.828268 6.167962
v -4.981493 2.760278 6.167962
v -5.119514 2.718409 6.167962
v -5.408252 2.710037 5.969091
v -5.547875 2.752391 5.969091
v -5.676551 2.821170 5.969091
v -5.789338 2.913731 5.969091
v -5.881898 3.026517 5.969091
v -5.950678 3.155194 5.969091
v -5.993032 3.294816 5.969091
v -6.007333 3.440018 5.969091
v -5.993032 3.585221 5.969091
v -5.950678 3.724843 5.969091
v -5.881899 3.853520 5.969091
v -5.789338 3.966306 5.969091
v -5.676551 4.058867 5.969091
v -5.547875 4.127646 5.969091
v -5.408252 4.170000 5.969091
v -5.263050 4.184301 5.969091
v -5.117848 4.170000 5.969091
v -4.978226 4.127646 5.969091
v -4.849549 4.058867 5.969091
v -4.736763 3.966306 5.969091
v -4.644202 3.853520 5.969091
v -4.575423 3.724843 5.969091
v -4.533069 3.585221 5.969091
v -4.518768 3.440018 5.969091
v -4.533069 3.294816 5.969091
v -4.575423 3.155194 5.969091
v -4.644202 3.026517 5.969091
v -4.736763 2.913731 5.969091
v -4.849549 2.821170 5.969091
v -4.978226 2.752391 5.969091
v -5.117848 2.710037 5.969091
v -5.263050 2.695736 5.969091
v -5.263050 2.392208 0.960215
v -5.263050 2.402241 1.174182
v -5.060589 2.422181 1.174182
v -4.865909 2.481237 1.174182
v -4.686491 2.577138 1.174182
v -4.529230 2.706199 1.174182
v -4.400168 2.863460 1.174182
v -4.304268 3.042878 1.174182
v -4.245212 3.237558 1.174182
v -4.225272 3.440019 1.174182
v -4.245212 3.642479 1.174182
v -4.304268 3.837160 1.174182
v -4.400168 4.016578 1.174182
v -4.529230 4.173839 1.174182
v -4.686491 4.302900 1.174182
v -4.865909 4.398801 1.174182
v -5.060589 4.457857 1.174182
v -5.263050 4.477798 1.174182
v -5.465510 4.457857 1.174182
v -5.660190 4.398801 1.174182
v -5.839608 4.302900 1.174182
v -5.996870 4.173839 1.174182
v -6.125931 4.016577 1.174182
v -6.221832 3.837159 1.174182
v -6.280888 3.642479 1.174182
v -6.300828 3.440019 1.174182
v -6.280888 3.237558 1.174182
v -6.221832 3.042878 1.174182
v -6.125931 2.863460 1.174182
v -5.996870 2.706199 1.174182
v -5.839608 2.577138 1.174182
v -5.660190 2.481237 1.174182
v -5.465510 2.422181 1.174182
v -5.467467 2.412342 0.960215
v -5.664029 2.471968 0.960215
v -5.845182 2.568796 0.960215
v -6.003963 2.699105 0.960215
v -6.134272 2.857887 0.960215
v -6.231100 3.039039 0.960215
v -6.290726 3.235601 0.960215
v -6.310860 3.440019 0.960215
v -6.290726 3.644437 0.960215
v -6.231100 3.840998 0.960215
v -6.134272 4.022151 0.960215
v -6.003963 4.180933 0.960215
v -5.845182 4.311242 0.960215
v -5.664030 4.408070 0.960215
v -5.467467 4.467696 0.960215
v -5.263050 4.487829 0.960215
v -5.058632 4.467696 0.960215
v -4.862070 4.408070 0.960215
v -4.680917 4.311242 0.960215
v -4.522136 4.180933 0.960215
v -4.391828 4.022151 0.960215
v -4.294999 3.840999 0.960215
v -4.235373 3.644437 0.960215
v -4.215240 3.440019 0.960215
v -4.235373 3.235601 0.960215
v -4.294999 3.039039 0.960215
v -4.391827 2.857887 0.960215
v -4.522136 2.699105 0.960215
v -4.680917 2.568796 0.960215
v -4.862070 2.471968 0.960215
v -5.058632 2.412342 0.960215
v -5.441432 2.543232 3.806556
v -5.443413 2.533271 3.589948
v -5.612959 2.595264 3.806556
v -5.616846 2.585881 3.589948
v -5.771039 2.679760 3.806556
v -5.776681 2.671315 3.589948
v -5.909597 2.793472 3.806556
v -5.916779 2.786290 3.589948
v -6.023309 2.932030 3.806556
v -6.031754 2.926388 3.589948
v -6.107805 3.090110 3.806556
v -6.117188 3.086224 3.589948
v -6.159837 3.261637 3.806556
v -6.169798 3.259655 3.589948
v -6.177407 3.440019 3.806556
v -6.187562 3.440019 3.589948
v -6.159837 3.618401 3.806556
v -6.169798 3.620383 3.589948
v -6.107805 3.789928 3.806556
v -6.117188 3.793815 3.589948
v -6.023309 3.948008 3.806556
v -6.031754 3.953651 3.589948
v -5.909597 4.086566 3.806556
v -5.916779 4.093748 3.589948
v -5.771039 4.200278 3.806556
v -5.776681 4.208723 3.589948
v -5.612959 4.284774 3.806556
v -5.616846 4.294157 3.589948
v -5.441432 4.336806 3.806556
v -5.443413 4.346767 3.589948
v -5.263050 4.354375 3.806556
v -5.263050 4.364531 3.589948
v -5.084668 4.336806 3.806556
v -5.082686 4.346767 3.589948
v -4.913141 4.284774 3.806556
v -4.909255 4.294157 3.589948
v -4.755061 4.200278 3.806556
v -4.749418 4.208723 3.589948
v -4.616502 4.086566 3.806556
v -4.609321 4.093748 3.589948
v -4.502790 3.948009 3.806556
v -4.494346 3.953651 3.589948
v -4.418295 3.789928 3.806556
v -4.408912 3.793815 3.589948
v -4.366262 3.618401 3.806556
v -4.356302 3.620383 3.589948
v -4.348694 3.440019 3.806556
v -4.338538 3.440019 3.589948
v -4.366262 3.261637 3.806556
v -4.356302 3.259655 3.589948
v -4.418295 3.090110 3.806556
v -4.408912 3.086223 3.589948
v -4.502790 2.932030 3.806556
v -4.494346 2.926388 3.589948
v -4.616502 2.793472 3.806556
v -4.609321 2.786290 3.589948
v -4.755061 2.679760 3.806556
v -4.749418 2.671315 3.589948
v -4.913141 2.595264 3.806556
v -4.909255 2.585881 3.589948
v -5.084668 2.543232 3.806556
v -5.082686 2.533271 3.589948
v -5.263050 2.515507 3.589948
v -5.263050 2.525663 3.806556
v -5.263050 2.627055 5.969091
v -5.263050 2.636380 6.167962
v -5.106268 2.651821 6.167962
v -4.955511 2.697553 6.167962
v -4.816572 2.771817 6.167962
v -4.694791 2.871760 6.167962
v -4.594849 2.993541 6.167962
v -4.520585 3.132479 6.167962
v -4.474853 3.283237 6.167962
v -4.459411 3.440019 6.167962
v -4.474853 3.596801 6.167962
v -4.520585 3.747559 6.167962
v -4.594849 3.886497 6.167962
v -4.694791 4.008278 6.167962
v -4.816572 4.108221 6.167962
v -4.955511 4.182485 6.167962
v -5.106268 4.228217 6.167962
v -5.263050 4.243659 6.167962
v -5.419833 4.228217 6.167962
v -5.570590 4.182485 6.167962
v -5.709528 4.108221 6.167962
v -5.831309 4.008278 6.167962
v -5.931252 3.886497 6.167962
v -6.005516 3.747558 6.167962
v -6.051248 3.596801 6.167962
v -6.066689 3.440019 6.167962
v -6.051248 3.283237 6.167962
v -6.005516 3.132480 6.167962
v -5.931252 2.993541 6.167962
v -5.831309 2.871760 6.167962
v -5.709528 2.771817 6.167962
v -5.570590 2.697553 6.167962
v -5.419833 2.651821 6.167962
v -5.421651 2.642676 5.969091
v -5.574158 2.688939 5.969091
v -5.714709 2.764065 5.969091
v -5.837902 2.865167 5.969091
v -5.939005 2.988360 5.969091
v -6.014131 3.128911 5.969091
v -6.060392 3.281418 5.969091
v -6.076014 3.440019 5.969091
v -6.060392 3.598620 5.969091
v -6.014131 3.751127 5.969091
v -5.939005 3.891677 5.969091
v -5.837902 4.014871 5.969091
v -5.714709 4.115973 5.969091
v -5.574158 4.191100 5.969091
v -5.421651 4.237361 5.969091
v -5.263050 4.252983 5.969091
v -5.104449 4.237361 5.969091
v -4.951942 4.191100 5.969091
v -4.811392 4.115973 5.969091
v -4.688198 4.014871 5.969091
v -4.587096 3.891678 5.969091
v -4.511970 3.751127 5.969091
v -4.465708 3.598620 5.969091
v -4.450087 3.440019 5.969091
v -4.465708 3.281417 5.969091
v -4.511970 3.128911 5.969091
v -4.587096 2.988361 5.969091
v -4.688198 2.865167 5.969091
v -4.811392 2.764065 5.969091
v -4.951942 2.688939 5.969091
v -5.104449 2.642676 5.969091
v -5.391260 2.795468 7.998322
v -5.263051 2.782841 7.998322
v -5.514541 2.832865 7.998322
v -5.628159 2.893595 7.998322
v -5.727745 2.975323 7.998322
v -5.809474 3.074910 7.998322
v -5.870203 3.188527 7.998322
v -5.907600 3.311809 7.998322
v -5.920228 3.440018 7.998322
v -5.907600 3.568227 7.998322
v -5.870203 3.691509 7.998322
v -5.809474 3.805127 7.998322
v -5.727745 3.904713 7.998322
v -5.628159 3.986442 7.998322
v -5.514542 4.047172 7.998322
v -5.391260 4.084569 7.998322
v -5.263051 4.097197 7.998322
v -5.134841 4.084569 7.998322
v -5.011559 4.047172 7.998322
v -4.897942 3.986441 7.998322
v -4.798356 3.904713 7.998322
v -4.716627 3.805127 7.998322
v -4.655897 3.691509 7.998322
v -4.618500 3.568227 7.998322
v -4.605873 3.440018 7.998322
v -4.618500 3.311809 7.998322
v -4.655897 3.188527 7.998322
v -4.716627 3.074910 7.998322
v -4.798356 2.975323 7.998322
v -4.897942 2.893595 7.998322
v -5.011559 2.832865 7.998322
v -5.134841 2.795468 7.998322
v -5.362861 2.938253 5.330236
v -5.263053 2.928423 5.330236
v -5.458833 2.967366 5.330236
v -5.547281 3.014642 5.330236
v -5.624806 3.078266 5.330236
v -5.688430 3.155791 5.330236
v -5.735706 3.244239 5.330236
v -5.764819 3.340211 5.330236
v -5.774649 3.440019 5.330236
v -5.764819 3.539826 5.330236
v -5.735706 3.635798 5.330236
v -5.688430 3.724246 5.330236
v -5.624806 3.801771 5.330236
v -5.547281 3.865395 5.330236
v -5.458833 3.912671 5.330236
v -5.362861 3.941784 5.330236
v -5.263053 3.951614 5.330236
v -5.163246 3.941784 5.330236
v -5.067274 3.912671 5.330236
v -4.978826 3.865395 5.330236
v -4.901301 3.801771 5.330236
v -4.837677 3.724246 5.330236
v -4.790401 3.635798 5.330236
v -4.761288 3.539826 5.330236
v -4.751458 3.440018 5.330236
v -4.761288 3.340211 5.330236
v -4.790401 3.244239 5.330236
v -4.837677 3.155791 5.330236
v -4.901301 3.078266 5.330236
v -4.978826 3.014642 5.330236
v -5.067274 2.967366 5.330236
v -5.163246 2.938253 5.330236
v -5.456050 2.469742 0.261411
v -5.641633 2.526038 0.261411
v -5.812667 2.617458 0.261411
v -5.962580 2.740488 0.261411
v -6.085611 2.890401 0.261411
v -6.177030 3.061435 0.261411
v -6.233326 3.247018 0.261411
v -6.252336 3.440018 0.261411
v -6.233326 3.633018 0.261411
v -6.177030 3.818602 0.261411
v -6.085611 3.989636 0.261411
v -5.962580 4.139549 0.261411
v -5.812667 4.262579 0.261411
v -5.641633 4.353999 0.261411
v -5.456050 4.410295 0.261411
v -5.263050 4.429304 0.261411
v -5.070050 4.410295 0.261411
v -4.884467 4.353999 0.261411
v -4.713432 4.262579 0.261411
v -4.563519 4.139549 0.261411
v -4.440489 3.989636 0.261411
v -4.349070 3.818602 0.261411
v -4.292773 3.633018 0.261411
v -4.273764 3.440018 0.261411
v -4.292773 3.247018 0.261411
v -4.349070 3.061435 0.261411
v -4.440489 2.890401 0.261411
v -4.563519 2.740488 0.261411
v -4.713432 2.617458 0.261411
v -4.884467 2.526038 0.261411
v -5.070050 2.469742 0.261411
v -5.263050 2.450733 0.261411
v -5.263050 2.203399 0.011802
v -5.504302 2.227161 0.011802
v -5.501717 2.240156 0.261411
v -5.736283 2.297532 0.011802
v -5.731213 2.309772 0.261411
v -5.950078 2.411807 0.011802
v -5.942717 2.422824 0.261411
v -6.137471 2.565597 0.011802
v -6.128102 2.574965 0.261411
v -6.291260 2.752990 0.011802
v -6.280243 2.760351 0.261411
v -6.405537 2.966784 0.011801
v -6.393295 2.971855 0.261411
v -6.475907 3.198766 0.011801
v -6.462912 3.201350 0.261411
v -6.499668 3.440018 0.011801
v -6.486419 3.440018 0.261411
v -6.475907 3.681270 0.011801
v -6.462912 3.678685 0.261411
v -6.405537 3.913251 0.011801
v -6.393295 3.908181 0.261411
v -6.291261 4.127047 0.011801
v -6.280244 4.119685 0.261411
v -6.137471 4.314439 0.011801
v -6.128102 4.305070 0.261411
v -5.950078 4.468229 0.011801
v -5.942717 4.457212 0.261411
v -5.736283 4.582505 0.011801
v -5.731213 4.570263 0.261411
v -5.504302 4.652875 0.011801
v -5.501717 4.639880 0.261411
v -5.263050 4.676637 0.011801
v -5.263050 4.663387 0.261411
v -5.021798 4.652875 0.011801
v -5.024383 4.639880 0.261411
v -4.789816 4.582505 0.011801
v -4.794887 4.570263 0.261411
v -4.576021 4.468229 0.011801
v -4.583383 4.457212 0.261411
v -4.388628 4.314439 0.011801
v -4.397997 4.305070 0.261411
v -4.234839 4.127047 0.011801
v -4.245856 4.119685 0.261411
v -4.120564 3.913252 0.011801
v -4.132804 3.908181 0.261411
v -4.050192 3.681271 0.011801
v -4.063188 3.678685 0.261411
v -4.026431 3.440018 0.011801
v -4.039681 3.440018 0.261411
v -4.050192 3.198766 0.011801
v -4.063188 3.201350 0.261411
v -4.120564 2.966784 0.011801
v -4.132804 2.971855 0.261411
v -4.234838 2.752990 0.011802
v -4.245856 2.760351 0.261411
v -4.388628 2.565597 0.011802
v -4.397997 2.574966 0.261411
v -4.576021 2.411807 0.011802
v -4.583383 2.422824 0.261411
v -4.789816 2.297531 0.011802
v -4.794887 2.309772 0.261411
v -5.021798 2.227161 0.011802
v -5.024383 2.240156 0.261411
v -5.263050 2.216649 0.261411
v 0.470995 0.160751 0.400835
v 0.425799 -0.007922 0.400834
v 0.302322 -0.131400 0.400834
v 0.133650 -0.176598 0.400834
v -0.035025 -0.131400 0.400834
v -0.158503 -0.007922 0.400834
v -0.203697 0.160751 0.400835
v -0.158503 0.329424 0.400835
v -0.035025 0.452902 0.400835
v 0.133650 0.498095 0.400835
v 0.302322 0.452902 0.400835
v 0.425799 0.329424 0.400835
v 0.438585 0.160751 0.729900
v 0.394258 -0.007922 0.721083
v 0.273152 -0.131400 0.696994
v 0.107721 -0.176598 0.664087
v -0.057712 -0.131400 0.631181
v -0.178816 -0.007922 0.607091
v -0.223144 0.160751 0.598274
v -0.178816 0.329424 0.607091
v -0.057712 0.452902 0.631181
v 0.107721 0.498095 0.664087
v 0.273152 0.452902 0.696994
v 0.394258 0.329424 0.721083
v 0.342601 0.160751 1.046319
v 0.300846 -0.007921 1.029024
v 0.186766 -0.131400 0.981771
v 0.030933 -0.176598 0.917222
v -0.124901 -0.131400 0.852674
v -0.238978 -0.007921 0.805421
v -0.280735 0.160751 0.788126
v -0.238979 0.329424 0.805421
v -0.124901 0.452902 0.852674
v 0.030933 0.498095 0.917222
v 0.186766 0.452903 0.981771
v 0.300846 0.329424 1.029024
v 0.186729 0.160751 1.337933
v 0.149151 -0.007921 1.312824
v 0.046482 -0.131400 1.244224
v -0.093763 -0.176598 1.150513
v -0.234011 -0.131400 1.056804
v -0.336678 -0.007921 0.988203
v -0.374257 0.160751 0.963094
v -0.336678 0.329424 0.988203
v -0.234011 0.452903 1.056804
v -0.093763 0.498095 1.150514
v 0.046482 0.452903 1.244224
v 0.149151 0.329424 1.312824
v -0.023037 0.160751 1.593535
v -0.054997 -0.007921 1.561576
v -0.142307 -0.131400 1.474265
v -0.261578 -0.176598 1.354995
v -0.380847 -0.131400 1.235725
v -0.468160 -0.007921 1.148413
v -0.500116 0.160751 1.116455
v -0.468160 0.329424 1.148413
v -0.380847 0.452903 1.235725
v -0.261578 0.498095 1.354995
v -0.142307 0.452903 1.474265
v -0.054997 0.329424 1.561576
v -0.278639 0.160751 1.803302
v -0.303748 -0.007921 1.765723
v -0.372348 -0.131400 1.663056
v -0.466059 -0.176598 1.522808
v -0.559768 -0.131400 1.382562
v -0.628369 -0.007921 1.279894
v -0.653479 0.160751 1.242315
v -0.628369 0.329423 1.279894
v -0.559769 0.452903 1.382562
v -0.466059 0.498095 1.522808
v -0.372348 0.452903 1.663056
v -0.303748 0.329423 1.765723
v -0.570251 0.160751 1.959172
v -0.587548 -0.007921 1.917417
v -0.634801 -0.131400 1.803339
v -0.699350 -0.176598 1.647505
v -0.763897 -0.131400 1.491671
v -0.811149 -0.007921 1.377593
v -0.828446 0.160751 1.335837
v -0.811149 0.329423 1.377593
v -0.763897 0.452903 1.491671
v -0.699350 0.498095 1.647505
v -0.634801 0.452903 1.803339
v -0.587548 0.329423 1.917417
v -0.886671 0.160751 2.055157
v -0.895489 -0.007921 2.010830
v -0.919578 -0.131400 1.889726
v -0.952484 -0.176598 1.724293
v -0.985392 -0.131400 1.558860
v -1.009481 -0.007921 1.437756
v -1.018299 0.160751 1.393428
v -1.009481 0.329423 1.437756
v -0.985392 0.452903 1.558861
v -0.952484 0.498095 1.724293
v -0.919578 0.452903 1.889726
v -0.895489 0.329423 2.010830
v -1.715234 0.160751 2.087568
v -1.715234 -0.007921 2.042372
v -1.715234 0.452901 1.581548
v -1.715234 0.498095 1.750221
v -1.715234 0.329423 2.042372
v -1.715234 -0.131400 1.918894
v -1.715234 0.452901 1.918894
v -1.715234 -0.176598 1.750221
v -1.715234 -0.131400 1.581548
v -1.715234 -0.007921 1.458070
v -1.715234 0.160751 1.412875
v -1.715234 0.329423 1.458071
v -1.215737 0.329423 1.458071
v -1.215737 0.160751 1.412875
v -1.215737 -0.007921 1.458070
v -1.215737 -0.131400 1.581548
v -1.215737 -0.176598 1.750221
v -1.215737 0.452901 1.918894
v -1.215737 -0.131400 1.918894
v -1.215737 0.329423 2.042372
v -1.215737 0.498095 1.750221
v -1.215737 0.452903 1.581548
v -1.215737 -0.007921 2.042372
v -1.215737 0.160751 2.087567
v 0.470995 0.160751 0.328851
v 0.425799 -0.007922 0.328851
v 0.302322 -0.131400 0.328851
v 0.133650 -0.176598 0.328851
v -0.035025 -0.131400 0.328851
v -0.158503 -0.007922 0.328851
v -0.203697 0.160751 0.328851
v -0.158503 0.329424 0.328851
v -0.035025 0.452902 0.328851
v 0.133650 0.498095 0.328851
v 0.302322 0.452902 0.328851
v 0.425799 0.329424 0.328851
v 0.639667 0.160751 0.315459
v 0.571873 -0.092255 0.315459
v 0.386658 -0.277474 0.315459
v 0.133648 -0.345269 0.315459
v -0.119362 -0.277474 0.315459
v -0.304579 -0.092255 0.315459
v -0.372373 0.160751 0.315459
v -0.304579 0.413761 0.315458
v -0.119362 0.598980 0.315458
v 0.133648 0.666768 0.315458
v 0.386658 0.598980 0.315458
v 0.571873 0.413761 0.315458
v 0.639667 0.160755 -0.091101
v 0.571873 -0.092255 -0.091102
v 0.386658 -0.277474 -0.091102
v 0.133648 -0.345269 -0.091102
v -0.119362 -0.277474 -0.091102
v -0.304579 -0.092255 -0.091102
v -0.372373 0.160755 -0.091102
v -0.304579 0.413761 -0.091102
v -0.119362 0.598980 -0.091102
v 0.133648 0.666768 -0.091102
v 0.386658 0.598980 -0.091102
v 0.571873 0.413761 -0.091102
v -5.725851 0.160758 0.400835
v -5.680656 0.329431 0.400835
v -5.557178 0.452910 0.400835
v -5.388505 0.498107 0.400835
v -5.219831 0.452910 0.400835
v -5.096357 0.329431 0.400835
v -5.051159 0.160758 0.400835
v -5.096357 -0.007913 0.400834
v -5.219831 -0.131394 0.400834
v -5.388505 -0.176586 0.400834
v -5.557178 -0.131394 0.400834
v -5.680656 -0.007913 0.400834
v -5.693441 0.160758 0.729900
v -5.649116 0.329431 0.721083
v -5.528007 0.452910 0.696994
v -5.362577 0.498107 0.664087
v -5.197145 0.452910 0.631181
v -5.076040 0.329431 0.607091
v -5.031715 0.160758 0.598274
v -5.076040 -0.007913 0.607091
v -5.197145 -0.131394 0.631181
v -5.362577 -0.176586 0.664087
v -5.528007 -0.131394 0.696994
v -5.649116 -0.007913 0.721083
v -5.597458 0.160758 1.046319
v -5.555704 0.329431 1.029024
v -5.441623 0.452910 0.981771
v -5.285789 0.498107 0.917222
v -5.129955 0.452910 0.852674
v -5.015879 0.329431 0.805421
v -4.974123 0.160758 0.788126
v -5.015876 -0.007913 0.805421
v -5.129955 -0.131394 0.852674
v -5.285789 -0.176586 0.917222
v -5.441623 -0.131393 0.981771
v -5.555704 -0.007913 1.029024
v -5.441587 0.160758 1.337933
v -5.404008 0.329431 1.312824
v -5.301340 0.452910 1.244224
v -5.161092 0.498108 1.150514
v -5.020845 0.452910 1.056804
v -4.918176 0.329431 0.988203
v -4.880598 0.160758 0.963094
v -4.918176 -0.007913 0.988203
v -5.020845 -0.131393 1.056804
v -5.161092 -0.176586 1.150513
v -5.301340 -0.131393 1.244224
v -5.404008 -0.007913 1.312824
v -5.231819 0.160758 1.593535
v -5.199862 0.329431 1.561576
v -5.112548 0.452910 1.474265
v -4.993280 0.498108 1.354995
v -4.874010 0.452910 1.235725
v -4.786695 0.329431 1.148413
v -4.754739 0.160758 1.116455
v -4.786695 -0.007913 1.148413
v -4.874010 -0.131393 1.235725
v -4.993280 -0.176586 1.354995
v -5.112548 -0.131393 1.474265
v -5.199862 -0.007913 1.561576
v -4.976219 0.160758 1.803302
v -4.951109 0.329431 1.765723
v -4.882507 0.452910 1.663056
v -4.788797 0.498108 1.522808
v -4.695089 0.452910 1.382562
v -4.626488 0.329431 1.279894
v -4.601377 0.160758 1.242315
v -4.626488 -0.007913 1.279894
v -4.695089 -0.131393 1.382562
v -4.788797 -0.176586 1.522808
v -4.882507 -0.131393 1.663056
v -4.951109 -0.007913 1.765723
v -4.684606 0.160758 1.959172
v -4.667308 0.329431 1.917417
v -4.620058 0.452910 1.803339
v -4.555510 0.498108 1.647505
v -4.490959 0.452910 1.491671
v -4.443705 0.329431 1.377593
v -4.426411 0.160758 1.335837
v -4.443705 -0.007913 1.377593
v -4.490959 -0.131393 1.491671
v -4.555510 -0.176586 1.647505
v -4.620058 -0.131393 1.803339
v -4.667308 -0.007913 1.917417
v -4.368185 0.160758 2.055157
v -4.359369 0.329431 2.010830
v -4.335279 0.452910 1.889726
v -4.302373 0.498108 1.724293
v -4.269464 0.452910 1.558861
v -4.245376 0.329431 1.437756
v -4.236558 0.160758 1.393428
v -4.245376 -0.007913 1.437756
v -4.269464 -0.131393 1.558860
v -4.302373 -0.176586 1.724293
v -4.335279 -0.131393 1.889726
v -4.359369 -0.007913 2.010830
v -3.539621 0.160758 2.087568
v -3.539621 0.329431 2.042372
v -3.539621 -0.131393 1.581548
v -3.539621 -0.176586 1.750221
v -3.539621 -0.007913 2.042372
v -3.539621 0.452910 1.918894
v -3.539621 -0.131393 1.918894
v -3.539621 0.498108 1.750221
v -3.539621 0.452910 1.581548
v -3.539621 0.329431 1.458071
v -3.539621 0.160758 1.412875
v -3.539621 -0.007913 1.458070
v -4.039120 -0.007913 1.458070
v -4.039120 0.160758 1.412875
v -4.039120 0.329431 1.458071
v -4.039120 0.452910 1.581548
v -4.039120 0.498108 1.750221
v -4.039120 -0.131393 1.918894
v -4.039120 0.452910 1.918894
v -4.039120 -0.007913 2.042372
v -4.039120 -0.176586 1.750221
v -4.039120 -0.131393 1.581548
v -4.039120 0.329431 2.042372
v -4.039120 0.160758 2.087567
v -5.725851 0.160758 0.328851
v -5.680656 0.329431 0.328851
v -5.557178 0.452910 0.328851
v -5.388505 0.498107 0.328851
v -5.219831 0.452910 0.328851
v -5.096357 0.329431 0.328851
v -5.051159 0.160758 0.328851
v -5.096357 -0.007913 0.328851
v -5.219831 -0.131394 0.328851
v -5.388505 -0.176586 0.328851
v -5.557178 -0.131394 0.328851
v -5.680656 -0.007913 0.328851
v -5.894525 0.160758 0.315459
v -5.826730 0.413764 0.315458
v -5.641511 0.598983 0.315458
v -5.388504 0.666779 0.315458
v -5.135494 0.598983 0.315458
v -4.950279 0.413764 0.315458
v -4.882486 0.160758 0.315459
v -4.950279 -0.092252 0.315459
v -5.135494 -0.277472 0.315459
v -5.388504 -0.345259 0.315459
v -5.641511 -0.277472 0.315459
v -5.826730 -0.092252 0.315459
v -5.894525 0.160754 -0.091101
v -5.826730 0.413764 -0.091102
v -5.641511 0.598983 -0.091102
v -5.388504 0.666779 -0.091102
v -5.135494 0.598983 -0.091102
v -4.950279 0.413764 -0.091102
v -4.882486 0.160754 -0.091102
v -4.950279 -0.092252 -0.091102
v -5.135494 -0.277472 -0.091102
v -5.388504 -0.345259 -0.091102
v -5.641511 -0.277472 -0.091102
v -5.826730 -0.092252 -0.091102
v -2.622488 -1.421119 1.423965
v -2.632227 -1.421119 1.590706
v -2.883404 -1.421119 1.397351
v -2.813243 -1.421119 1.565114
v -2.622488 -1.241316 1.423965
v -2.632227 -1.241316 1.590706
v -2.883404 -1.241316 1.397351
v -2.813243 -1.241316 1.565114
v -2.475410 -1.421119 2.287734
v -2.475410 -1.241316 2.287734
v -2.449978 -1.421119 1.450819
v -2.327588 -1.421119 1.669940
v -2.327588 -1.241316 1.669940
v -2.449978 -1.241316 1.450819
v -2.855841 -1.421119 0.664923
v -2.855841 -1.241316 0.664923
v -0.104429 2.440018 0.011802
v -0.104430 2.928423 7.998322
v -0.299519 2.459233 0.011802
v -0.204237 2.938253 7.998322
v -0.487112 2.516139 0.011802
v -0.300209 2.967366 7.998322
v -0.659999 2.608549 0.011802
v -0.388657 3.014642 7.998322
v -0.811536 2.732912 0.011802
v -0.466183 3.078266 7.998322
v -0.935899 2.884448 0.011801
v -0.529806 3.155791 7.998322
v -1.028309 3.057335 0.011801
v -0.577083 3.244239 7.998322
v -1.085214 3.244928 0.011801
v -0.606196 3.340211 7.998322
v -1.104429 3.440018 0.011801
v -0.616025 3.440018 7.998322
v -1.085214 3.635109 0.011801
v -0.606196 3.539825 7.998322
v -1.028309 3.822702 0.011801
v -0.577083 3.635797 7.998322
v -0.935899 3.995589 0.011801
v -0.529806 3.724246 7.998322
v -0.811536 4.147125 0.011801
v -0.466183 3.801771 7.998322
v -0.659999 4.271488 0.011801
v -0.388657 3.865395 7.998322
v -0.487112 4.363898 0.011801
v -0.300209 3.912671 7.998322
v -0.299519 4.420804 0.011801
v -0.204237 3.941784 7.998322
v -0.104429 4.440018 0.011801
v -0.104430 3.951614 7.998322
v 0.090661 4.420804 0.011801
v -0.004623 3.941784 7.998322
v 0.278254 4.363898 0.011801
v 0.091349 3.912671 7.998322
v 0.451141 4.271488 0.011801
v 0.179797 3.865395 7.998322
v 0.602677 4.147125 0.011801
v 0.257323 3.801771 7.998322
v 0.727040 3.995589 0.011801
v 0.320946 3.724246 7.998322
v 0.819450 3.822702 0.011801
v 0.368223 3.635798 7.998322
v 0.876356 3.635109 0.011801
v 0.397336 3.539826 7.998322
v 0.895570 3.440018 0.011801
v 0.407165 3.440018 7.998322
v 0.876356 3.244928 0.011801
v 0.397336 3.340211 7.998322
v 0.819450 3.057335 0.011801
v 0.368223 3.244239 7.998322
v 0.727040 2.884449 0.011801
v 0.320946 3.155791 7.998322
v 0.602678 2.732912 0.011802
v 0.257323 3.078266 7.998322
v 0.451141 2.608549 0.011802
v 0.179797 3.014642 7.998322
v 0.278254 2.516139 0.011802
v 0.091349 2.967366 7.998322
v 0.090661 2.459233 0.011802
v -0.004623 2.938253 7.998322
v -0.104429 2.489914 1.174182
v -0.289786 2.508170 1.174182
v -0.468019 2.562236 1.174182
v -0.632279 2.650035 1.174182
v -0.776255 2.768193 1.174182
v -0.894412 2.912169 1.174182
v -0.982212 3.076429 1.174182
v -1.036278 3.254662 1.174182
v -1.054534 3.440018 1.174182
v -1.036278 3.625375 1.174182
v -0.982212 3.803608 1.174182
v -0.894412 3.967868 1.174182
v -0.776255 4.111844 1.174182
v -0.632279 4.230001 1.174182
v -0.468019 4.317801 1.174182
v -0.289786 4.371867 1.174182
v -0.104429 4.390123 1.174182
v 0.080927 4.371867 1.174182
v 0.259160 4.317801 1.174182
v 0.423420 4.230001 1.174182
v 0.567396 4.111844 1.174182
v 0.685553 3.967868 1.174182
v 0.773353 3.803608 1.174182
v 0.827419 3.625375 1.174182
v 0.845675 3.440018 1.174182
v 0.827419 3.254662 1.174182
v 0.773353 3.076429 1.174182
v 0.685554 2.912169 1.174182
v 0.567396 2.768193 1.174182
v 0.423420 2.650035 1.174182
v 0.259160 2.562236 1.174182
v 0.080927 2.508170 1.174182
v -0.291577 2.499162 0.960215
v -0.471533 2.553751 0.960215
v -0.637382 2.642399 0.960215
v -0.782749 2.761698 0.960215
v -0.902049 2.907066 0.960215
v -0.990697 3.072914 0.960215
v -1.045286 3.252870 0.960215
v -1.063719 3.440018 0.960215
v -1.045286 3.627167 0.960215
v -0.990697 3.807122 0.960215
v -0.902049 3.972971 0.960215
v -0.782749 4.118338 0.960215
v -0.637382 4.237638 0.960215
v -0.471533 4.326286 0.960215
v -0.291577 4.380875 0.960215
v -0.104429 4.399308 0.960215
v 0.082719 4.380875 0.960215
v 0.262675 4.326286 0.960215
v 0.428523 4.237638 0.960215
v 0.573891 4.118338 0.960215
v 0.693190 3.972971 0.960215
v 0.781838 3.807123 0.960215
v 0.836428 3.627167 0.960215
v 0.854860 3.440018 0.960215
v 0.836428 3.252870 0.960215
v 0.781838 3.072914 0.960215
v 0.693190 2.907066 0.960215
v 0.573891 2.761699 0.960215
v 0.428523 2.642399 0.960215
v 0.262675 2.553751 0.960215
v 0.082719 2.499162 0.960215
v -0.104429 2.480729 0.960215
v -0.104430 2.593611 3.589948
v -0.269555 2.609874 3.589948
v -0.428336 2.658040 3.589948
v -0.574668 2.736256 3.589948
v -0.702930 2.841518 3.589948
v -0.808192 2.969780 3.589948
v -0.886408 3.116112 3.589948
v -0.934574 3.274893 3.589948
v -0.950837 3.440019 3.589948
v -0.934574 3.605144 3.589948
v -0.886408 3.763925 3.589948
v -0.808192 3.910258 3.589948
v -0.702930 4.038519 3.589948
v -0.574668 4.143781 3.589948
v -0.428336 4.221997 3.589948
v -0.269555 4.270163 3.589948
v -0.104429 4.286426 3.589948
v 0.060696 4.270163 3.589948
v 0.219477 4.221997 3.589948
v 0.365809 4.143781 3.589948
v 0.494071 4.038519 3.589948
v 0.599333 3.910258 3.589948
v 0.677550 3.763925 3.589948
v 0.725715 3.605145 3.589948
v 0.741978 3.440019 3.589948
v 0.725715 3.274893 3.589948
v 0.677550 3.116112 3.589948
v 0.599333 2.969780 3.589948
v 0.494071 2.841518 3.589948
v 0.365809 2.736256 3.589948
v 0.219477 2.658040 3.589948
v 0.060696 2.609874 3.589948
v -0.104430 2.602909 3.806556
v -0.267742 2.618994 3.806556
v -0.424777 2.666630 3.806556
v -0.569503 2.743987 3.806556
v -0.696355 2.848093 3.806556
v -0.800461 2.974945 3.806556
v -0.877818 3.119670 3.806556
v -0.925454 3.276706 3.806556
v -0.941539 3.440019 3.806556
v -0.925454 3.603331 3.806556
v -0.877818 3.760367 3.806556
v -0.800461 3.905092 3.806556
v -0.696355 4.031944 3.806556
v -0.569503 4.136050 3.806556
v -0.424777 4.213407 3.806556
v -0.267742 4.261043 3.806556
v -0.104429 4.277128 3.806556
v 0.058882 4.261043 3.806556
v 0.215918 4.213407 3.806556
v 0.360644 4.136049 3.806556
v 0.487496 4.031944 3.806556
v 0.591601 3.905092 3.806556
v 0.668959 3.760367 3.806556
v 0.716595 3.603331 3.806556
v 0.732680 3.440019 3.806556
v 0.716595 3.276706 3.806556
v 0.668959 3.119670 3.806556
v 0.591602 2.974945 3.806556
v 0.487496 2.848093 3.806556
v 0.360644 2.743987 3.806556
v 0.215918 2.666630 3.806556
v 0.058882 2.618994 3.806556
v -0.104430 2.704272 6.167962
v -0.247967 2.718409 6.167962
v -0.385988 2.760278 6.167962
v -0.513188 2.828268 6.167962
v -0.624681 2.919768 6.167962
v -0.716180 3.031260 6.167962
v -0.784171 3.158461 6.167962
v -0.826039 3.296482 6.167962
v -0.840176 3.440018 6.167962
v -0.826039 3.583555 6.167962
v -0.784171 3.721576 6.167962
v -0.716180 3.848777 6.167962
v -0.624681 3.960269 6.167962
v -0.513188 4.051769 6.167962
v -0.385988 4.119760 6.167962
v -0.247967 4.161627 6.167962
v -0.104430 4.175765 6.167962
v 0.039107 4.161627 6.167962
v 0.177128 4.119760 6.167962
v 0.304329 4.051769 6.167962
v 0.415821 3.960269 6.167962
v 0.507321 3.848777 6.167962
v 0.575311 3.721576 6.167962
v 0.617179 3.583555 6.167962
v 0.631316 3.440018 6.167962
v 0.617179 3.296481 6.167962
v 0.575311 3.158460 6.167962
v 0.507321 3.031260 6.167962
v 0.415822 2.919768 6.167962
v 0.304329 2.828268 6.167962
v 0.177128 2.760278 6.167962
v 0.039107 2.718409 6.167962
v -0.249632 2.710037 5.969091
v -0.389255 2.752391 5.969091
v -0.517931 2.821170 5.969091
v -0.630717 2.913731 5.969091
v -0.723278 3.026517 5.969091
v -0.792057 3.155194 5.969091
v -0.834411 3.294816 5.969091
v -0.848713 3.440018 5.969091
v -0.834411 3.585221 5.969091
v -0.792057 3.724843 5.969091
v -0.723278 3.853520 5.969091
v -0.630717 3.966306 5.969091
v -0.517931 4.058867 5.969091
v -0.389255 4.127646 5.969091
v -0.249632 4.170000 5.969091
v -0.104430 4.184301 5.969091
v 0.040772 4.170000 5.969091
v 0.180395 4.127646 5.969091
v 0.309072 4.058867 5.969091
v 0.421857 3.966306 5.969091
v 0.514418 3.853520 5.969091
v 0.583198 3.724843 5.969091
v 0.625551 3.585221 5.969091
v 0.639853 3.440018 5.969091
v 0.625551 3.294816 5.969091
v 0.583198 3.155194 5.969091
v 0.514418 3.026517 5.969091
v 0.421858 2.913731 5.969091
v 0.309072 2.821170 5.969091
v 0.180395 2.752391 5.969091
v 0.040772 2.710037 5.969091
v -0.104430 2.695736 5.969091
v -0.104429 2.392208 0.960215
v -0.104429 2.402241 1.174182
v 0.098031 2.422181 1.174182
v 0.292711 2.481237 1.174182
v 0.472130 2.577138 1.174182
v 0.629391 2.706199 1.174182
v 0.758452 2.863460 1.174182
v 0.854353 3.042878 1.174182
v 0.913408 3.237558 1.174182
v 0.933349 3.440019 1.174182
v 0.913408 3.642479 1.174182
v 0.854353 3.837160 1.174182
v 0.758452 4.016578 1.174182
v 0.629391 4.173839 1.174182
v 0.472130 4.302900 1.174182
v 0.292711 4.398801 1.174182
v 0.098031 4.457857 1.174182
v -0.104429 4.477798 1.174182
v -0.306890 4.457857 1.174182
v -0.501570 4.398801 1.174182
v -0.680988 4.302900 1.174182
v -0.838249 4.173839 1.174182
v -0.967310 4.016577 1.174182
v -1.063212 3.837159 1.174182
v -1.122267 3.642479 1.174182
v -1.142208 3.440019 1.174182
v -1.122267 3.237558 1.174182
v -1.063212 3.042878 1.174182
v -0.967310 2.863460 1.174182
v -0.838249 2.706199 1.174182
v -0.680988 2.577138 1.174182
v -0.501570 2.481237 1.174182
v -0.306890 2.422181 1.174182
v -0.308847 2.412342 0.960215
v -0.505409 2.471968 0.960215
v -0.686561 2.568796 0.960215
v -0.845343 2.699105 0.960215
v -0.975652 2.857887 0.960215
v -1.072480 3.039039 0.960215
v -1.132106 3.235601 0.960215
v -1.152240 3.440019 0.960215
v -1.132106 3.644437 0.960215
v -1.072480 3.840998 0.960215
v -0.975652 4.022151 0.960215
v -0.845343 4.180933 0.960215
v -0.686561 4.311242 0.960215
v -0.505409 4.408070 0.960215
v -0.308847 4.467696 0.960215
v -0.104429 4.487829 0.960215
v 0.099988 4.467696 0.960215
v 0.296551 4.408070 0.960215
v 0.477703 4.311242 0.960215
v 0.636484 4.180933 0.960215
v 0.766793 4.022151 0.960215
v 0.863621 3.840999 0.960215
v 0.923248 3.644437 0.960215
v 0.943382 3.440019 0.960215
v 0.923248 3.235601 0.960215
v 0.863621 3.039039 0.960215
v 0.766793 2.857887 0.960215
v 0.636484 2.699105 0.960215
v 0.477703 2.568796 0.960215
v 0.296551 2.471968 0.960215
v 0.099988 2.412342 0.960215
v -0.282812 2.543232 3.806556
v -0.284793 2.533271 3.589948
v -0.454339 2.595264 3.806556
v -0.458225 2.585881 3.589948
v -0.612419 2.679760 3.806556
v -0.618061 2.671315 3.589948
v -0.750977 2.793472 3.806556
v -0.758158 2.786290 3.589948
v -0.864689 2.932030 3.806556
v -0.873133 2.926388 3.589948
v -0.949184 3.090110 3.806556
v -0.958568 3.086224 3.589948
v -1.001217 3.261637 3.806556
v -1.011178 3.259655 3.589948
v -1.018786 3.440019 3.806556
v -1.028942 3.440019 3.589948
v -1.001217 3.618401 3.806556
v -1.011178 3.620383 3.589948
v -0.949184 3.789928 3.806556
v -0.958568 3.793815 3.589948
v -0.864689 3.948008 3.806556
v -0.873134 3.953651 3.589948
v -0.750977 4.086566 3.806556
v -0.758158 4.093748 3.589948
v -0.612419 4.200278 3.806556
v -0.618061 4.208723 3.589948
v -0.454339 4.284774 3.806556
v -0.458225 4.294157 3.589948
v -0.282812 4.336806 3.806556
v -0.284793 4.346767 3.589948
v -0.104429 4.354375 3.806556
v -0.104429 4.364531 3.589948
v 0.073952 4.336806 3.806556
v 0.075934 4.346767 3.589948
v 0.245479 4.284774 3.806556
v 0.249366 4.294157 3.589948
v 0.403560 4.200278 3.806556
v 0.409202 4.208723 3.589948
v 0.542118 4.086566 3.806556
v 0.549299 4.093748 3.589948
v 0.655830 3.948009 3.806556
v 0.664274 3.953651 3.589948
v 0.740326 3.789928 3.806556
v 0.749709 3.793815 3.589948
v 0.792358 3.618401 3.806556
v 0.802318 3.620383 3.589948
v 0.809927 3.440019 3.806556
v 0.820083 3.440019 3.589948
v 0.792358 3.261637 3.806556
v 0.802318 3.259655 3.589948
v 0.740326 3.090110 3.806556
v 0.749709 3.086223 3.589948
v 0.655830 2.932030 3.806556
v 0.664275 2.926388 3.589948
v 0.542118 2.793472 3.806556
v 0.549300 2.786290 3.589948
v 0.403560 2.679760 3.806556
v 0.409202 2.671315 3.589948
v 0.245479 2.595264 3.806556
v 0.249366 2.585881 3.589948
v 0.073952 2.543232 3.806556
v 0.075934 2.533271 3.589948
v -0.104429 2.515507 3.589948
v -0.104429 2.525663 3.806556
v -0.104430 2.627055 5.969091
v -0.104430 2.636380 6.167962
v 0.052352 2.651821 6.167962
v 0.203110 2.697553 6.167962
v 0.342049 2.771817 6.167962
v 0.463829 2.871760 6.167962
v 0.563772 2.993541 6.167962
v 0.638036 3.132479 6.167962
v 0.683768 3.283237 6.167962
v 0.699210 3.440019 6.167962
v 0.683768 3.596801 6.167962
v 0.638036 3.747559 6.167962
v 0.563772 3.886497 6.167962
v 0.463829 4.008278 6.167962
v 0.342049 4.108221 6.167962
v 0.203110 4.182485 6.167962
v 0.052352 4.228217 6.167962
v -0.104430 4.243659 6.167962
v -0.261212 4.228217 6.167962
v -0.411969 4.182485 6.167962
v -0.550907 4.108221 6.167962
v -0.672688 4.008278 6.167962
v -0.772631 3.886497 6.167962
v -0.846895 3.747558 6.167962
v -0.892627 3.596801 6.167962
v -0.908069 3.440019 6.167962
v -0.892627 3.283237 6.167962
v -0.846895 3.132480 6.167962
v -0.772631 2.993541 6.167962
v -0.672688 2.871760 6.167962
v -0.550907 2.771817 6.167962
v -0.411969 2.697553 6.167962
v -0.261212 2.651821 6.167962
v -0.263031 2.642676 5.969091
v -0.415537 2.688939 5.969091
v -0.556088 2.764065 5.969091
v -0.679282 2.865167 5.969091
v -0.780384 2.988360 5.969091
v -0.855510 3.128911 5.969091
v -0.901773 3.281418 5.969091
v -0.917393 3.440019 5.969091
v -0.901773 3.598620 5.969091
v -0.855510 3.751127 5.969091
v -0.780384 3.891677 5.969091
v -0.679282 4.014871 5.969091
v -0.556088 4.115973 5.969091
v -0.415537 4.191100 5.969091
v -0.263031 4.237361 5.969091
v -0.104430 4.252983 5.969091
v 0.054171 4.237361 5.969091
v 0.206678 4.191100 5.969091
v 0.347229 4.115973 5.969091
v 0.470422 4.014871 5.969091
v 0.571524 3.891678 5.969091
v 0.646650 3.751127 5.969091
v 0.692913 3.598620 5.969091
v 0.708534 3.440019 5.969091
v 0.692913 3.281417 5.969091
v 0.646650 3.128911 5.969091
v 0.571525 2.988361 5.969091
v 0.470423 2.865167 5.969091
v 0.347229 2.764065 5.969091
v 0.206678 2.688939 5.969091
v 0.054171 2.642676 5.969091
v -0.232639 2.795468 7.998322
v -0.104430 2.782841 7.998322
v -0.355921 2.832865 7.998322
v -0.469538 2.893595 7.998322
v -0.569125 2.975323 7.998322
v -0.650853 3.074910 7.998322
v -0.711583 3.188527 7.998322
v -0.748980 3.311809 7.998322
v -0.761608 3.440018 7.998322
v -0.748980 3.568227 7.998322
v -0.711583 3.691509 7.998322
v -0.650853 3.805127 7.998322
v -0.569125 3.904713 7.998322
v -0.469538 3.986442 7.998322
v -0.355921 4.047172 7.998322
v -0.232639 4.084569 7.998322
v -0.104430 4.097197 7.998322
v 0.023779 4.084569 7.998322
v 0.147061 4.047172 7.998322
v 0.260678 3.986441 7.998322
v 0.360265 3.904713 7.998322
v 0.441993 3.805127 7.998322
v 0.502723 3.691509 7.998322
v 0.540120 3.568227 7.998322
v 0.552747 3.440018 7.998322
v 0.540120 3.311809 7.998322
v 0.502723 3.188527 7.998322
v 0.441994 3.074910 7.998322
v 0.360265 2.975323 7.998322
v 0.260678 2.893595 7.998322
v 0.147061 2.832865 7.998322
v 0.023779 2.795468 7.998322
v -0.204240 2.938253 5.330236
v -0.104433 2.928423 5.330236
v -0.300212 2.967366 5.330236
v -0.388660 3.014642 5.330236
v -0.466186 3.078266 5.330236
v -0.529809 3.155791 5.330236
v -0.577086 3.244239 5.330236
v -0.606198 3.340211 5.330236
v -0.616028 3.440019 5.330236
v -0.606198 3.539826 5.330236
v -0.577086 3.635798 5.330236
v -0.529809 3.724246 5.330236
v -0.466186 3.801771 5.330236
v -0.388660 3.865395 5.330236
v -0.300212 3.912671 5.330236
v -0.204240 3.941784 5.330236
v -0.104433 3.951614 5.330236
v -0.004626 3.941784 5.330236
v 0.091346 3.912671 5.330236
v 0.179794 3.865395 5.330236
v 0.257320 3.801771 5.330236
v 0.320943 3.724246 5.330236
v 0.368220 3.635798 5.330236
v 0.397333 3.539826 5.330236
v 0.407162 3.440018 5.330236
v 0.397333 3.340211 5.330236
v 0.368220 3.244239 5.330236
v 0.320943 3.155791 5.330236
v 0.257320 3.078266 5.330236
v 0.179794 3.014642 5.330236
v 0.091346 2.967366 5.330236
v -0.004626 2.938253 5.330236
v -0.297429 2.469742 0.261411
v -0.483013 2.526038 0.261411
v -0.654047 2.617458 0.261411
v -0.803960 2.740488 0.261411
v -0.926990 2.890401 0.261411
v -1.018410 3.061435 0.261411
v -1.074706 3.247018 0.261411
v -1.093715 3.440018 0.261411
v -1.074706 3.633018 0.261411
v -1.018410 3.818602 0.261411
v -0.926990 3.989636 0.261411
v -0.803960 4.139549 0.261411
v -0.654047 4.262579 0.261411
v -0.483013 4.353999 0.261411
v -0.297429 4.410295 0.261411
v -0.104429 4.429304 0.261411
v 0.088571 4.410295 0.261411
v 0.274154 4.353999 0.261411
v 0.445189 4.262579 0.261411
v 0.595102 4.139549 0.261411
v 0.718132 3.989636 0.261411
v 0.809551 3.818602 0.261411
v 0.865847 3.633018 0.261411
v 0.884856 3.440018 0.261411
v 0.865847 3.247018 0.261411
v 0.809551 3.061435 0.261411
v 0.718132 2.890401 0.261411
v 0.595102 2.740488 0.261411
v 0.445189 2.617458 0.261411
v 0.274154 2.526038 0.261411
v 0.088571 2.469742 0.261411
v -0.104429 2.450733 0.261411
v -0.104429 2.203399 0.011802
v -0.345682 2.227161 0.011802
v -0.343097 2.240156 0.261411
v -0.577663 2.297532 0.011802
v -0.572592 2.309772 0.261411
v -0.791458 2.411807 0.011802
v -0.784097 2.422824 0.261411
v -0.978851 2.565597 0.011802
v -0.969481 2.574965 0.261411
v -1.132640 2.752990 0.011802
v -1.121623 2.760351 0.261411
v -1.246916 2.966784 0.011801
v -1.234674 2.971855 0.261411
v -1.317286 3.198766 0.011801
v -1.304291 3.201350 0.261411
v -1.341048 3.440018 0.011801
v -1.327798 3.440018 0.261411
v -1.317286 3.681270 0.011801
v -1.304291 3.678685 0.261411
v -1.246916 3.913251 0.011801
v -1.234675 3.908181 0.261411
v -1.132640 4.127047 0.011801
v -1.121624 4.119685 0.261411
v -0.978851 4.314439 0.011801
v -0.969481 4.305070 0.261411
v -0.791458 4.468229 0.011801
v -0.784097 4.457212 0.261411
v -0.577663 4.582505 0.011801
v -0.572592 4.570263 0.261411
v -0.345682 4.652875 0.011801
v -0.343097 4.639880 0.261411
v -0.104429 4.676637 0.011801
v -0.104429 4.663387 0.261411
v 0.136823 4.652875 0.011801
v 0.134238 4.639880 0.261411
v 0.368804 4.582505 0.011801
v 0.363734 4.570263 0.261411
v 0.582599 4.468229 0.011801
v 0.575238 4.457212 0.261411
v 0.769992 4.314439 0.011801
v 0.760623 4.305070 0.261411
v 0.923782 4.127047 0.011801
v 0.912764 4.119685 0.261411
v 1.038057 3.913252 0.011801
v 1.025816 3.908181 0.261411
v 1.108428 3.681271 0.011801
v 1.095433 3.678685 0.261411
v 1.132189 3.440018 0.011801
v 1.118939 3.440018 0.261411
v 1.108428 3.198766 0.011801
v 1.095433 3.201350 0.261411
v 1.038057 2.966784 0.011801
v 1.025816 2.971855 0.261411
v 0.923782 2.752990 0.011802
v 0.912765 2.760351 0.261411
v 0.769992 2.565597 0.011802
v 0.760623 2.574966 0.261411
v 0.582599 2.411807 0.011802
v 0.575238 2.422824 0.261411
v 0.368804 2.297531 0.011802
v 0.363734 2.309772 0.261411
v 0.136823 2.227161 0.011802
v 0.134238 2.240156 0.261411
v -0.104429 2.216649 0.261411
v -1.676726 1.476930 -0.000004
v -1.883134 1.270522 2.724635
v -1.676726 -1.247709 -0.000001
v -1.883134 -1.041301 2.724635
v -3.612264 1.476930 -0.000004
v -3.405856 1.270522 2.724635
v -3.612264 -1.247709 -0.000001
v -3.405856 -1.041301 2.724635
v -1.676726 1.476930 0.325326
v -1.676726 -1.247709 0.325326
v -3.612264 -1.247709 0.325326
v -3.612264 1.476930 0.325326
v -1.368919 -1.681006 -0.000001
v -1.368919 1.910226 -0.000004
v -1.368919 -1.681004 0.325326
v -3.920070 -1.681006 -0.000004
v -3.920070 -1.681004 0.325326
v -3.920070 1.910226 -0.000004
v -3.920070 1.910226 0.325326
v -1.368919 1.910226 0.325326
v -1.676726 1.476930 2.724635
v -1.676726 -1.247709 2.724635
v -3.612264 -1.247709 2.724635
v -3.612264 1.476930 2.724635
v -1.883134 1.270522 2.411250
v -1.883134 -1.041301 2.411250
v -3.405856 -1.041301 2.411250
v -3.405856 1.270522 2.411250
vn -0.7835 -0.0000 0.6214
vn -1.0000 -0.0000 -0.0000
vn -0.0000 -0.0000 -1.0000
vn -0.0000 -1.0000 -0.0000
vn -0.0000 1.0000 -0.0000
vn 0.7835 -0.0000 0.6214
vn 1.0000 -0.0000 -0.0000
vn -0.0000 -0.9991 0.0429
vn -0.1949 -0.9799 0.0429
vn -0.3823 -0.9230 0.0429
vn -0.5551 -0.8307 0.0429
vn -0.7065 -0.7065 0.0429
vn -0.8307 -0.5551 0.0429
vn -0.9230 -0.3823 0.0429
vn -0.9799 -0.1949 0.0429
vn -0.9991 -0.0000 0.0429
vn -0.9799 0.1949 0.0429
vn -0.9230 0.3823 0.0429
vn -0.8307 0.5551 0.0429
vn -0.7065 0.7065 0.0429
vn -0.5551 0.8307 0.0429
vn -0.3823 0.9230 0.0429
vn -0.1949 0.9799 0.0429
vn -0.0000 0.9991 0.0429
vn 0.1949 0.9799 0.0429
vn 0.3823 0.9230 0.0429
vn 0.5551 0.8307 0.0429
vn 0.7065 0.7065 0.0429
vn 0.8307 0.5551 0.0429
vn 0.9230 0.3823 0.0429
vn 0.9799 0.1949 0.0429
vn 0.9991 -0.0000 0.0429
vn 0.9799 -0.1949 0.0429
vn 0.9230 -0.3823 0.0429
vn 0.8307 -0.5551 0.0429
vn 0.7065 -0.7065 0.0429
vn 0.5551 -0.8307 0.0429
vn 0.3823 -0.9230 0.0429
vn -0.9808 -0.1951 -0.0000
vn 0.1949 -0.9799 0.0429
vn -0.0000 -0.0000 1.0000
vn 0.1949 -0.9797 0.0468
vn -0.0000 -0.9989 0.0468
vn 0.3823 -0.9229 0.0468
vn 0.5550 -0.8306 0.0468
vn 0.7063 -0.7063 0.0468
vn 0.8306 -0.5550 0.0468
vn 0.9229 -0.3823 0.0468
vn 0.9797 -0.1949 0.0468
vn 0.9989 -0.0000 0.0468
vn 0.9797 0.1949 0.0468
vn 0.9229 0.3823 0.0468
vn 0.8306 0.5550 0.0468
vn 0.7063 0.7063 0.0468
vn 0.5550 0.8306 0.0468
vn 0.3823 0.9229 0.0468
vn 0.1949 0.9797 0.0468
vn -0.0000 0.9989 0.0468
vn -0.1949 0.9797 0.0468
vn -0.3823 0.9229 0.0468
vn -0.5550 0.8306 0.0468
vn -0.7063 0.7063 0.0468
vn -0.8306 0.5550 0.0468
vn -0.9229 0.3823 0.0468
vn -0.9797 0.1949 0.0468
vn -0.9989 -0.0000 0.0468
vn -0.9797 -0.1949 0.0468
vn -0.9229 -0.3823 0.0468
vn -0.8306 -0.5550 0.0468
vn -0.7063 -0.7063 0.0468
vn -0.5550 -0.8306 0.0468
vn -0.3823 -0.9229 0.0468
vn -0.1949 -0.9797 0.0468
vn 0.8315 -0.5556 -0.0000
vn 0.9239 -0.3827 -0.0000
vn -0.9808 0.1951 -0.0000
vn 0.7071 -0.7071 -0.0000
vn -0.9239 0.3827 -0.0000
vn 0.5556 -0.8315 -0.0000
vn -0.8315 0.5556 -0.0000
vn 0.3827 -0.9239 -0.0000
vn 0.1951 0.9808 -0.0000
vn -0.7071 0.7071 -0.0000
vn 0.1951 -0.9808 -0.0000
vn 0.3827 0.9239 -0.0000
vn -0.5556 0.8315 -0.0000
vn 0.5556 0.8315 -0.0000
vn -0.3827 0.9239 -0.0000
vn -0.1951 -0.9808 -0.0000
vn 0.7071 0.7071 -0.0000
vn -0.1951 0.9808 -0.0000
vn -0.3827 -0.9239 -0.0000
vn 0.8315 0.5556 -0.0000
vn -0.5556 -0.8315 -0.0000
vn 0.9239 0.3827 -0.0000
vn -0.7071 -0.7071 -0.0000
vn 0.9808 0.1951 -0.0000
vn -0.8315 -0.5556 -0.0000
vn -0.9239 -0.3827 -0.0000
vn 0.9808 -0.1951 -0.0000
vn 0.1948 -0.9794 0.0530
vn -0.0000 -0.9986 0.0530
vn 0.3821 -0.9226 0.0530
vn 0.5548 -0.8303 0.0530
vn 0.7061 -0.7061 0.0530
vn 0.8303 -0.5548 0.0530
vn 0.9226 -0.3821 0.0530
vn 0.9794 -0.1948 0.0530
vn 0.9986 -0.0000 0.0530
vn 0.9794 0.1948 0.0530
vn 0.9226 0.3821 0.0530
vn 0.8303 0.5548 0.0530
vn 0.7061 0.7061 0.0530
vn 0.5548 0.8303 0.0530
vn 0.3821 0.9226 0.0530
vn 0.1948 0.9794 0.0530
vn -0.0000 0.9986 0.0530
vn -0.1948 0.9794 0.0530
vn -0.3821 0.9226 0.0530
vn -0.5548 0.8303 0.0530
vn -0.7061 0.7061 0.0530
vn -0.8303 0.5548 0.0530
vn -0.9226 0.3821 0.0530
vn -0.9794 0.1948 0.0530
vn -0.9986 -0.0000 0.0530
vn -0.9794 -0.1948 0.0530
vn -0.9226 -0.3821 0.0530
vn -0.8303 -0.5548 0.0530
vn -0.7061 -0.7061 0.0530
vn -0.5548 -0.8303 0.0530
vn -0.3821 -0.9226 0.0530
vn -0.1948 -0.9794 0.0530
vn 0.9988 -0.0000 0.0487
vn 0.9808 -0.0000 0.1951
vn 0.8532 -0.4931 0.1697
vn 0.8672 -0.4962 0.0424
vn 0.5021 -0.8590 0.0999
vn 0.5058 -0.8623 0.0251
vn 0.0159 -0.9999 0.0032
vn 0.0081 -1.0000 0.0008
vn -0.4783 -0.8730 -0.0951
vn -0.4937 -0.8693 -0.0241
vn -0.8453 -0.5071 -0.1681
vn -0.8632 -0.5031 -0.0426
vn -0.9808 -0.0000 -0.1951
vn -0.9988 -0.0000 -0.0495
vn -0.8453 0.5071 -0.1681
vn -0.8632 0.5031 -0.0426
vn -0.4783 0.8730 -0.0951
vn -0.4937 0.8693 -0.0241
vn 0.0159 0.9999 0.0032
vn 0.0081 1.0000 0.0008
vn 0.5021 0.8590 0.0999
vn 0.5058 0.8623 0.0251
vn 0.8532 0.4931 0.1697
vn 0.8672 0.4962 0.0424
vn 0.9239 -0.0000 0.3827
vn 0.8037 -0.4931 0.3329
vn 0.4730 -0.8590 0.1959
vn 0.0149 -0.9999 0.0062
vn -0.4506 -0.8730 -0.1866
vn -0.7963 -0.5071 -0.3298
vn -0.9239 -0.0000 -0.3827
vn -0.7963 0.5071 -0.3298
vn -0.4506 0.8730 -0.1866
vn 0.0149 0.9999 0.0062
vn 0.4730 0.8590 0.1959
vn 0.8037 0.4931 0.3329
vn 0.8315 -0.0000 0.5556
vn 0.7233 -0.4931 0.4833
vn 0.4257 -0.8590 0.2844
vn 0.0134 -0.9999 0.0090
vn -0.4055 -0.8730 -0.2709
vn -0.7166 -0.5071 -0.4788
vn -0.8315 -0.0000 -0.5556
vn -0.7166 0.5071 -0.4788
vn -0.4055 0.8730 -0.2709
vn 0.0134 0.9999 0.0090
vn 0.4256 0.8590 0.2844
vn 0.7233 0.4931 0.4833
vn 0.7071 -0.0000 0.7071
vn 0.6152 -0.4931 0.6151
vn 0.3620 -0.8590 0.3620
vn 0.0114 -0.9999 0.0114
vn -0.3449 -0.8730 -0.3449
vn -0.6094 -0.5071 -0.6094
vn -0.7071 -0.0000 -0.7071
vn -0.6094 0.5071 -0.6094
vn -0.3448 0.8730 -0.3448
vn 0.0114 0.9999 0.0114
vn 0.3620 0.8590 0.3620
vn 0.6152 0.4931 0.6152
vn 0.5556 -0.0000 0.8315
vn 0.4833 -0.4931 0.7233
vn 0.2844 -0.8590 0.4257
vn 0.0090 -0.9999 0.0134
vn -0.2709 -0.8730 -0.4055
vn -0.4788 -0.5071 -0.7166
vn -0.5556 -0.0000 -0.8315
vn -0.4788 0.5071 -0.7166
vn -0.2709 0.8730 -0.4055
vn 0.0090 0.9999 0.0134
vn 0.2844 0.8590 0.4257
vn 0.4833 0.4931 0.7233
vn 0.3827 -0.0000 0.9239
vn 0.3329 -0.4931 0.8037
vn 0.1959 -0.8590 0.4730
vn 0.0062 -0.9999 0.0149
vn -0.1866 -0.8730 -0.4506
vn -0.3298 -0.5071 -0.7963
vn -0.3827 -0.0000 -0.9239
vn -0.3298 0.5071 -0.7963
vn -0.1866 0.8730 -0.4506
vn 0.0062 0.9999 0.0149
vn 0.1959 0.8590 0.4730
vn 0.3329 0.4931 0.8037
vn 0.1951 -0.0000 0.9808
vn 0.1697 -0.4931 0.8532
vn 0.0999 -0.8590 0.5021
vn 0.0032 -0.9999 0.0159
vn -0.0951 -0.8730 -0.4783
vn -0.1681 -0.5071 -0.8453
vn -0.1951 -0.0000 -0.9808
vn -0.1681 0.5071 -0.8453
vn -0.0951 0.8730 -0.4783
vn 0.0032 0.9999 0.0159
vn 0.0999 0.8590 0.5021
vn 0.1697 0.4931 0.8532
vn 0.0487 -0.0000 0.9988
vn 0.0424 -0.4962 0.8672
vn 0.0251 -0.8623 0.5058
vn 0.0008 -1.0000 0.0081
vn -0.0241 -0.8693 -0.4937
vn -0.0426 -0.5031 -0.8632
vn -0.0495 -0.0000 -0.9988
vn -0.0426 0.5031 -0.8632
vn -0.0241 0.8693 -0.4937
vn 0.0008 1.0000 0.0081
vn 0.0251 0.8623 0.5058
vn 0.0424 0.4962 0.8672
vn -0.0000 0.8660 -0.5000
vn -0.0000 0.8660 0.5000
vn -0.0000 0.5000 0.8660
vn -0.0000 -0.8660 -0.5000
vn -0.0000 -0.5000 -0.8660
vn -0.0000 -0.5000 0.8660
vn -0.0000 -0.8660 0.5000
vn -0.0000 0.5000 -0.8660
vn 0.8660 0.5000 -0.0000
vn 0.5000 0.8660 -0.0000
vn -0.8660 -0.5000 -0.0000
vn 0.8660 -0.5000 -0.0000
vn -0.5000 -0.8660 -0.0000
vn -0.5000 0.8660 -0.0000
vn 0.5000 -0.8660 -0.0000
vn -0.8660 0.5000 -0.0000
vn -0.0396 0.0685 0.9969
vn -0.0000 0.0791 0.9969
vn -0.0685 -0.0396 0.9969
vn -0.0791 -0.0000 0.9969
vn 0.0685 0.0396 0.9969
vn 0.0791 -0.0000 0.9969
vn -0.0685 0.0396 0.9969
vn 0.0685 -0.0396 0.9969
vn 0.0396 -0.0685 0.9969
vn 0.0396 0.0685 0.9969
vn -0.0000 -0.0792 0.9969
vn -0.0396 -0.0685 0.9969
vn -0.9988 -0.0000 0.0487
vn -0.9808 -0.0000 0.1951
vn -0.8532 0.4931 0.1697
vn -0.8672 0.4962 0.0424
vn -0.5021 0.8590 0.0999
vn -0.5058 0.8623 0.0251
vn -0.0159 0.9999 0.0032
vn -0.0081 1.0000 0.0008
vn 0.4783 0.8730 -0.0951
vn 0.4937 0.8693 -0.0241
vn 0.8453 0.5071 -0.1681
vn 0.8632 0.5031 -0.0426
vn 0.9808 -0.0000 -0.1951
vn 0.9988 -0.0000 -0.0495
vn 0.8453 -0.5071 -0.1681
vn 0.8632 -0.5031 -0.0426
vn 0.4783 -0.8730 -0.0951
vn 0.4937 -0.8693 -0.0241
vn -0.0159 -0.9999 0.0032
vn -0.0081 -1.0000 0.0008
vn -0.5021 -0.8590 0.0999
vn -0.5058 -0.8623 0.0251
vn -0.8532 -0.4931 0.1697
vn -0.8672 -0.4961 0.0424
vn -0.9239 -0.0000 0.3827
vn -0.8037 0.4931 0.3329
vn -0.4730 0.8590 0.1959
vn -0.0149 0.9999 0.0062
vn 0.4506 0.8730 -0.1866
vn 0.7963 0.5071 -0.3298
vn 0.9239 -0.0000 -0.3827
vn 0.7963 -0.5071 -0.3298
vn 0.4506 -0.8730 -0.1866
vn -0.0149 -0.9999 0.0062
vn -0.4730 -0.8590 0.1959
vn -0.8037 -0.4931 0.3329
vn -0.8315 -0.0000 0.5556
vn -0.7233 0.4931 0.4833
vn -0.4257 0.8590 0.2844
vn -0.0134 0.9999 0.0090
vn 0.4055 0.8730 -0.2709
vn 0.7166 0.5071 -0.4788
vn 0.8315 -0.0000 -0.5556
vn 0.7166 -0.5071 -0.4788
vn 0.4055 -0.8730 -0.2709
vn -0.0134 -0.9999 0.0090
vn -0.4256 -0.8590 0.2844
vn -0.7233 -0.4931 0.4833
vn -0.7071 -0.0000 0.7071
vn -0.6152 0.4931 0.6152
vn -0.3620 0.8590 0.3620
vn -0.0114 0.9999 0.0114
vn 0.3449 0.8730 -0.3448
vn 0.6094 0.5071 -0.6094
vn 0.7071 -0.0000 -0.7071
vn 0.6094 -0.5071 -0.6094
vn 0.3448 -0.8730 -0.3448
vn -0.0114 -0.9999 0.0114
vn -0.3620 -0.8590 0.3620
vn -0.6152 -0.4931 0.6152
vn -0.5556 -0.0000 0.8315
vn -0.4833 0.4931 0.7233
vn -0.2844 0.8590 0.4257
vn -0.0090 0.9999 0.0134
vn 0.2709 0.8730 -0.4055
vn 0.4788 0.5071 -0.7166
vn 0.5556 -0.0000 -0.8315
vn 0.4788 -0.5071 -0.7166
vn 0.2709 -0.8730 -0.4055
vn -0.0090 -0.9999 0.0134
vn -0.2844 -0.8590 0.4257
vn -0.4833 -0.4931 0.7233
vn -0.3827 -0.0000 0.9239
vn -0.3329 0.4931 0.8037
vn -0.1959 0.8590 0.4730
vn -0.0062 0.9999 0.0149
vn 0.1866 0.8730 -0.4506
vn 0.3298 0.5071 -0.7963
vn 0.3827 -0.0000 -0.9239
vn 0.3298 -0.5071 -0.7963
vn 0.1866 -0.8730 -0.4506
vn -0.0062 -0.9999 0.0149
vn -0.1959 -0.8590 0.4730
vn -0.3329 -0.4931 0.8037
vn -0.1951 -0.0000 0.9808
vn -0.1697 0.4931 0.8532
vn -0.0999 0.8590 0.5021
vn -0.0032 0.9999 0.0159
vn 0.0951 0.8730 -0.4783
vn 0.1681 0.5071 -0.8453
vn 0.1951 -0.0000 -0.9808
vn 0.1681 -0.5071 -0.8453
vn 0.0951 -0.8730 -0.4783
vn -0.0032 -0.9999 0.0159
vn -0.0999 -0.8590 0.5021
vn -0.1697 -0.4931 0.8532
vn -0.0487 -0.0000 0.9988
vn -0.0424 0.4962 0.8672
vn -0.0251 0.8623 0.5058
vn -0.0008 1.0000 0.0081
vn 0.0241 0.8693 -0.4937
vn 0.0426 0.5031 -0.8632
vn 0.0495 -0.0000 -0.9988
vn 0.0426 -0.5031 -0.8632
vn 0.0241 -0.8693 -0.4937
vn -0.0008 -1.0000 0.0081
vn -0.0251 -0.8623 0.5058
vn -0.0424 -0.4962 0.8672
vn -0.0000 -0.0791 0.9969
vn -0.0000 0.0792 0.9969
vn -0.9226 -0.0000 0.3858
vn -0.9144 -0.0000 0.4048
vn 0.1015 -0.0000 -0.9948
vn -0.9059 -0.0000 0.4235
vn 0.9756 -0.0000 -0.2195
vn 0.8809 -0.0000 -0.4733
vn 0.8730 -0.0000 -0.4876
vn -0.9558 -0.0000 0.2939
vn -0.2517 -0.0000 0.9678
vn 0.8885 -0.0000 -0.4589
vt 0.490641 0.240263
vt 0.446088 0.184095
vt 0.468146 0.184095
vt 0.468146 0.101101
vt 0.490641 0.101101
vt 0.513136 0.101101
vt 0.490641 0.209241
vt 0.513136 0.184095
vt 0.535194 0.184095
vt 0.490856 0.240263
vt 0.446303 0.184095
vt 0.468361 0.184095
vt 0.468361 0.101101
vt 0.490856 0.101101
vt 0.513352 0.101101
vt 0.490856 0.209241
vt 0.513352 0.184095
vt 0.535410 0.184095
vt 0.492925 0.240263
vt 0.448371 0.184095
vt 0.470429 0.184095
vt 0.470429 0.101101
vt 0.492925 0.101101
vt 0.515420 0.101101
vt 0.492925 0.209241
vt 0.515420 0.184095
vt 0.537478 0.184095
vt 0.121760 0.853830
vt 0.121760 0.888458
vt 0.119334 0.888458
vt 0.119044 0.853830
vt 0.117002 0.888458
vt 0.116433 0.853830
vt 0.114853 0.888458
vt 0.114027 0.853830
vt 0.112969 0.888458
vt 0.111918 0.853830
vt 0.111422 0.888458
vt 0.110187 0.853830
vt 0.110273 0.888458
vt 0.108900 0.853830
vt 0.109566 0.888458
vt 0.108108 0.853830
vt 0.109327 0.888458
vt 0.107841 0.853830
vt 0.124186 0.888458
vt 0.124476 0.853830
vt 0.126518 0.888458
vt 0.127087 0.853830
vt 0.128667 0.888458
vt 0.129493 0.853830
vt 0.130551 0.888458
vt 0.131602 0.853830
vt 0.132098 0.888458
vt 0.133333 0.853830
vt 0.133246 0.888458
vt 0.134620 0.853830
vt 0.133954 0.888458
vt 0.135412 0.853830
vt 0.134193 0.888458
vt 0.135679 0.853830
vt 0.131439 0.888458
vt 0.131253 0.888458
vt 0.131253 0.837982
vt 0.131439 0.837982
vt 0.534266 0.793822
vt 0.533817 0.793822
vt 0.532489 0.793822
vt 0.530331 0.793822
vt 0.527428 0.793822
vt 0.523890 0.793822
vt 0.519854 0.793822
vt 0.515475 0.793822
vt 0.510921 0.793822
vt 0.506366 0.793822
vt 0.501987 0.793822
vt 0.497951 0.793822
vt 0.494413 0.793822
vt 0.491510 0.793822
vt 0.489353 0.793822
vt 0.488024 0.793822
vt 0.487576 0.793822
vt 0.491510 0.793822
vt 0.526604 0.820958
vt 0.523243 0.820958
vt 0.524380 0.820958
vt 0.528052 0.820958
vt 0.525202 0.937538
vt 0.523066 0.937538
vt 0.524187 0.937538
vt 0.526520 0.937538
vt 0.488956 0.815963
vt 0.490231 0.815963
vt 0.488322 0.815963
vt 0.486930 0.815963
vt 0.493545 0.932895
vt 0.493879 0.932895
vt 0.492307 0.932895
vt 0.491942 0.932895
vt 0.530300 0.877354
vt 0.529176 0.877354
vt 0.530860 0.877354
vt 0.532089 0.877354
vt 0.519409 0.820958
vt 0.520192 0.820958
vt 0.520463 0.937538
vt 0.521344 0.937538
vt 0.492300 0.815963
vt 0.490582 0.815963
vt 0.494868 0.932895
vt 0.493387 0.932895
vt 0.530680 0.877354
vt 0.532503 0.877354
vt 0.515248 0.820958
vt 0.515647 0.820958
vt 0.517494 0.937538
vt 0.518100 0.937538
vt 0.495085 0.815963
vt 0.493624 0.815963
vt 0.496474 0.932895
vt 0.495141 0.932895
vt 0.510921 0.820958
vt 0.514272 0.937538
vt 0.514581 0.937538
vt 0.498479 0.815963
vt 0.497331 0.815963
vt 0.498634 0.932895
vt 0.497501 0.932895
vt 0.506594 0.820958
vt 0.506194 0.820958
vt 0.510921 0.937538
vt 0.502351 0.815963
vt 0.501560 0.815963
vt 0.501267 0.932895
vt 0.500377 0.932895
vt 0.502433 0.820958
vt 0.501649 0.820958
vt 0.507570 0.937538
vt 0.507261 0.937538
vt 0.506552 0.815963
vt 0.506149 0.815963
vt 0.504271 0.932895
vt 0.503658 0.932895
vt 0.498598 0.820958
vt 0.497461 0.820958
vt 0.504348 0.937538
vt 0.503741 0.937538
vt 0.510921 0.815963
vt 0.507531 0.932895
vt 0.507218 0.932895
vt 0.495237 0.820958
vt 0.493790 0.820958
vt 0.501378 0.937538
vt 0.500498 0.937538
vt 0.121760 0.742087
vt 0.121760 0.755307
vt 0.118219 0.755307
vt 0.118109 0.742087
vt 0.114815 0.755307
vt 0.114598 0.742087
vt 0.111677 0.755307
vt 0.111362 0.742087
vt 0.108927 0.755307
vt 0.108526 0.742087
vt 0.106670 0.755307
vt 0.106198 0.742087
vt 0.104993 0.755307
vt 0.104469 0.742087
vt 0.103960 0.755307
vt 0.103404 0.742087
vt 0.103612 0.755307
vt 0.103044 0.742087
vt 0.125301 0.755307
vt 0.125411 0.742087
vt 0.128705 0.755307
vt 0.128922 0.742087
vt 0.131843 0.755307
vt 0.132158 0.742087
vt 0.134593 0.755307
vt 0.134994 0.742087
vt 0.136850 0.755307
vt 0.137322 0.742087
vt 0.138527 0.755307
vt 0.139051 0.742087
vt 0.139560 0.755307
vt 0.140116 0.742087
vt 0.139908 0.755307
vt 0.140476 0.742087
vt 0.136850 0.755307
vt 0.125267 0.759355
vt 0.124884 0.805058
vt 0.121760 0.805058
vt 0.121760 0.759355
vt 0.128639 0.759355
vt 0.127888 0.805058
vt 0.131746 0.759355
vt 0.130656 0.805058
vt 0.134470 0.759355
vt 0.133083 0.805058
vt 0.136705 0.759355
vt 0.135074 0.805058
vt 0.138366 0.759355
vt 0.136554 0.805058
vt 0.139389 0.759355
vt 0.137465 0.805058
vt 0.139735 0.759355
vt 0.137773 0.805058
vt 0.133083 0.805058
vt 0.118253 0.759355
vt 0.118636 0.805058
vt 0.114881 0.759355
vt 0.115632 0.805058
vt 0.111774 0.759355
vt 0.112864 0.805058
vt 0.109050 0.759355
vt 0.110437 0.805058
vt 0.106815 0.759355
vt 0.108446 0.805058
vt 0.105154 0.759355
vt 0.106966 0.805058
vt 0.104131 0.759355
vt 0.106055 0.805058
vt 0.103785 0.759355
vt 0.105747 0.805058
vt 0.515290 0.815963
vt 0.515693 0.815963
vt 0.510921 0.932895
vt 0.492479 0.820958
vt 0.490777 0.820958
vt 0.498775 0.937538
vt 0.497655 0.937538
vt 0.519491 0.815963
vt 0.520282 0.815963
vt 0.514310 0.932895
vt 0.514623 0.932895
vt 0.490429 0.820958
vt 0.488538 0.820958
vt 0.496639 0.937538
vt 0.495322 0.937538
vt 0.523362 0.815963
vt 0.524511 0.815963
vt 0.517570 0.932895
vt 0.518183 0.932895
vt 0.530463 0.882411
vt 0.530087 0.882411
vt 0.531856 0.882411
vt 0.532266 0.882411
vt 0.489167 0.820958
vt 0.487159 0.820958
vt 0.495052 0.937538
vt 0.493588 0.937538
vt 0.526756 0.815963
vt 0.528217 0.815963
vt 0.520574 0.932895
vt 0.521465 0.932895
vt 0.528975 0.882411
vt 0.530641 0.882411
vt 0.488740 0.820958
vt 0.486694 0.820958
vt 0.494075 0.937538
vt 0.492520 0.937538
vt 0.529541 0.815963
vt 0.531259 0.815963
vt 0.523207 0.932895
vt 0.524341 0.932895
vt 0.527170 0.882411
vt 0.528669 0.882411
vt 0.493745 0.937538
vt 0.492160 0.937538
vt 0.531611 0.815963
vt 0.533520 0.815963
vt 0.525368 0.932895
vt 0.526701 0.932895
vt 0.524739 0.882411
vt 0.526014 0.882411
vt 0.532885 0.815963
vt 0.534912 0.815963
vt 0.526973 0.932895
vt 0.528455 0.932895
vt 0.521778 0.882411
vt 0.522780 0.882411
vt 0.490777 0.820958
vt 0.533315 0.815963
vt 0.535382 0.815963
vt 0.527962 0.932895
vt 0.529535 0.932895
vt 0.518399 0.882411
vt 0.519089 0.882411
vt 0.528296 0.932895
vt 0.529899 0.932895
vt 0.514733 0.882411
vt 0.515085 0.882411
vt 0.510921 0.882411
vt 0.507108 0.882411
vt 0.506756 0.882411
vt 0.503741 0.937538
vt 0.503442 0.882411
vt 0.502752 0.882411
vt 0.500064 0.882411
vt 0.499062 0.882411
vt 0.497102 0.882411
vt 0.495827 0.882411
vt 0.494672 0.882411
vt 0.493172 0.882411
vt 0.492866 0.882411
vt 0.491200 0.882411
vt 0.121760 0.809156
vt 0.121760 0.850068
vt 0.119013 0.850068
vt 0.118670 0.809156
vt 0.116372 0.850068
vt 0.115699 0.809156
vt 0.113937 0.850068
vt 0.112961 0.809156
vt 0.111803 0.850068
vt 0.110562 0.809156
vt 0.110052 0.850068
vt 0.108592 0.809156
vt 0.108751 0.850068
vt 0.107128 0.809156
vt 0.107950 0.850068
vt 0.106227 0.809156
vt 0.107679 0.850068
vt 0.105923 0.809156
vt 0.124507 0.850068
vt 0.124850 0.809156
vt 0.127148 0.850068
vt 0.127821 0.809156
vt 0.129583 0.850068
vt 0.130559 0.809156
vt 0.131717 0.850068
vt 0.132958 0.809156
vt 0.133468 0.850068
vt 0.134928 0.809156
vt 0.134769 0.850068
vt 0.136391 0.809156
vt 0.135570 0.850068
vt 0.137293 0.809156
vt 0.135841 0.850068
vt 0.137597 0.809156
vt 0.132958 0.809156
vt 0.534682 0.820958
vt 0.535148 0.820958
vt 0.533303 0.820958
vt 0.531065 0.820958
vt 0.486460 0.815963
vt 0.528866 0.877354
vt 0.526182 0.877354
vt 0.522911 0.877354
vt 0.519180 0.877354
vt 0.515131 0.877354
vt 0.510921 0.877354
vt 0.506710 0.877354
vt 0.502661 0.877354
vt 0.498930 0.877354
vt 0.495659 0.877354
vt 0.492975 0.877354
vt 0.490981 0.877354
vt 0.489753 0.877354
vt 0.489985 0.882411
vt 0.489338 0.877354
vt 0.489575 0.882411
vt 0.519180 0.877354
vt 0.529321 0.937538
vt 0.529682 0.937538
vt 0.528253 0.937538
vt 0.527350 0.877354
vt 0.488526 0.815963
vt 0.526789 0.937538
vt 0.529363 0.820958
vt 0.524893 0.877354
vt 0.527767 0.937538
vt 0.531413 0.820958
vt 0.521898 0.877354
vt 0.528097 0.937538
vt 0.532675 0.820958
vt 0.518482 0.877354
vt 0.533101 0.820958
vt 0.514776 0.877354
vt 0.507066 0.877354
vt 0.503359 0.877354
vt 0.506552 0.815963
vt 0.499943 0.877354
vt 0.496949 0.877354
vt 0.515290 0.815963
vt 0.494491 0.877354
vt 0.492665 0.877354
vt 0.491541 0.877354
vt 0.491161 0.877354
vt 0.531611 0.815963
vt 0.491754 0.882411
vt 0.491378 0.882411
vt 0.119872 0.888458
vt 0.118056 0.888458
vt 0.116383 0.888458
vt 0.114916 0.888458
vt 0.113712 0.888458
vt 0.112818 0.888458
vt 0.112267 0.888458
vt 0.112081 0.888458
vt 0.123648 0.888458
vt 0.125464 0.888458
vt 0.127137 0.888458
vt 0.128604 0.888458
vt 0.129807 0.888458
vt 0.130702 0.888458
vt 0.877647 0.863406
vt 0.875852 0.863583
vt 0.874056 0.863406
vt 0.872330 0.862882
vt 0.870739 0.862032
vt 0.869344 0.860887
vt 0.868200 0.859492
vt 0.867349 0.857901
vt 0.866825 0.856175
vt 0.866648 0.854379
vt 0.866825 0.852584
vt 0.867349 0.850857
vt 0.868200 0.849266
vt 0.869344 0.847871
vt 0.870739 0.846727
vt 0.872330 0.845876
vt 0.874056 0.845353
vt 0.875852 0.845176
vt 0.877647 0.845353
vt 0.879374 0.845876
vt 0.880965 0.846727
vt 0.882360 0.847871
vt 0.883504 0.849266
vt 0.884355 0.850857
vt 0.884879 0.852584
vt 0.885055 0.854379
vt 0.884879 0.856175
vt 0.884355 0.857901
vt 0.883504 0.859492
vt 0.882360 0.860887
vt 0.880965 0.862032
vt 0.879374 0.862882
vt 0.112818 0.837982
vt 0.113712 0.837982
vt 0.114916 0.837982
vt 0.130702 0.837982
vt 0.116383 0.837982
vt 0.129807 0.837982
vt 0.118056 0.837982
vt 0.121760 0.837982
vt 0.119872 0.837982
vt 0.128604 0.837982
vt 0.127137 0.837982
vt 0.125464 0.837982
vt 0.123648 0.837982
vt 0.112267 0.837982
vt 0.112081 0.837982
vt 0.530123 0.799650
vt 0.532257 0.799650
vt 0.537306 0.799650
vt 0.534667 0.799650
vt 0.539235 0.793822
vt 0.537592 0.793822
vt 0.527251 0.799650
vt 0.531115 0.799650
vt 0.526959 0.793822
vt 0.531334 0.793822
vt 0.533572 0.799650
vt 0.538931 0.799650
vt 0.523751 0.799650
vt 0.526788 0.799650
vt 0.484249 0.793822
vt 0.486917 0.793822
vt 0.534016 0.799650
vt 0.539480 0.799650
vt 0.519759 0.799650
vt 0.521850 0.799650
vt 0.505289 0.793822
vt 0.499873 0.793822
vt 0.515426 0.799650
vt 0.516492 0.799650
vt 0.521968 0.793822
vt 0.539790 0.793822
vt 0.510921 0.799650
vt 0.482607 0.793822
vt 0.506415 0.799650
vt 0.505349 0.799650
vt 0.502083 0.799650
vt 0.499991 0.799650
vt 0.516553 0.793822
vt 0.498090 0.799650
vt 0.495054 0.799650
vt 0.482052 0.793822
vt 0.494590 0.799650
vt 0.490726 0.799650
vt 0.491718 0.799650
vt 0.487174 0.799650
vt 0.489584 0.799650
vt 0.484535 0.799650
vt 0.488270 0.799650
vt 0.482910 0.799650
vt 0.487826 0.799650
vt 0.482361 0.799650
vt 0.534924 0.793822
vt 0.494882 0.793822
vt 0.490507 0.793822
vt 0.876349 0.243996
vt 0.876349 0.241935
vt 0.887079 0.239115
vt 0.887079 0.241121
vt 0.894933 0.231412
vt 0.894933 0.233267
vt 0.897808 0.220888
vt 0.897808 0.222538
vt 0.894933 0.210365
vt 0.894933 0.211808
vt 0.887079 0.202662
vt 0.887079 0.203954
vt 0.876349 0.199842
vt 0.876349 0.201079
vt 0.865620 0.202662
vt 0.865620 0.203954
vt 0.857765 0.210365
vt 0.857765 0.211808
vt 0.854891 0.220888
vt 0.854891 0.222538
vt 0.857765 0.231412
vt 0.857765 0.233267
vt 0.865620 0.239115
vt 0.865620 0.241121
vt 0.876349 0.235829
vt 0.887079 0.233173
vt 0.894933 0.225917
vt 0.897808 0.216004
vt 0.894933 0.206091
vt 0.887079 0.198835
vt 0.876349 0.196179
vt 0.865620 0.198835
vt 0.857765 0.206091
vt 0.854891 0.216004
vt 0.857765 0.225917
vt 0.865620 0.233173
vt 0.876349 0.225914
vt 0.887079 0.223524
vt 0.894933 0.216993
vt 0.897808 0.208072
vt 0.894933 0.199151
vt 0.887079 0.192620
vt 0.876349 0.190229
vt 0.865620 0.192620
vt 0.857765 0.199151
vt 0.854891 0.208072
vt 0.857765 0.216993
vt 0.865620 0.223524
vt 0.876349 0.212571
vt 0.887079 0.210538
vt 0.894933 0.204984
vt 0.897808 0.197397
vt 0.894933 0.189810
vt 0.887079 0.184256
vt 0.876349 0.182223
vt 0.865620 0.184256
vt 0.857765 0.189810
vt 0.854891 0.197397
vt 0.857765 0.204984
vt 0.865620 0.210538
vt 0.876349 0.196312
vt 0.887079 0.194714
vt 0.894933 0.190351
vt 0.897808 0.184390
vt 0.894933 0.178429
vt 0.887079 0.174065
vt 0.876349 0.172468
vt 0.865620 0.174065
vt 0.857765 0.178429
vt 0.854891 0.184390
vt 0.857765 0.190351
vt 0.865620 0.194714
vt 0.876349 0.177762
vt 0.887079 0.176662
vt 0.894933 0.173656
vt 0.897808 0.169550
vt 0.894933 0.165444
vt 0.887079 0.162439
vt 0.876349 0.161338
vt 0.865620 0.162439
vt 0.857765 0.165444
vt 0.854891 0.169550
vt 0.857765 0.173656
vt 0.865620 0.176662
vt 0.876349 0.157635
vt 0.887079 0.157074
vt 0.894933 0.155541
vt 0.897808 0.153448
vt 0.894933 0.151355
vt 0.887079 0.149823
vt 0.876349 0.149262
vt 0.865620 0.149823
vt 0.857765 0.151355
vt 0.854891 0.153448
vt 0.857765 0.155541
vt 0.865620 0.157074
vt 0.876349 0.136703
vt 0.887079 0.136703
vt 0.894933 0.136703
vt 0.897808 0.136703
vt 0.865620 0.136703
vt 0.857765 0.136703
vt 0.854891 0.136703
vt 0.857765 0.104930
vt 0.854891 0.104930
vt 0.865620 0.104930
vt 0.897808 0.104930
vt 0.894933 0.104930
vt 0.887079 0.104930
vt 0.876349 0.104930
vt 0.844161 0.222538
vt 0.848473 0.206444
vt 0.876349 0.190349
vt 0.892443 0.194662
vt 0.876349 0.254726
vt 0.860255 0.250413
vt 0.860255 0.194662
vt 0.904225 0.238631
vt 0.892443 0.250413
vt 0.848473 0.238631
vt 0.908537 0.222538
vt 0.904225 0.206444
vt 0.876349 0.254726
vt 0.876349 0.190349
vt 0.780997 0.243996
vt 0.780997 0.241935
vt 0.791727 0.239115
vt 0.791727 0.241121
vt 0.799581 0.231412
vt 0.799581 0.233267
vt 0.802456 0.220888
vt 0.802456 0.222538
vt 0.799581 0.210365
vt 0.799581 0.211808
vt 0.791727 0.202662
vt 0.791727 0.203954
vt 0.780997 0.199842
vt 0.780997 0.201079
vt 0.770268 0.202662
vt 0.770268 0.203954
vt 0.762414 0.210365
vt 0.762414 0.211808
vt 0.759539 0.220888
vt 0.759539 0.222538
vt 0.762414 0.231412
vt 0.762414 0.233267
vt 0.770268 0.239115
vt 0.770268 0.241121
vt 0.780997 0.235829
vt 0.791727 0.233173
vt 0.799581 0.225917
vt 0.802456 0.216004
vt 0.799581 0.206091
vt 0.791727 0.198835
vt 0.780997 0.196179
vt 0.770268 0.198835
vt 0.762414 0.206091
vt 0.759539 0.216004
vt 0.762414 0.225917
vt 0.770268 0.233173
vt 0.780997 0.225914
vt 0.791727 0.223524
vt 0.799581 0.216993
vt 0.802456 0.208072
vt 0.799581 0.199151
vt 0.791727 0.192620
vt 0.780997 0.190229
vt 0.770268 0.192620
vt 0.762414 0.199151
vt 0.759539 0.208072
vt 0.762414 0.216993
vt 0.770268 0.223524
vt 0.780997 0.212571
vt 0.791727 0.210538
vt 0.799581 0.204984
vt 0.802456 0.197397
vt 0.799581 0.189810
vt 0.791727 0.184256
vt 0.780997 0.182223
vt 0.770268 0.184256
vt 0.762414 0.189810
vt 0.759539 0.197397
vt 0.762414 0.204984
vt 0.770268 0.210538
vt 0.780997 0.196312
vt 0.791727 0.194714
vt 0.799581 0.190351
vt 0.802456 0.184390
vt 0.799581 0.178429
vt 0.791727 0.174065
vt 0.780997 0.172468
vt 0.770268 0.174065
vt 0.762414 0.178429
vt 0.759539 0.184390
vt 0.762414 0.190351
vt 0.770268 0.194714
vt 0.780997 0.177762
vt 0.791727 0.176662
vt 0.799581 0.173656
vt 0.802456 0.169550
vt 0.799581 0.165444
vt 0.791727 0.162439
vt 0.780997 0.161338
vt 0.770268 0.162439
vt 0.762414 0.165444
vt 0.759539 0.169550
vt 0.762414 0.173656
vt 0.770268 0.176662
vt 0.780997 0.157635
vt 0.791727 0.157074
vt 0.799581 0.155541
vt 0.802456 0.153448
vt 0.799581 0.151355
vt 0.791727 0.149823
vt 0.780997 0.149262
vt 0.770268 0.149823
vt 0.762414 0.151355
vt 0.759539 0.153448
vt 0.762414 0.155541
vt 0.770268 0.157074
vt 0.780997 0.136703
vt 0.791727 0.136703
vt 0.799581 0.136703
vt 0.802456 0.136703
vt 0.770268 0.136703
vt 0.762414 0.136703
vt 0.759539 0.136703
vt 0.762414 0.104930
vt 0.759539 0.104930
vt 0.770268 0.104930
vt 0.802456 0.104930
vt 0.799581 0.104930
vt 0.791727 0.104930
vt 0.780997 0.104930
vt 0.748810 0.222538
vt 0.753122 0.206444
vt 0.780997 0.190349
vt 0.797091 0.194662
vt 0.780997 0.254726
vt 0.764903 0.250413
vt 0.764903 0.194662
vt 0.808873 0.238631
vt 0.797091 0.250413
vt 0.753122 0.238631
vt 0.813186 0.222538
vt 0.808873 0.206444
vt 0.780997 0.254726
vt 0.780997 0.190349
vt 0.810367 0.158550
vt 0.802652 0.182297
vt 0.780707 0.171238
vt 0.778597 0.144135
vt 0.834301 0.168958
vt 0.843716 0.205279
vt 0.794857 0.289646
vt 0.805323 0.039943
vt 0.219354 0.853830
vt 0.219354 0.888458
vt 0.216929 0.888458
vt 0.216639 0.853830
vt 0.214596 0.888458
vt 0.214027 0.853830
vt 0.212447 0.888458
vt 0.211621 0.853830
vt 0.210563 0.888458
vt 0.209512 0.853830
vt 0.209016 0.888458
vt 0.207781 0.853830
vt 0.207868 0.888458
vt 0.206494 0.853830
vt 0.207160 0.888458
vt 0.205702 0.853830
vt 0.206921 0.888458
vt 0.205435 0.853830
vt 0.221780 0.888458
vt 0.222070 0.853830
vt 0.224112 0.888458
vt 0.224681 0.853830
vt 0.226261 0.888458
vt 0.227087 0.853830
vt 0.228145 0.888458
vt 0.229196 0.853830
vt 0.229692 0.888458
vt 0.230928 0.853830
vt 0.230841 0.888458
vt 0.232214 0.853830
vt 0.231548 0.888458
vt 0.233006 0.853830
vt 0.231787 0.888458
vt 0.233273 0.853830
vt 0.229033 0.888458
vt 0.228847 0.888458
vt 0.228847 0.837982
vt 0.229033 0.837982
vt 0.219354 0.742087
vt 0.219354 0.755307
vt 0.215813 0.755307
vt 0.215703 0.742087
vt 0.212409 0.755307
vt 0.212192 0.742087
vt 0.209271 0.755307
vt 0.208956 0.742087
vt 0.206521 0.755307
vt 0.206120 0.742087
vt 0.204264 0.755307
vt 0.203792 0.742087
vt 0.202587 0.755307
vt 0.202063 0.742087
vt 0.201554 0.755307
vt 0.200998 0.742087
vt 0.201206 0.755307
vt 0.200638 0.742087
vt 0.209271 0.755307
vt 0.222895 0.755307
vt 0.223005 0.742087
vt 0.226299 0.755307
vt 0.226516 0.742087
vt 0.229437 0.755307
vt 0.229752 0.742087
vt 0.232187 0.755307
vt 0.232588 0.742087
vt 0.234444 0.755307
vt 0.234916 0.742087
vt 0.236121 0.755307
vt 0.236645 0.742087
vt 0.237154 0.755307
vt 0.237710 0.742087
vt 0.237502 0.755307
vt 0.238070 0.742087
vt 0.222861 0.759355
vt 0.222478 0.805058
vt 0.219354 0.805058
vt 0.219354 0.759355
vt 0.226233 0.759355
vt 0.225482 0.805058
vt 0.229340 0.759355
vt 0.228250 0.805058
vt 0.232064 0.759355
vt 0.230677 0.805058
vt 0.234299 0.759355
vt 0.232668 0.805058
vt 0.235960 0.759355
vt 0.234148 0.805058
vt 0.236983 0.759355
vt 0.235059 0.805058
vt 0.237329 0.759355
vt 0.235367 0.805058
vt 0.234299 0.759355
vt 0.215847 0.759355
vt 0.216230 0.805058
vt 0.212475 0.759355
vt 0.213226 0.805058
vt 0.209368 0.759355
vt 0.210458 0.805058
vt 0.206644 0.759355
vt 0.208031 0.805058
vt 0.204409 0.759355
vt 0.206040 0.805058
vt 0.202748 0.759355
vt 0.204560 0.805058
vt 0.201725 0.759355
vt 0.203649 0.805058
vt 0.201379 0.759355
vt 0.203341 0.805058
vt 0.219354 0.809156
vt 0.219354 0.850068
vt 0.216607 0.850068
vt 0.216264 0.809156
vt 0.213966 0.850068
vt 0.213293 0.809156
vt 0.211531 0.850068
vt 0.210556 0.809156
vt 0.209397 0.850068
vt 0.208156 0.809156
vt 0.207646 0.850068
vt 0.206186 0.809156
vt 0.206345 0.850068
vt 0.204723 0.809156
vt 0.205544 0.850068
vt 0.203821 0.809156
vt 0.205273 0.850068
vt 0.203517 0.809156
vt 0.222101 0.850068
vt 0.222444 0.809156
vt 0.224743 0.850068
vt 0.225415 0.809156
vt 0.227177 0.850068
vt 0.228153 0.809156
vt 0.229311 0.850068
vt 0.230553 0.809156
vt 0.231062 0.850068
vt 0.232522 0.809156
vt 0.232363 0.850068
vt 0.233985 0.809156
vt 0.233164 0.850068
vt 0.234887 0.809156
vt 0.233435 0.850068
vt 0.235191 0.809156
vt 0.232522 0.809156
vt 0.217466 0.888458
vt 0.215650 0.888458
vt 0.213977 0.888458
vt 0.212510 0.888458
vt 0.211307 0.888458
vt 0.210412 0.888458
vt 0.209861 0.888458
vt 0.209675 0.888458
vt 0.221242 0.888458
vt 0.223058 0.888458
vt 0.224731 0.888458
vt 0.226198 0.888458
vt 0.227402 0.888458
vt 0.228296 0.888458
vt 0.784845 0.863406
vt 0.783050 0.863583
vt 0.781254 0.863406
vt 0.779528 0.862882
vt 0.777937 0.862032
vt 0.776542 0.860887
vt 0.775397 0.859492
vt 0.774547 0.857901
vt 0.774023 0.856175
vt 0.773846 0.854379
vt 0.774023 0.852584
vt 0.774547 0.850857
vt 0.775397 0.849266
vt 0.776542 0.847871
vt 0.777937 0.846727
vt 0.779528 0.845876
vt 0.781254 0.845353
vt 0.783050 0.845176
vt 0.784845 0.845353
vt 0.786572 0.845876
vt 0.788163 0.846727
vt 0.789558 0.847871
vt 0.790702 0.849266
vt 0.791553 0.850857
vt 0.792076 0.852584
vt 0.792253 0.854379
vt 0.792076 0.856175
vt 0.791553 0.857901
vt 0.790702 0.859492
vt 0.789558 0.860887
vt 0.788163 0.862032
vt 0.786572 0.862882
vt 0.210412 0.837982
vt 0.211306 0.837982
vt 0.212510 0.837982
vt 0.228296 0.837982
vt 0.213977 0.837982
vt 0.227402 0.837982
vt 0.215650 0.837982
vt 0.219354 0.837982
vt 0.217466 0.837982
vt 0.226198 0.837982
vt 0.224731 0.837982
vt 0.223058 0.837982
vt 0.221242 0.837982
vt 0.209861 0.837982
vt 0.209675 0.837982
vt 0.248774 0.739862
vt 0.248774 0.918047
vt 0.248774 0.918047
vt 0.105031 0.918047
vt 0.105031 0.739862
vt 0.105031 0.918047
vt 0.450269 0.908093
vt 0.554549 0.908093
vt 0.554549 0.761300
vt 0.450269 0.761300
vt 0.120360 0.918047
vt 0.120360 0.918047
vt 0.120360 0.894774
vt 0.433686 0.737956
vt 0.571132 0.737956
vt 0.571132 0.931437
vt 0.433686 0.931437
vt 0.233445 0.918047
vt 0.233445 0.918047
vt 0.551437 0.872850
vt 0.487415 0.872850
vt 0.487415 0.775650
vt 0.551437 0.775650
vt 0.233445 0.894774
s 1
usemtl base_material
f 7/1/1 8/1/1 6/2/1 5/2/1
f 18/3/2 16/3/2 4/4/2 3/4/2
f 9/5/3 10/5/3 2/6/3 1/6/3
f 14/7/4 18/3/4 3/4/4 9/5/4
f 13/7/5 17/8/5 2/6/5 10/5/5
f 16/3/5 13/7/5 10/5/5 4/4/5
f 15/8/4 14/7/4 9/5/4 1/6/4
f 3/4/3 4/4/3 10/5/3 9/5/3
f 11/9/6 12/9/6 8/1/6 7/1/6
f 11/9/4 7/1/4 14/7/4
f 6/2/5 8/1/5 13/7/5
f 8/1/5 12/9/5 13/7/5
f 7/1/4 5/2/4 14/7/4
f 15/8/3 17/8/3 12/9/3 11/9/3
f 1/6/7 2/6/7 17/8/7 15/8/7
f 11/9/4 14/7/4 15/8/4
f 6/2/5 13/7/5 16/3/5
f 13/7/5 12/9/5 17/8/5
f 14/7/4 5/2/4 18/3/4
f 5/2/3 6/2/3 16/3/3 18/3/3
f 25/10/1 26/10/1 24/11/1 23/11/1
f 36/12/2 34/12/2 22/13/2 21/13/2
f 27/14/3 28/14/3 20/15/3 19/15/3
f 32/16/4 36/12/4 21/13/4 27/14/4
f 31/16/5 35/17/5 20/15/5 28/14/5
f 34/12/5 31/16/5 28/14/5 22/13/5
f 33/17/4 32/16/4 27/14/4 19/15/4
f 21/13/3 22/13/3 28/14/3 27/14/3
f 29/18/6 30/18/6 26/10/6 25/10/6
f 29/18/4 25/10/4 32/16/4
f 24/11/5 26/10/5 31/16/5
f 26/10/5 30/18/5 31/16/5
f 25/10/4 23/11/4 32/16/4
f 33/17/3 35/17/3 30/18/3 29/18/3
f 19/15/7 20/15/7 35/17/7 33/17/7
f 29/18/4 32/16/4 33/17/4
f 24/11/5 31/16/5 34/12/5
f 31/16/5 30/18/5 35/17/5
f 32/16/4 23/11/4 36/12/4
f 23/11/3 24/11/3 34/12/3 36/12/3
f 43/19/1 44/19/1 42/20/1 41/20/1
f 54/21/2 52/21/2 40/22/2 39/22/2
f 45/23/3 46/23/3 38/24/3 37/24/3
f 50/25/4 54/21/4 39/22/4 45/23/4
f 49/25/5 53/26/5 38/24/5 46/23/5
f 52/21/5 49/25/5 46/23/5 40/22/5
f 51/26/4 50/25/4 45/23/4 37/24/4
f 39/22/3 40/22/3 46/23/3 45/23/3
f 47/27/6 48/27/6 44/19/6 43/19/6
f 47/27/4 43/19/4 50/25/4
f 42/20/5 44/19/5 49/25/5
f 44/19/5 48/27/5 49/25/5
f 43/19/4 41/20/4 50/25/4
f 51/26/3 53/26/3 48/27/3 47/27/3
f 37/24/7 38/24/7 53/26/7 51/26/7
f 47/27/4 50/25/4 51/26/4
f 42/20/5 49/25/5 52/21/5
f 49/25/5 48/27/5 53/26/5
f 50/25/4 41/20/4 54/21/4
f 41/20/3 42/20/3 52/21/3 54/21/3
f 247/28/8 504/29/8 503/30/9 248/31/9
f 248/31/9 503/30/9 505/32/10 249/33/10
f 249/33/10 505/32/10 506/34/11 250/35/11
f 250/35/11 506/34/11 507/36/12 251/37/12
f 251/37/12 507/36/12 508/38/13 252/39/13
f 252/39/13 508/38/13 509/40/14 253/41/14
f 253/41/14 509/40/14 510/42/15 254/43/15
f 254/43/15 510/42/15 511/44/16 255/45/16
f 255/45/16 511/44/16 512/42/17 256/43/17
f 256/43/17 512/42/17 513/40/18 257/41/18
f 257/41/18 513/40/18 514/38/19 258/39/19
f 258/39/19 514/38/19 515/36/20 259/37/20
f 259/37/20 515/36/20 516/34/21 260/35/21
f 260/35/21 516/34/21 517/32/22 261/33/22
f 261/33/22 517/32/22 518/30/23 262/31/23
f 262/31/23 518/30/23 519/29/24 263/28/24
f 263/28/24 519/29/24 520/46/25 264/47/25
f 264/47/25 520/46/25 521/48/26 265/49/26
f 265/49/26 521/48/26 522/50/27 266/51/27
f 266/51/27 522/50/27 523/52/28 267/53/28
f 267/53/28 523/52/28 524/54/29 268/55/29
f 268/55/29 524/54/29 525/56/30 269/57/30
f 269/57/30 525/56/30 526/58/31 270/59/31
f 270/59/31 526/58/31 527/60/32 271/61/32
f 271/61/32 527/60/32 528/58/33 272/59/33
f 272/59/33 528/58/33 529/56/34 273/57/34
f 273/57/34 529/56/34 530/54/35 274/55/35
f 274/55/35 530/54/35 531/52/36 275/53/36
f 275/53/36 531/52/36 532/50/37 276/51/37
f 276/51/37 532/50/37 533/48/38 277/49/38
f 104/62/2 102/63/39 558/64/39 559/65/2
f 277/49/38 533/48/38 534/46/40 278/47/40
f 278/47/40 534/46/40 504/29/8 247/28/8
f 55/66/3 57/67/3 59/68/3 61/69/3 63/70/3 65/71/3 67/72/3 69/73/3 71/74/3 73/75/3 75/76/3 77/77/3 79/78/3 81/79/3 83/80/3 85/81/3 87/82/3 89/81/3 91/80/3 93/83/3 95/78/3 97/77/3 99/76/3 101/75/3 103/74/3 105/73/3 107/72/3 109/71/3 111/70/3 113/69/3 115/68/3 117/67/3
f 123/84/41 124/85/41 339/86/41 340/87/41
f 250/88/41 251/89/41 468/90/41 469/91/41
f 165/92/3 164/93/3 357/94/3 358/95/3
f 294/96/3 293/97/3 486/98/3 487/99/3
f 214/100/3 213/101/3 434/102/3 436/103/3
f 124/85/41 125/104/41 338/105/41 339/86/41
f 251/89/41 252/106/41 467/107/41 468/90/41
f 164/93/3 163/108/3 356/109/3 357/94/3
f 293/97/3 292/110/3 485/111/3 486/98/3
f 183/112/3 214/100/3 436/103/3 437/113/3
f 125/104/41 126/114/41 337/115/41 338/105/41
f 252/106/41 253/116/41 466/117/41 467/107/41
f 163/108/3 162/118/3 355/119/3 356/109/3
f 292/110/3 291/120/3 484/121/3 485/111/3
f 126/114/41 127/122/41 336/122/41 337/115/41
f 253/116/41 254/123/41 465/124/41 466/117/41
f 162/118/3 161/125/3 354/126/3 355/119/3
f 291/120/3 290/127/3 483/128/3 484/121/3
f 127/122/41 128/129/41 335/130/41 336/122/41
f 254/123/41 255/131/41 464/131/41 465/124/41
f 161/125/3 160/132/3 353/133/3 354/126/3
f 290/127/3 289/134/3 482/135/3 483/128/3
f 128/129/41 129/136/41 334/137/41 335/130/41
f 255/131/41 256/138/41 463/139/41 464/131/41
f 160/132/3 159/140/3 352/141/3 353/133/3
f 289/134/3 288/142/3 481/143/3 482/135/3
f 129/136/41 130/144/41 333/145/41 334/137/41
f 256/138/41 257/146/41 462/147/41 463/139/41
f 159/140/3 158/148/3 351/148/3 352/141/3
f 288/142/3 287/149/3 480/150/3 481/143/3
f 130/144/41 131/151/41 332/152/41 333/145/41
f 257/146/41 258/153/41 461/154/41 462/147/41
f 598/155/8 182/156/8 151/157/9 567/158/9
f 567/158/9 151/157/9 152/159/10 568/160/10
f 568/160/10 152/159/10 153/161/11 569/162/11
f 569/162/11 153/161/11 154/163/12 570/164/12
f 570/164/12 154/163/12 155/165/13 571/166/13
f 571/166/13 155/165/13 156/167/14 572/168/14
f 572/168/14 156/167/14 157/169/15 573/170/15
f 573/170/15 157/169/15 158/171/16 574/172/16
f 574/172/16 158/171/16 159/169/17 575/170/17
f 575/170/17 159/169/17 160/167/18 576/168/18
f 576/168/18 160/167/18 161/165/19 577/166/19
f 577/166/19 161/165/19 162/163/20 578/164/20
f 578/164/20 162/163/20 163/161/21 579/162/21
f 579/162/21 163/161/21 164/159/22 580/160/22
f 580/160/22 164/159/22 165/157/23 581/158/23
f 581/158/23 165/157/23 166/156/24 582/155/24
f 582/155/24 166/156/24 167/173/25 583/174/25
f 583/174/25 167/173/25 168/175/26 584/176/26
f 584/176/26 168/175/26 169/177/27 585/178/27
f 585/178/27 169/177/27 170/179/28 586/180/28
f 586/180/28 170/179/28 171/181/29 587/182/29
f 587/182/29 171/181/29 172/183/30 588/184/30
f 588/184/30 172/183/30 173/185/31 589/186/31
f 589/186/31 173/185/31 174/187/32 590/188/32
f 590/188/32 174/187/32 175/185/33 591/186/33
f 591/186/33 175/185/33 176/183/34 592/184/34
f 592/184/34 176/183/34 177/189/35 593/182/35
f 593/182/35 177/189/35 178/179/36 594/180/36
f 594/180/36 178/179/36 179/177/37 595/178/37
f 595/178/37 179/177/37 180/175/38 596/176/38
f 596/176/38 180/175/38 181/173/40 597/174/40
f 597/174/40 181/173/40 182/156/8 598/155/8
f 150/190/40 214/191/40 183/192/8 119/193/8
f 149/194/38 213/195/38 214/191/40 150/190/40
f 148/196/37 212/197/37 213/195/38 149/194/38
f 147/198/36 211/199/36 212/197/37 148/196/37
f 146/200/35 210/201/35 211/199/36 147/198/36
f 145/202/34 209/203/34 210/201/35 146/200/35
f 144/204/33 208/205/33 209/203/34 145/202/34
f 143/206/32 207/207/32 208/205/33 144/204/33
f 142/204/31 206/205/31 207/207/32 143/206/32
f 141/202/30 205/203/30 206/205/31 142/204/31
f 140/200/29 204/201/29 205/203/30 141/202/30
f 139/198/28 203/208/28 204/201/29 140/200/29
f 138/196/27 202/197/27 203/208/28 139/198/28
f 137/194/26 201/195/26 202/197/27 138/196/27
f 136/190/25 200/191/25 201/195/26 137/194/26
f 135/193/24 199/192/24 200/191/25 136/190/25
f 134/209/23 198/210/23 199/192/24 135/193/24
f 133/211/22 197/212/22 198/210/23 134/209/23
f 132/213/21 196/214/21 197/212/22 133/211/22
f 131/215/20 195/216/20 196/214/21 132/213/21
f 130/217/19 194/218/19 195/216/20 131/215/20
f 129/219/18 193/220/18 194/218/19 130/217/19
f 128/221/17 192/222/17 193/220/18 129/219/18
f 127/223/16 191/224/16 192/222/17 128/221/17
f 126/221/15 190/222/15 191/224/16 127/223/16
f 125/219/14 189/220/14 190/222/15 126/221/15
f 124/217/13 188/218/13 189/220/14 125/219/14
f 123/215/12 187/216/12 188/218/13 124/217/13
f 122/213/11 186/214/11 187/216/12 123/215/12
f 121/211/10 185/212/10 186/214/11 122/213/11
f 120/209/9 184/210/9 185/212/10 121/211/10
f 119/193/8 183/192/8 184/210/9 120/209/9
f 158/148/3 157/225/3 350/226/3 351/148/3
f 287/149/3 286/227/3 479/227/3 480/150/3
f 131/151/41 132/228/41 331/229/41 332/152/41
f 258/153/41 259/230/41 460/231/41 461/154/41
f 157/225/3 156/232/3 349/233/3 350/226/3
f 286/227/3 285/234/3 478/235/3 479/227/3
f 132/228/41 133/236/41 330/237/41 331/229/41
f 259/230/41 260/238/41 459/239/41 460/231/41
f 156/232/3 155/240/3 348/241/3 349/233/3
f 285/234/3 284/242/3 477/243/3 478/235/3
f 215/244/41 216/245/41 375/246/41 438/247/41
f 133/236/41 134/248/41 329/249/41 330/237/41
f 260/238/41 261/250/41 458/251/41 459/239/41
f 155/240/3 154/252/3 347/253/3 348/241/3
f 284/242/3 283/254/3 476/255/3 477/243/3
f 216/245/41 217/256/41 377/257/41 375/246/41
f 134/248/41 135/258/41 328/259/41 329/249/41
f 261/250/41 262/260/41 457/261/41 458/251/41
f 154/252/3 153/262/3 346/263/3 347/253/3
f 283/254/3 282/264/3 475/265/3 476/255/3
f 217/256/41 218/266/41 379/267/41 377/257/41
f 135/258/41 136/248/41 327/249/41 328/259/41
f 262/260/41 263/268/41 456/269/41 457/261/41
f 153/262/3 152/270/3 345/271/3 346/263/3
f 282/264/3 281/272/3 474/273/3 475/265/3
f 218/266/41 219/274/41 381/275/41 379/267/41
f 136/248/41 137/236/41 326/237/41 327/249/41
f 263/268/41 264/260/41 455/261/41 456/269/41
f 152/270/3 151/276/3 344/277/3 345/271/3
f 281/272/3 280/278/3 473/279/3 474/273/3
f 219/274/41 220/280/41 383/281/41 381/275/41
f 137/236/41 138/228/41 325/282/41 326/237/41
f 264/260/41 265/250/41 454/251/41 455/261/41
f 151/276/3 182/283/3 311/284/3 344/277/3
f 280/278/3 279/285/3 472/286/3 473/279/3
f 220/280/41 221/287/41 385/288/41 383/281/41
f 138/228/41 139/151/41 324/152/41 325/282/41
f 265/250/41 266/238/41 453/239/41 454/251/41
f 279/285/3 310/289/3 439/290/3 472/286/3
f 221/287/41 222/291/41 387/292/41 385/288/41
f 139/151/41 140/144/41 323/145/41 324/152/41
f 266/238/41 267/230/41 452/231/41 453/239/41
f 222/291/41 223/293/41 389/293/41 387/292/41
f 140/144/41 141/136/41 322/137/41 323/145/41
f 267/230/41 268/153/41 451/154/41 452/231/41
f 223/293/41 224/294/41 391/295/41 389/293/41
f 141/136/41 142/129/41 321/130/41 322/137/41
f 268/153/41 269/146/41 450/296/41 451/154/41
f 224/294/41 225/297/41 393/298/41 391/295/41
f 142/129/41 143/122/41 320/122/41 321/130/41
f 269/146/41 270/138/41 449/139/41 450/296/41
f 225/297/41 226/299/41 395/300/41 393/298/41
f 143/122/41 144/114/41 319/115/41 320/122/41
f 270/138/41 271/131/41 448/131/41 449/139/41
f 226/299/41 227/301/41 397/302/41 395/300/41
f 144/114/41 145/104/41 318/105/41 319/115/41
f 271/131/41 272/123/41 447/124/41 448/131/41
f 227/301/41 228/303/41 399/304/41 397/302/41
f 145/104/41 146/85/41 317/86/41 318/105/41
f 272/123/41 273/116/41 446/117/41 447/124/41
f 184/100/3 183/112/3 437/113/3 376/103/3
f 228/303/41 229/305/41 401/306/41 399/304/41
f 146/85/41 147/84/41 316/87/41 317/86/41
f 273/116/41 274/106/41 445/107/41 446/117/41
f 215/307/8 310/308/8 279/309/9 216/310/9
f 216/310/9 279/309/9 280/311/10 217/312/10
f 217/312/10 280/311/10 281/313/11 218/314/11
f 218/314/11 281/313/11 282/315/12 219/316/12
f 219/316/12 282/315/12 283/317/13 220/318/13
f 220/318/13 283/317/13 284/319/14 221/320/14
f 221/320/14 284/319/14 285/321/15 222/322/15
f 222/322/15 285/321/15 286/323/16 223/324/16
f 223/324/16 286/323/16 287/321/17 224/322/17
f 224/322/17 287/321/17 288/319/18 225/320/18
f 225/320/18 288/319/18 289/317/19 226/318/19
f 226/318/19 289/317/19 290/315/20 227/316/20
f 227/316/20 290/315/20 291/313/21 228/314/21
f 228/314/21 291/313/21 292/311/22 229/312/22
f 229/312/22 292/311/22 293/309/23 230/310/23
f 230/310/23 293/309/23 294/308/24 231/307/24
f 231/307/24 294/308/24 295/325/25 232/326/25
f 232/326/25 295/325/25 296/327/26 233/328/26
f 233/328/26 296/327/26 297/329/27 234/330/27
f 234/330/27 297/329/27 298/331/28 235/332/28
f 235/332/28 298/331/28 299/333/29 236/334/29
f 236/334/29 299/333/29 300/335/30 237/336/30
f 237/336/30 300/335/30 301/337/31 238/338/31
f 238/338/31 301/337/31 302/339/32 239/340/32
f 239/340/32 302/339/32 303/337/33 240/338/33
f 240/338/33 303/337/33 304/335/34 241/336/34
f 241/336/34 304/335/34 305/333/35 242/334/35
f 242/334/35 305/333/35 306/331/36 243/341/36
f 243/341/36 306/331/36 307/329/37 244/330/37
f 244/330/37 307/329/37 308/327/38 245/328/38
f 245/328/38 308/327/38 309/325/40 246/326/40
f 246/326/40 309/325/40 310/308/8 215/307/8
f 374/277/42 313/342/42 312/343/43 311/284/43
f 373/271/44 314/344/44 313/342/42 374/277/42
f 372/263/45 315/345/45 314/344/44 373/271/44
f 371/253/46 316/87/46 315/345/45 372/263/45
f 370/241/47 317/86/47 316/87/46 371/253/46
f 369/233/48 318/105/48 317/86/47 370/241/47
f 368/226/49 319/115/49 318/105/48 369/233/48
f 367/148/50 320/122/50 319/115/49 368/226/49
f 366/141/51 321/130/51 320/122/50 367/148/50
f 365/133/52 322/137/52 321/130/51 366/141/51
f 364/126/53 323/145/53 322/137/52 365/133/52
f 363/119/54 324/152/54 323/145/53 364/126/53
f 362/109/55 325/282/55 324/152/54 363/119/54
f 361/94/56 326/237/56 325/282/55 362/109/55
f 360/95/57 327/249/57 326/237/56 361/94/56
f 359/346/58 328/259/58 327/249/57 360/95/57
f 358/95/59 329/249/59 328/259/58 359/346/58
f 357/94/60 330/237/60 329/249/59 358/95/59
f 356/109/61 331/229/61 330/237/60 357/94/60
f 355/119/62 332/152/62 331/229/61 356/109/61
f 354/126/63 333/145/63 332/152/62 355/119/62
f 353/133/64 334/137/64 333/145/63 354/126/63
f 352/141/65 335/130/65 334/137/64 353/133/64
f 351/148/66 336/122/66 335/130/65 352/141/65
f 350/226/67 337/115/67 336/122/66 351/148/66
f 349/233/68 338/105/68 337/115/67 350/226/67
f 348/241/69 339/86/69 338/105/68 349/233/68
f 347/253/70 340/87/70 339/86/69 348/241/69
f 346/263/71 341/345/71 340/87/70 347/253/70
f 345/271/72 342/344/72 341/345/71 346/263/71
f 344/277/73 343/342/73 342/344/72 345/271/72
f 311/284/43 312/343/43 343/342/73 344/277/73
f 436/103/42 435/246/42 438/247/43 437/113/43
f 434/102/44 433/257/44 435/246/42 436/103/42
f 432/347/45 431/267/45 433/257/44 434/102/44
f 430/348/46 429/275/46 431/267/45 432/347/45
f 428/349/47 427/281/47 429/275/46 430/348/46
f 426/350/48 425/288/48 427/281/47 428/349/47
f 424/351/49 423/292/49 425/288/48 426/350/48
f 422/352/50 421/293/50 423/292/49 424/351/49
f 420/353/51 419/295/51 421/293/50 422/352/50
f 418/354/52 417/298/52 419/295/51 420/353/51
f 416/355/53 415/300/53 417/298/52 418/354/52
f 414/356/54 413/302/54 415/300/53 416/355/53
f 412/357/55 411/304/55 413/302/54 414/356/54
f 410/358/56 409/306/56 411/304/55 412/357/55
f 408/359/57 407/360/57 409/306/56 410/358/56
f 406/361/58 405/362/58 407/360/57 408/359/57
f 404/359/59 403/360/59 405/362/58 406/361/58
f 402/358/60 401/306/60 403/360/59 404/359/59
f 400/357/61 399/304/61 401/306/60 402/358/60
f 398/356/62 397/302/62 399/304/61 400/357/61
f 396/355/63 395/300/63 397/302/62 398/356/62
f 394/354/64 393/298/64 395/300/63 396/355/63
f 392/353/65 391/295/65 393/298/64 394/354/64
f 390/352/66 389/293/66 391/295/65 392/353/65
f 388/351/67 387/292/67 389/293/66 390/352/66
f 386/363/68 385/288/68 387/292/67 388/351/67
f 384/349/69 383/281/69 385/288/68 386/363/68
f 382/348/70 381/275/70 383/281/69 384/349/69
f 380/347/71 379/267/71 381/275/70 382/348/70
f 378/102/72 377/257/72 379/267/71 380/347/71
f 376/103/73 375/246/73 377/257/72 378/102/72
f 437/113/43 438/247/43 375/246/73 376/103/73
f 502/286/42 441/364/42 440/365/43 439/290/43
f 501/279/44 442/366/44 441/364/42 502/286/42
f 500/273/45 443/91/45 442/366/44 501/279/44
f 499/265/46 444/90/46 443/91/45 500/273/45
f 498/255/47 445/107/47 444/90/46 499/265/46
f 497/243/48 446/117/48 445/107/47 498/255/47
f 496/235/49 447/124/49 446/117/48 497/243/48
f 495/227/50 448/131/50 447/124/49 496/235/49
f 494/150/51 449/139/51 448/131/50 495/227/50
f 493/143/52 450/296/52 449/139/51 494/150/51
f 492/135/53 451/154/53 450/296/52 493/143/52
f 491/128/54 452/231/54 451/154/53 492/135/53
f 490/121/55 453/239/55 452/231/54 491/128/54
f 489/111/56 454/251/56 453/239/55 490/121/55
f 488/98/57 455/261/57 454/251/56 489/111/56
f 487/99/58 456/269/58 455/261/57 488/98/57
f 486/98/59 457/261/59 456/269/58 487/99/58
f 485/111/60 458/251/60 457/261/59 486/98/59
f 484/121/61 459/239/61 458/251/60 485/111/60
f 483/128/62 460/231/62 459/239/61 484/121/61
f 482/135/63 461/154/63 460/231/62 483/128/62
f 481/143/64 462/147/64 461/154/63 482/135/63
f 480/150/65 463/139/65 462/147/64 481/143/64
f 479/227/66 464/131/66 463/139/65 480/150/65
f 478/235/67 465/124/67 464/131/66 479/227/66
f 477/243/68 466/117/68 465/124/67 478/235/67
f 476/255/69 467/107/69 466/117/68 477/243/68
f 475/265/70 468/90/70 467/107/69 476/255/69
f 474/273/71 469/91/71 468/90/70 475/265/70
f 473/279/72 470/366/72 469/91/71 474/273/71
f 472/286/73 471/364/73 470/366/72 473/279/72
f 439/290/43 440/365/43 471/364/73 472/286/73
f 213/101/3 212/367/3 432/347/3 434/102/3
f 295/97/3 294/96/3 487/99/3 488/98/3
f 166/368/3 165/92/3 358/95/3 359/346/3
f 249/369/41 250/88/41 469/91/41 470/366/41
f 122/370/41 123/84/41 340/87/41 341/345/41
f 212/367/3 211/371/3 430/348/3 432/347/3
f 296/110/3 295/97/3 488/98/3 489/111/3
f 167/92/3 166/368/3 359/346/3 360/95/3
f 248/372/41 249/369/41 470/366/41 471/364/41
f 121/373/41 122/370/41 341/345/41 342/344/41
f 211/371/3 210/374/3 428/349/3 430/348/3
f 297/120/3 296/110/3 489/111/3 490/121/3
f 168/93/3 167/92/3 360/95/3 361/94/3
f 247/375/41 248/372/41 471/364/41 440/365/41
f 120/376/41 121/373/41 342/344/41 343/342/41
f 210/374/3 209/377/3 426/350/3 428/349/3
f 298/127/3 297/120/3 490/121/3 491/128/3
f 169/108/3 168/93/3 361/94/3 362/109/3
f 119/378/41 120/376/41 343/342/41 312/343/41
f 209/377/3 208/379/3 424/351/3 426/350/3
f 299/134/3 298/127/3 491/128/3 492/135/3
f 170/118/3 169/108/3 362/109/3 363/119/3
f 208/379/3 207/352/3 422/352/3 424/351/3
f 300/142/3 299/134/3 492/135/3 493/143/3
f 171/125/3 170/118/3 363/119/3 364/126/3
f 207/352/3 206/380/3 420/353/3 422/352/3
f 301/149/3 300/142/3 493/143/3 494/150/3
f 172/132/3 171/125/3 364/126/3 365/133/3
f 206/380/3 205/381/3 418/354/3 420/353/3
f 302/227/3 301/149/3 494/150/3 495/227/3
f 173/382/3 172/132/3 365/133/3 366/141/3
f 205/381/3 204/383/3 416/355/3 418/354/3
f 303/234/3 302/227/3 495/227/3 496/235/3
f 174/148/3 173/382/3 366/141/3 367/148/3
f 204/383/3 203/384/3 414/356/3 416/355/3
f 304/242/3 303/234/3 496/235/3 497/243/3
f 175/385/3 174/148/3 367/148/3 368/226/3
f 203/384/3 202/386/3 412/357/3 414/356/3
f 305/254/3 304/242/3 497/243/3 498/255/3
f 176/232/3 175/385/3 368/226/3 369/233/3
f 246/245/41 215/244/41 438/247/41 435/246/41
f 202/386/3 201/387/3 410/358/3 412/357/3
f 306/264/3 305/254/3 498/255/3 499/265/3
f 177/240/3 176/232/3 369/233/3 370/241/3
f 245/256/41 246/245/41 435/246/41 433/257/41
f 201/387/3 200/388/3 408/359/3 410/358/3
f 307/272/3 306/264/3 499/265/3 500/273/3
f 178/252/3 177/240/3 370/241/3 371/253/3
f 244/266/41 245/256/41 433/257/41 431/267/41
f 200/388/3 199/389/3 406/361/3 408/359/3
f 308/278/3 307/272/3 500/273/3 501/279/3
f 179/262/3 178/252/3 371/253/3 372/263/3
f 243/274/41 244/266/41 431/267/41 429/275/41
f 199/389/3 198/388/3 404/359/3 406/361/3
f 309/285/3 308/278/3 501/279/3 502/286/3
f 180/390/3 179/262/3 372/263/3 373/271/3
f 242/280/41 243/274/41 429/275/41 427/281/41
f 198/388/3 197/387/3 402/358/3 404/359/3
f 310/289/3 309/285/3 502/286/3 439/290/3
f 181/276/3 180/390/3 373/271/3 374/277/3
f 241/287/41 242/280/41 427/281/41 425/288/41
f 197/387/3 196/386/3 400/357/3 402/358/3
f 182/283/3 181/276/3 374/277/3 311/284/3
f 240/291/41 241/287/41 425/288/41 423/292/41
f 196/386/3 195/384/3 398/356/3 400/357/3
f 239/293/41 240/291/41 423/292/41 421/293/41
f 195/384/3 194/383/3 396/355/3 398/356/3
f 238/294/41 239/293/41 421/293/41 419/295/41
f 194/383/3 193/381/3 394/354/3 396/355/3
f 237/297/41 238/294/41 419/295/41 417/298/41
f 193/381/3 192/380/3 392/353/3 394/354/3
f 236/299/41 237/297/41 417/298/41 415/300/41
f 192/380/3 191/352/3 390/352/3 392/353/3
f 235/301/41 236/299/41 415/300/41 413/302/41
f 191/352/3 190/379/3 388/351/3 390/352/3
f 234/303/41 235/301/41 413/302/41 411/304/41
f 190/379/3 189/377/3 386/363/3 388/351/3
f 278/372/41 247/375/41 440/365/41 441/364/41
f 233/305/41 234/303/41 411/304/41 409/306/41
f 189/377/3 188/374/3 384/349/3 386/363/3
f 277/369/41 278/372/41 441/364/41 442/366/41
f 150/376/41 119/378/41 312/343/41 313/342/41
f 232/391/41 233/305/41 409/306/41 407/360/41
f 188/374/3 187/371/3 382/348/3 384/349/3
f 276/88/41 277/369/41 442/366/41 443/91/41
f 149/373/41 150/376/41 313/342/41 314/344/41
f 231/392/41 232/391/41 407/360/41 405/362/41
f 187/371/3 186/367/3 380/347/3 382/348/3
f 275/89/41 276/88/41 443/91/41 444/90/41
f 148/370/41 149/373/41 314/344/41 315/345/41
f 230/391/41 231/392/41 405/362/41 403/360/41
f 186/367/3 185/101/3 378/102/3 380/347/3
f 274/106/41 275/89/41 444/90/41 445/107/41
f 147/84/41 148/370/41 315/345/41 316/87/41
f 229/305/41 230/391/41 403/360/41 401/306/41
f 185/101/3 184/100/3 376/103/3 378/102/3
f 56/29/41 58/393/41 503/30/41 504/29/41
f 58/393/41 60/394/41 505/32/41 503/30/41
f 60/394/41 62/395/41 506/34/41 505/32/41
f 62/395/41 64/396/41 507/36/41 506/34/41
f 64/396/41 66/397/41 508/38/41 507/36/41
f 66/397/41 68/398/41 509/40/41 508/38/41
f 68/398/41 70/399/41 510/42/41 509/40/41
f 70/399/41 72/400/41 511/44/41 510/42/41
f 72/400/41 74/399/41 512/42/41 511/44/41
f 74/399/41 76/398/41 513/40/41 512/42/41
f 76/398/41 78/397/41 514/38/41 513/40/41
f 78/397/41 80/396/41 515/36/41 514/38/41
f 80/396/41 82/395/41 516/34/41 515/36/41
f 82/395/41 84/394/41 517/32/41 516/34/41
f 84/394/41 86/393/41 518/30/41 517/32/41
f 86/393/41 88/29/41 519/29/41 518/30/41
f 88/29/41 90/401/41 520/46/41 519/29/41
f 90/401/41 92/402/41 521/48/41 520/46/41
f 92/402/41 94/403/41 522/50/41 521/48/41
f 94/403/41 96/404/41 523/52/41 522/50/41
f 96/404/41 98/405/41 524/54/41 523/52/41
f 98/405/41 100/406/41 525/56/41 524/54/41
f 100/406/41 102/63/41 526/58/41 525/56/41
f 102/63/41 104/62/41 527/60/41 526/58/41
f 104/62/41 106/63/41 528/58/41 527/60/41
f 106/63/41 108/406/41 529/56/41 528/58/41
f 108/406/41 110/405/41 530/54/41 529/56/41
f 110/405/41 112/404/41 531/52/41 530/54/41
f 112/404/41 114/403/41 532/50/41 531/52/41
f 114/403/41 116/402/41 533/48/41 532/50/41
f 116/402/41 118/401/41 534/46/41 533/48/41
f 118/401/41 56/29/41 504/29/41 534/46/41
f 535/407/41 536/408/41 566/409/41 565/410/41 564/411/41 563/412/41 562/413/41 561/414/41 560/415/41 559/416/41 558/417/41 557/418/41 556/419/41 555/420/41 554/421/41 553/422/41 552/423/41 551/424/41 550/425/41 549/426/41 548/427/41 547/428/41 546/429/41 545/430/41 544/431/41 543/432/41 542/433/41 541/434/41 540/435/41 539/436/41 538/437/41 537/438/41
f 78/397/74 76/398/75 545/439/75 546/440/74
f 106/63/76 104/62/2 559/65/2 560/64/76
f 80/396/77 78/397/74 546/440/74 547/441/77
f 108/406/78 106/63/76 560/64/76 561/442/78
f 82/395/79 80/396/77 547/441/77 548/443/79
f 110/405/80 108/406/78 561/442/78 562/444/80
f 84/394/81 82/395/79 548/443/79 549/445/81
f 58/393/82 56/29/5 536/446/5 535/447/82
f 112/404/83 110/405/80 562/444/80 563/448/83
f 86/393/84 84/394/81 549/445/81 550/447/84
f 60/394/85 58/393/82 535/447/82 537/445/85
f 114/403/86 112/404/83 563/448/83 564/449/86
f 88/29/4 86/393/84 550/447/84 551/446/4
f 62/395/87 60/394/85 537/445/85 538/443/87
f 116/402/88 114/403/86 564/449/86 565/450/88
f 90/401/89 88/29/4 551/446/4 552/451/89
f 64/396/90 62/395/87 538/443/87 539/441/90
f 118/401/91 116/402/88 565/450/88 566/451/91
f 92/402/92 90/401/89 552/451/89 553/450/92
f 66/397/93 64/396/90 539/441/90 540/440/93
f 56/29/5 118/401/91 566/451/91 536/446/5
f 94/403/94 92/402/92 553/450/92 554/449/94
f 68/398/95 66/397/93 540/440/93 541/439/95
f 96/404/96 94/403/94 554/449/94 555/448/96
f 70/399/97 68/398/95 541/439/95 542/452/97
f 98/405/98 96/404/96 555/448/96 556/444/98
f 72/400/7 70/399/97 542/452/97 543/453/7
f 100/406/99 98/405/98 556/444/98 557/442/99
f 74/399/100 72/400/7 543/453/7 544/452/100
f 102/63/39 100/406/99 557/442/99 558/64/39
f 76/398/75 74/399/100 544/452/100 545/439/75
f 595/454/41 596/455/41 659/456/41 657/457/41
f 59/68/3 57/67/3 600/458/3 602/459/3
f 569/454/41 570/460/41 607/461/41 605/457/41
f 111/70/3 109/71/3 652/462/3 654/463/3
f 596/455/41 597/464/41 661/465/41 659/456/41
f 570/460/41 571/466/41 609/467/41 607/461/41
f 93/83/3 91/80/3 634/468/3 636/469/3
f 597/464/41 598/470/41 662/471/41 661/465/41
f 571/466/41 572/472/41 611/473/41 609/467/41
f 75/76/3 73/75/3 616/474/3 618/475/3
f 572/472/41 573/476/41 613/477/41 611/473/41
f 109/71/3 107/72/3 650/478/3 652/462/3
f 57/67/3 55/66/3 599/479/3 600/458/3
f 573/476/41 574/480/41 615/480/41 613/477/41
f 91/80/3 89/81/3 632/481/3 634/468/3
f 574/480/41 575/482/41 617/483/41 615/480/41
f 73/75/3 71/74/3 614/74/3 616/474/3
f 575/482/41 576/484/41 619/485/41 617/483/41
f 107/72/3 105/73/3 648/486/3 650/478/3
f 576/484/41 577/487/41 621/488/41 619/485/41
f 89/81/3 87/82/3 630/489/3 632/481/3
f 577/487/41 578/490/41 623/491/41 621/488/41
f 71/74/3 69/73/3 612/486/3 614/74/3
f 578/490/41 579/492/41 625/493/41 623/491/41
f 105/73/3 103/74/3 646/74/3 648/486/3
f 579/492/41 580/494/41 627/495/41 625/493/41
f 87/82/3 85/81/3 628/481/3 630/489/3
f 580/494/41 581/496/41 629/497/41 627/495/41
f 69/73/3 67/72/3 610/478/3 612/486/3
f 581/496/41 582/498/41 631/499/41 629/497/41
f 103/74/3 101/75/3 644/474/3 646/74/3
f 582/498/41 583/496/41 633/497/41 631/499/41
f 660/458/101 661/465/101 662/471/102 599/479/102
f 658/459/103 659/456/103 661/465/101 660/458/101
f 656/500/104 657/457/104 659/456/103 658/459/103
f 654/463/105 655/461/105 657/457/104 656/500/104
f 652/462/106 653/467/106 655/461/105 654/463/105
f 650/478/107 651/473/107 653/467/106 652/462/106
f 648/486/108 649/477/108 651/473/107 650/478/107
f 646/74/109 647/480/109 649/477/108 648/486/108
f 644/474/110 645/483/110 647/480/109 646/74/109
f 642/475/111 643/485/111 645/483/110 644/474/110
f 640/501/112 641/488/112 643/485/111 642/475/111
f 638/502/113 639/491/113 641/488/112 640/501/112
f 636/469/114 637/493/114 639/491/113 638/502/113
f 634/468/115 635/495/115 637/493/114 636/469/114
f 632/481/116 633/497/116 635/495/115 634/468/115
f 630/489/117 631/499/117 633/497/116 632/481/116
f 628/481/118 629/497/118 631/499/117 630/489/117
f 626/468/119 627/495/119 629/497/118 628/481/118
f 624/469/120 625/493/120 627/495/119 626/468/119
f 622/502/121 623/491/121 625/493/120 624/469/120
f 620/501/122 621/488/122 623/491/121 622/502/121
f 618/475/123 619/485/123 621/488/122 620/501/122
f 616/474/124 617/483/124 619/485/123 618/475/123
f 614/74/125 615/480/125 617/483/124 616/474/124
f 612/486/126 613/477/126 615/480/125 614/74/125
f 610/478/127 611/473/127 613/477/126 612/486/126
f 608/462/128 609/467/128 611/473/127 610/478/127
f 606/463/129 607/461/129 609/467/128 608/462/128
f 604/500/130 605/457/130 607/461/129 606/463/129
f 602/459/131 603/456/131 605/457/130 604/500/130
f 600/458/132 601/465/132 603/456/131 602/459/131
f 599/479/102 662/471/102 601/465/132 600/458/132
f 77/77/3 75/76/3 618/475/3 620/501/3
f 568/455/41 569/454/41 605/457/41 603/456/41
f 594/460/41 595/454/41 657/457/41 655/461/41
f 95/78/3 93/83/3 636/469/3 638/502/3
f 567/464/41 568/455/41 603/456/41 601/465/41
f 593/466/41 594/460/41 655/461/41 653/467/41
f 113/69/3 111/70/3 654/463/3 656/500/3
f 598/470/41 567/464/41 601/465/41 662/471/41
f 61/69/3 59/68/3 602/459/3 604/500/3
f 592/472/41 593/466/41 653/467/41 651/473/41
f 79/78/3 77/77/3 620/501/3 622/502/3
f 591/476/41 592/472/41 651/473/41 649/477/41
f 97/77/3 95/78/3 638/502/3 640/501/3
f 590/480/41 591/476/41 649/477/41 647/480/41
f 115/68/3 113/69/3 656/500/3 658/459/3
f 63/70/3 61/69/3 604/500/3 606/463/3
f 589/482/41 590/480/41 647/480/41 645/483/41
f 81/79/3 79/78/3 622/502/3 624/469/3
f 588/484/41 589/482/41 645/483/41 643/485/41
f 99/76/3 97/77/3 640/501/3 642/475/3
f 587/487/41 588/484/41 643/485/41 641/488/41
f 117/67/3 115/68/3 658/459/3 660/458/3
f 65/71/3 63/70/3 606/463/3 608/462/3
f 586/490/41 587/487/41 641/488/41 639/491/41
f 83/80/3 81/79/3 624/469/3 626/468/3
f 585/492/41 586/490/41 639/491/41 637/493/41
f 101/75/3 99/76/3 642/475/3 644/474/3
f 584/494/41 585/492/41 637/493/41 635/495/41
f 55/66/3 117/67/3 660/458/3 599/479/3
f 67/72/3 65/71/3 608/462/3 610/478/3
f 583/496/41 584/494/41 635/495/41 633/497/41
f 85/81/3 83/80/3 626/468/3 628/481/3
f 663/503/133 675/504/134 676/505/135 664/506/136
f 664/506/136 676/505/135 677/507/137 665/508/138
f 665/508/138 677/507/137 678/509/139 666/510/140
f 666/510/140 678/509/139 679/511/141 667/512/142
f 667/512/142 679/511/141 680/513/143 668/514/144
f 668/514/144 680/513/143 681/515/145 669/516/146
f 669/516/146 681/515/145 682/517/147 670/518/148
f 670/518/148 682/517/147 683/519/149 671/520/150
f 671/520/150 683/519/149 684/521/151 672/522/152
f 672/522/152 684/521/151 685/523/153 673/524/154
f 673/524/154 685/523/153 686/525/155 674/526/156
f 674/526/156 686/525/155 675/504/134 663/503/133
f 675/504/134 687/527/157 688/528/158 676/505/135
f 676/505/135 688/528/158 689/529/159 677/507/137
f 677/507/137 689/529/159 690/530/160 678/509/139
f 678/509/139 690/530/160 691/531/161 679/511/141
f 679/511/141 691/531/161 692/532/162 680/513/143
f 680/513/143 692/532/162 693/533/163 681/515/145
f 681/515/145 693/533/163 694/534/164 682/517/147
f 682/517/147 694/534/164 695/535/165 683/519/149
f 683/519/149 695/535/165 696/536/166 684/521/151
f 684/521/151 696/536/166 697/537/167 685/523/153
f 685/523/153 697/537/167 698/538/168 686/525/155
f 686/525/155 698/538/168 687/527/157 675/504/134
f 687/527/157 699/539/169 700/540/170 688/528/158
f 688/528/158 700/540/170 701/541/171 689/529/159
f 689/529/159 701/541/171 702/542/172 690/530/160
f 690/530/160 702/542/172 703/543/173 691/531/161
f 691/531/161 703/543/173 704/544/174 692/532/162
f 692/532/162 704/544/174 705/545/175 693/533/163
f 693/533/163 705/545/175 706/546/176 694/534/164
f 694/534/164 706/546/176 707/547/177 695/535/165
f 695/535/165 707/547/177 708/548/178 696/536/166
f 696/536/166 708/548/178 709/549/179 697/537/167
f 697/537/167 709/549/179 710/550/180 698/538/168
f 698/538/168 710/550/180 699/539/169 687/527/157
f 699/539/169 711/551/181 712/552/182 700/540/170
f 700/540/170 712/552/182 713/553/183 701/541/171
f 701/541/171 713/553/183 714/554/184 702/542/172
f 702/542/172 714/554/184 715/555/185 703/543/173
f 703/543/173 715/555/185 716/556/186 704/544/174
f 704/544/174 716/556/186 717/557/187 705/545/175
f 705/545/175 717/557/187 718/558/188 706/546/176
f 706/546/176 718/558/188 719/559/189 707/547/177
f 707/547/177 719/559/189 720/560/190 708/548/178
f 708/548/178 720/560/190 721/561/191 709/549/179
f 709/549/179 721/561/191 722/562/192 710/550/180
f 710/550/180 722/562/192 711/551/181 699/539/169
f 711/551/181 723/563/193 724/564/194 712/552/182
f 712/552/182 724/564/194 725/565/195 713/553/183
f 713/553/183 725/565/195 726/566/196 714/554/184
f 714/554/184 726/566/196 727/567/197 715/555/185
f 715/555/185 727/567/197 728/568/198 716/556/186
f 716/556/186 728/568/198 729/569/199 717/557/187
f 717/557/187 729/569/199 730/570/200 718/558/188
f 718/558/188 730/570/200 731/571/201 719/559/189
f 719/559/189 731/571/201 732/572/202 720/560/190
f 720/560/190 732/572/202 733/573/203 721/561/191
f 721/561/191 733/573/203 734/574/204 722/562/192
f 722/562/192 734/574/204 723/563/193 711/551/181
f 723/563/193 735/575/205 736/576/206 724/564/194
f 724/564/194 736/576/206 737/577/207 725/565/195
f 725/565/195 737/577/207 738/578/208 726/566/196
f 726/566/196 738/578/208 739/579/209 727/567/197
f 727/567/197 739/579/209 740/580/210 728/568/198
f 728/568/198 740/580/210 741/581/211 729/569/199
f 729/569/199 741/581/211 742/582/212 730/570/200
f 730/570/200 742/582/212 743/583/213 731/571/201
f 731/571/201 743/583/213 744/584/214 732/572/202
f 732/572/202 744/584/214 745/585/215 733/573/203
f 733/573/203 745/585/215 746/586/216 734/574/204
f 734/574/204 746/586/216 735/575/205 723/563/193
f 735/575/205 747/587/217 748/588/218 736/576/206
f 736/576/206 748/588/218 749/589/219 737/577/207
f 737/577/207 749/589/219 750/590/220 738/578/208
f 738/578/208 750/590/220 751/591/221 739/579/209
f 739/579/209 751/591/221 752/592/222 740/580/210
f 740/580/210 752/592/222 753/593/223 741/581/211
f 741/581/211 753/593/223 754/594/224 742/582/212
f 742/582/212 754/594/224 755/595/225 743/583/213
f 743/583/213 755/595/225 756/596/226 744/584/214
f 744/584/214 756/596/226 757/597/227 745/585/215
f 745/585/215 757/597/227 758/598/228 746/586/216
f 746/586/216 758/598/228 747/587/217 735/575/205
f 747/587/217 782/599/229 781/600/230 748/588/218
f 748/588/218 781/600/230 777/601/231 749/589/219
f 749/589/219 777/601/231 775/602/232 750/590/220
f 750/590/220 775/602/232 774/601/233 751/591/221
f 751/591/221 774/601/233 773/600/234 752/592/222
f 752/592/222 773/600/234 772/599/235 753/593/223
f 753/593/223 772/599/235 771/603/236 754/594/224
f 754/594/224 771/603/236 780/604/237 755/595/225
f 755/595/225 780/604/237 779/605/238 756/596/226
f 756/596/226 779/605/238 776/604/239 757/597/227
f 757/597/227 776/604/239 778/603/240 758/598/228
f 758/598/228 778/603/240 782/599/229 747/587/217
f 779/605/238 780/604/237 761/606/241 762/607/5
f 778/603/240 776/604/239 765/606/242 763/608/243
f 774/601/233 775/602/232 766/609/4 767/610/244
f 772/599/235 773/600/234 768/611/245 769/612/3
f 777/601/231 781/600/230 760/611/246 764/610/247
f 780/604/237 771/603/236 770/608/248 761/606/241
f 781/600/230 782/599/229 759/612/41 760/611/246
f 775/602/232 777/601/231 764/610/247 766/609/4
f 782/599/229 778/603/240 763/608/243 759/612/41
f 773/600/234 774/601/233 767/610/244 768/611/245
f 771/603/236 772/599/235 769/612/3 770/608/248
f 776/604/239 779/605/238 762/607/5 765/606/242
f 673/524/154 674/526/156 794/526/249 793/524/250
f 668/514/144 669/516/146 789/516/2 788/514/251
f 663/503/133 664/506/136 784/506/252 783/503/7
f 667/512/142 668/514/144 788/514/251 787/512/253
f 671/520/150 672/522/152 792/522/5 791/520/254
f 664/506/136 665/508/138 785/508/255 784/506/252
f 666/510/140 667/512/142 787/512/253 786/510/4
f 674/526/156 663/503/133 783/503/7 794/526/249
f 672/522/152 673/524/154 793/524/250 792/522/5
f 669/516/146 670/518/148 790/518/256 789/516/2
f 665/508/138 666/510/140 786/510/4 785/508/255
f 670/518/148 671/520/150 791/520/254 790/518/256
f 791/520/257 792/522/258 804/613/258 803/614/257
f 788/514/259 789/516/260 801/615/260 800/616/259
f 794/526/261 783/503/262 795/617/262 806/618/261
f 789/516/260 790/518/263 802/619/263 801/615/260
f 784/506/264 785/508/265 797/620/265 796/621/264
f 790/518/263 791/520/257 803/614/257 802/619/263
f 792/522/258 793/524/266 805/622/266 804/613/258
f 785/508/265 786/510/267 798/623/267 797/620/265
f 793/524/266 794/526/261 806/618/261 805/622/266
f 786/510/267 787/512/268 799/624/268 798/623/267
f 783/503/262 784/506/264 796/621/264 795/617/262
f 787/512/268 788/514/259 800/616/259 799/624/268
f 797/620/255 798/623/4 810/623/4 809/620/255
f 805/622/250 806/618/249 818/618/249 817/622/250
f 798/623/4 799/624/253 811/624/253 810/623/4
f 795/617/7 796/621/252 808/621/252 807/625/7
f 799/624/253 800/616/251 812/616/251 811/624/253
f 803/614/254 804/613/5 816/613/5 815/614/254
f 800/616/251 801/615/2 813/626/2 812/616/251
f 806/618/249 795/617/7 807/625/7 818/618/249
f 801/615/2 802/619/256 814/619/256 813/626/2
f 796/621/252 797/620/255 809/620/255 808/621/252
f 802/619/256 803/614/254 815/614/254 814/619/256
f 804/613/5 805/622/250 817/622/250 816/613/5
f 819/627/269 831/628/270 832/629/271 820/630/272
f 820/630/272 832/629/271 833/631/273 821/632/274
f 821/632/274 833/631/273 834/633/275 822/634/276
f 822/634/276 834/633/275 835/635/277 823/636/278
f 823/636/278 835/635/277 836/637/279 824/638/280
f 824/638/280 836/637/279 837/639/281 825/640/282
f 825/640/282 837/639/281 838/641/283 826/642/284
f 826/642/284 838/641/283 839/643/285 827/644/286
f 827/644/286 839/643/285 840/645/287 828/646/288
f 828/646/288 840/645/287 841/647/289 829/648/290
f 829/648/290 841/647/289 842/649/291 830/650/292
f 830/650/292 842/649/291 831/628/270 819/627/269
f 831/628/270 843/651/293 844/652/294 832/629/271
f 832/629/271 844/652/294 845/653/295 833/631/273
f 833/631/273 845/653/295 846/654/296 834/633/275
f 834/633/275 846/654/296 847/655/297 835/635/277
f 835/635/277 847/655/297 848/656/298 836/637/279
f 836/637/279 848/656/298 849/657/299 837/639/281
f 837/639/281 849/657/299 850/658/300 838/641/283
f 838/641/283 850/658/300 851/659/301 839/643/285
f 839/643/285 851/659/301 852/660/302 840/645/287
f 840/645/287 852/660/302 853/661/303 841/647/289
f 841/647/289 853/661/303 854/662/304 842/649/291
f 842/649/291 854/662/304 843/651/293 831/628/270
f 843/651/293 855/663/305 856/664/306 844/652/294
f 844/652/294 856/664/306 857/665/307 845/653/295
f 845/653/295 857/665/307 858/666/308 846/654/296
f 846/654/296 858/666/308 859/667/309 847/655/297
f 847/655/297 859/667/309 860/668/310 848/656/298
f 848/656/298 860/668/310 861/669/311 849/657/299
f 849/657/299 861/669/311 862/670/312 850/658/300
f 850/658/300 862/670/312 863/671/313 851/659/301
f 851/659/301 863/671/313 864/672/314 852/660/302
f 852/660/302 864/672/314 865/673/315 853/661/303
f 853/661/303 865/673/315 866/674/316 854/662/304
f 854/662/304 866/674/316 855/663/305 843/651/293
f 855/663/305 867/675/317 868/676/318 856/664/306
f 856/664/306 868/676/318 869/677/319 857/665/307
f 857/665/307 869/677/319 870/678/320 858/666/308
f 858/666/308 870/678/320 871/679/321 859/667/309
f 859/667/309 871/679/321 872/680/322 860/668/310
f 860/668/310 872/680/322 873/681/323 861/669/311
f 861/669/311 873/681/323 874/682/324 862/670/312
f 862/670/312 874/682/324 875/683/325 863/671/313
f 863/671/313 875/683/325 876/684/326 864/672/314
f 864/672/314 876/684/326 877/685/327 865/673/315
f 865/673/315 877/685/327 878/686/328 866/674/316
f 866/674/316 878/686/328 867/675/317 855/663/305
f 867/675/317 879/687/329 880/688/330 868/676/318
f 868/676/318 880/688/330 881/689/331 869/677/319
f 869/677/319 881/689/331 882/690/332 870/678/320
f 870/678/320 882/690/332 883/691/333 871/679/321
f 871/679/321 883/691/333 884/692/334 872/680/322
f 872/680/322 884/692/334 885/693/335 873/681/323
f 873/681/323 885/693/335 886/694/336 874/682/324
f 874/682/324 886/694/336 887/695/337 875/683/325
f 875/683/325 887/695/337 888/696/338 876/684/326
f 876/684/326 888/696/338 889/697/339 877/685/327
f 877/685/327 889/697/339 890/698/340 878/686/328
f 878/686/328 890/698/340 879/687/329 867/675/317
f 879/687/329 891/699/341 892/700/342 880/688/330
f 880/688/330 892/700/342 893/701/343 881/689/331
f 881/689/331 893/701/343 894/702/344 882/690/332
f 882/690/332 894/702/344 895/703/345 883/691/333
f 883/691/333 895/703/345 896/704/346 884/692/334
f 884/692/334 896/704/346 897/705/347 885/693/335
f 885/693/335 897/705/347 898/706/348 886/694/336
f 886/694/336 898/706/348 899/707/349 887/695/337
f 887/695/337 899/707/349 900/708/350 888/696/338
f 888/696/338 900/708/350 901/709/351 889/697/339
f 889/697/339 901/709/351 902/710/352 890/698/340
f 890/698/340 902/710/352 891/699/341 879/687/329
f 891/699/341 903/711/353 904/712/354 892/700/342
f 892/700/342 904/712/354 905/713/355 893/701/343
f 893/701/343 905/713/355 906/714/356 894/702/344
f 894/702/344 906/714/356 907/715/357 895/703/345
f 895/703/345 907/715/357 908/716/358 896/704/346
f 896/704/346 908/716/358 909/717/359 897/705/347
f 897/705/347 909/717/359 910/718/360 898/706/348
f 898/706/348 910/718/360 911/719/361 899/707/349
f 899/707/349 911/719/361 912/720/362 900/708/350
f 900/708/350 912/720/362 913/721/363 901/709/351
f 901/709/351 913/721/363 914/722/364 902/710/352
f 902/710/352 914/722/364 903/711/353 891/699/341
f 903/711/353 938/723/365 937/724/366 904/712/354
f 904/712/354 937/724/366 933/725/367 905/713/355
f 905/713/355 933/725/367 931/726/368 906/714/356
f 906/714/356 931/726/368 930/725/369 907/715/357
f 907/715/357 930/725/369 929/724/370 908/716/358
f 908/716/358 929/724/370 928/723/371 909/717/359
f 909/717/359 928/723/371 927/727/372 910/718/360
f 910/718/360 927/727/372 936/728/373 911/719/361
f 911/719/361 936/728/373 935/729/374 912/720/362
f 912/720/362 935/729/374 932/728/375 913/721/363
f 913/721/363 932/728/375 934/727/376 914/722/364
f 914/722/364 934/727/376 938/723/365 903/711/353
f 935/729/374 936/728/373 917/730/244 918/731/4
f 934/727/376 932/728/375 921/730/247 919/732/246
f 930/725/369 931/726/368 922/733/5 923/734/241
f 928/723/371 929/724/370 924/735/248 925/736/3
f 933/725/367 937/724/366 916/735/243 920/734/242
f 936/728/373 927/727/372 926/732/245 917/730/244
f 937/724/366 938/723/365 915/736/41 916/735/243
f 931/726/368 933/725/367 920/734/242 922/733/5
f 938/723/365 934/727/376 919/732/246 915/736/41
f 929/724/370 930/725/369 923/734/241 924/735/248
f 927/727/372 928/723/371 925/736/3 926/732/245
f 932/728/375 935/729/374 918/731/4 921/730/247
f 829/648/290 830/650/292 950/650/251 949/648/253
f 824/638/280 825/640/282 945/640/7 944/638/249
f 819/627/269 820/630/272 940/630/256 939/627/2
f 823/636/278 824/638/280 944/638/249 943/636/250
f 827/644/286 828/646/288 948/646/4 947/644/255
f 820/630/272 821/632/274 941/632/254 940/630/256
f 822/634/276 823/636/278 943/636/250 942/634/5
f 830/650/292 819/627/269 939/627/2 950/650/251
f 828/646/288 829/648/290 949/648/253 948/646/4
f 825/640/282 826/642/284 946/642/252 945/640/7
f 821/632/274 822/634/276 942/634/5 941/632/254
f 826/642/284 827/644/286 947/644/255 946/642/252
f 947/644/265 948/646/377 960/737/377 959/738/265
f 944/638/261 945/640/262 957/739/262 956/740/261
f 950/650/259 939/627/260 951/741/260 962/742/259
f 945/640/262 946/642/264 958/743/264 957/739/262
f 940/630/263 941/632/257 953/744/257 952/745/263
f 946/642/264 947/644/265 959/738/265 958/743/264
f 948/646/377 949/648/268 961/746/268 960/737/377
f 941/632/257 942/634/378 954/747/378 953/744/257
f 949/648/268 950/650/259 962/742/259 961/746/268
f 942/634/378 943/636/266 955/748/266 954/747/378
f 939/627/260 940/630/263 952/745/263 951/741/260
f 943/636/266 944/638/261 956/740/261 955/748/266
f 953/744/254 954/747/5 966/747/5 965/744/254
f 961/746/253 962/742/251 974/742/251 973/746/253
f 954/747/5 955/748/250 967/748/250 966/747/5
f 951/741/2 952/745/256 964/745/256 963/749/2
f 955/748/250 956/740/249 968/740/249 967/748/250
f 959/738/255 960/737/4 972/737/4 971/738/255
f 956/740/249 957/739/7 969/750/7 968/740/249
f 962/742/251 951/741/2 963/749/2 974/742/251
f 957/739/7 958/743/252 970/743/252 969/750/7
f 952/745/256 953/744/254 965/744/254 964/745/256
f 958/743/252 959/738/255 971/738/255 970/743/252
f 960/737/4 961/746/253 973/746/253 972/737/4
f 975/751/4 976/752/4 978/753/4 977/754/4
f 977/754/379 978/753/380 982/753/380 981/754/379
f 981/754/5 982/753/5 980/752/5 979/751/5
f 976/752/4 975/751/4 985/755/4 986/756/4
f 977/754/381 981/754/381 979/751/381 975/751/381
f 982/753/380 978/753/380 983/757/382 984/757/382
f 980/752/5 982/753/5 984/757/5
f 978/753/4 976/752/4 983/757/4
f 976/752/383 980/752/383 984/757/383 983/757/383
f 988/755/384 987/756/385 986/756/385 985/755/384
f 975/751/386 979/751/386 990/758/386 989/758/386
f 980/752/387 976/752/387 986/756/387 987/756/387
f 979/751/5 980/752/5 987/756/5 988/755/5
f 979/751/5 988/755/5 990/758/5
f 985/755/4 975/751/4 989/758/4
f 988/755/384 985/755/384 989/758/388 990/758/388
f 1183/759/8 1440/760/8 1439/761/9 1184/762/9
f 1184/762/9 1439/761/9 1441/763/10 1185/764/10
f 1185/764/10 1441/763/10 1442/765/11 1186/766/11
f 1186/766/11 1442/765/11 1443/767/12 1187/768/12
f 1187/768/12 1443/767/12 1444/769/13 1188/770/13
f 1188/770/13 1444/769/13 1445/771/14 1189/772/14
f 1189/772/14 1445/771/14 1446/773/15 1190/774/15
f 1190/774/15 1446/773/15 1447/775/16 1191/776/16
f 1191/776/16 1447/775/16 1448/773/17 1192/774/17
f 1192/774/17 1448/773/17 1449/771/18 1193/772/18
f 1193/772/18 1449/771/18 1450/769/19 1194/770/19
f 1194/770/19 1450/769/19 1451/767/20 1195/768/20
f 1195/768/20 1451/767/20 1452/765/21 1196/766/21
f 1196/766/21 1452/765/21 1453/763/22 1197/764/22
f 1197/764/22 1453/763/22 1454/761/23 1198/762/23
f 1198/762/23 1454/761/23 1455/760/24 1199/759/24
f 1199/759/24 1455/760/24 1456/777/25 1200/778/25
f 1200/778/25 1456/777/25 1457/779/26 1201/780/26
f 1201/780/26 1457/779/26 1458/781/27 1202/782/27
f 1202/782/27 1458/781/27 1459/783/28 1203/784/28
f 1203/784/28 1459/783/28 1460/785/29 1204/786/29
f 1204/786/29 1460/785/29 1461/787/30 1205/788/30
f 1205/788/30 1461/787/30 1462/789/31 1206/790/31
f 1206/790/31 1462/789/31 1463/791/32 1207/792/32
f 1207/792/32 1463/791/32 1464/789/33 1208/790/33
f 1208/790/33 1464/789/33 1465/787/34 1209/788/34
f 1209/788/34 1465/787/34 1466/785/35 1210/786/35
f 1210/786/35 1466/785/35 1467/783/36 1211/784/36
f 1211/784/36 1467/783/36 1468/781/37 1212/782/37
f 1212/782/37 1468/781/37 1469/779/38 1213/780/38
f 1040/793/2 1038/794/39 1494/795/39 1495/796/2
f 1213/780/38 1469/779/38 1470/777/40 1214/778/40
f 1214/778/40 1470/777/40 1440/760/8 1183/759/8
f 991/66/3 993/67/3 995/68/3 997/69/3 999/70/3 1001/71/3 1003/72/3 1005/73/3 1007/74/3 1009/75/3 1011/76/3 1013/77/3 1015/78/3 1017/79/3 1019/80/3 1021/81/3 1023/82/3 1025/81/3 1027/80/3 1029/83/3 1031/78/3 1033/77/3 1035/76/3 1037/75/3 1039/74/3 1041/73/3 1043/72/3 1045/71/3 1047/70/3 1049/69/3 1051/68/3 1053/67/3
f 1059/84/41 1060/85/41 1275/86/41 1276/87/41
f 1186/88/41 1187/89/41 1404/90/41 1405/91/41
f 1101/92/3 1100/93/3 1293/94/3 1294/95/3
f 1230/96/3 1229/97/3 1422/98/3 1423/99/3
f 1150/100/3 1149/101/3 1370/102/3 1372/103/3
f 1060/85/41 1061/104/41 1274/105/41 1275/86/41
f 1187/89/41 1188/106/41 1403/107/41 1404/90/41
f 1100/93/3 1099/108/3 1292/109/3 1293/94/3
f 1229/97/3 1228/110/3 1421/111/3 1422/98/3
f 1119/112/3 1150/100/3 1372/103/3 1373/113/3
f 1061/104/41 1062/114/41 1273/115/41 1274/105/41
f 1188/106/41 1189/116/41 1402/117/41 1403/107/41
f 1099/108/3 1098/118/3 1291/119/3 1292/109/3
f 1228/110/3 1227/120/3 1420/121/3 1421/111/3
f 1062/114/41 1063/122/41 1272/122/41 1273/115/41
f 1189/116/41 1190/123/41 1401/124/41 1402/117/41
f 1098/118/3 1097/125/3 1290/126/3 1291/119/3
f 1227/120/3 1226/127/3 1419/128/3 1420/121/3
f 1063/122/41 1064/129/41 1271/130/41 1272/122/41
f 1190/123/41 1191/131/41 1400/131/41 1401/124/41
f 1097/125/3 1096/132/3 1289/133/3 1290/126/3
f 1226/127/3 1225/134/3 1418/135/3 1419/128/3
f 1064/129/41 1065/136/41 1270/137/41 1271/130/41
f 1191/131/41 1192/138/41 1399/139/41 1400/131/41
f 1096/132/3 1095/140/3 1288/141/3 1289/133/3
f 1225/134/3 1224/142/3 1417/143/3 1418/135/3
f 1065/136/41 1066/144/41 1269/145/41 1270/137/41
f 1192/138/41 1193/146/41 1398/147/41 1399/139/41
f 1095/140/3 1094/148/3 1287/148/3 1288/141/3
f 1224/142/3 1223/149/3 1416/150/3 1417/143/3
f 1066/144/41 1067/151/41 1268/152/41 1269/145/41
f 1193/146/41 1194/153/41 1397/154/41 1398/147/41
f 1534/797/8 1118/798/8 1087/799/9 1503/800/9
f 1503/800/9 1087/799/9 1088/801/10 1504/802/10
f 1504/802/10 1088/801/10 1089/803/11 1505/804/11
f 1505/804/11 1089/803/11 1090/805/12 1506/806/12
f 1506/806/12 1090/805/12 1091/807/13 1507/808/13
f 1507/808/13 1091/807/13 1092/809/14 1508/810/14
f 1508/810/14 1092/809/14 1093/811/15 1509/812/15
f 1509/812/15 1093/811/15 1094/813/16 1510/814/16
f 1510/814/16 1094/813/16 1095/811/17 1511/812/17
f 1511/812/17 1095/811/17 1096/809/18 1512/810/18
f 1512/810/18 1096/809/18 1097/807/19 1513/808/19
f 1513/808/19 1097/807/19 1098/805/20 1514/806/20
f 1514/806/20 1098/805/20 1099/815/21 1515/804/21
f 1515/804/21 1099/815/21 1100/801/22 1516/802/22
f 1516/802/22 1100/801/22 1101/799/23 1517/800/23
f 1517/800/23 1101/799/23 1102/798/24 1518/797/24
f 1518/797/24 1102/798/24 1103/816/25 1519/817/25
f 1519/817/25 1103/816/25 1104/818/26 1520/819/26
f 1520/819/26 1104/818/26 1105/820/27 1521/821/27
f 1521/821/27 1105/820/27 1106/822/28 1522/823/28
f 1522/823/28 1106/822/28 1107/824/29 1523/825/29
f 1523/825/29 1107/824/29 1108/826/30 1524/827/30
f 1524/827/30 1108/826/30 1109/828/31 1525/829/31
f 1525/829/31 1109/828/31 1110/830/32 1526/831/32
f 1526/831/32 1110/830/32 1111/828/33 1527/829/33
f 1527/829/33 1111/828/33 1112/826/34 1528/827/34
f 1528/827/34 1112/826/34 1113/824/35 1529/825/35
f 1529/825/35 1113/824/35 1114/822/36 1530/823/36
f 1530/823/36 1114/822/36 1115/820/37 1531/821/37
f 1531/821/37 1115/820/37 1116/818/38 1532/819/38
f 1532/819/38 1116/818/38 1117/816/40 1533/817/40
f 1533/817/40 1117/816/40 1118/798/8 1534/797/8
f 1086/832/40 1150/833/40 1119/834/8 1055/835/8
f 1085/836/38 1149/837/38 1150/833/40 1086/832/40
f 1084/838/37 1148/839/37 1149/837/38 1085/836/38
f 1083/840/36 1147/841/36 1148/839/37 1084/838/37
f 1082/842/35 1146/843/35 1147/841/36 1083/840/36
f 1081/844/34 1145/845/34 1146/843/35 1082/842/35
f 1080/846/33 1144/847/33 1145/845/34 1081/844/34
f 1079/848/32 1143/849/32 1144/847/33 1080/846/33
f 1078/846/31 1142/847/31 1143/849/32 1079/848/32
f 1077/844/30 1141/845/30 1142/847/31 1078/846/31
f 1076/850/29 1140/843/29 1141/845/30 1077/844/30
f 1075/840/28 1139/841/28 1140/843/29 1076/850/29
f 1074/838/27 1138/839/27 1139/841/28 1075/840/28
f 1073/836/26 1137/837/26 1138/839/27 1074/838/27
f 1072/832/25 1136/833/25 1137/837/26 1073/836/26
f 1071/835/24 1135/834/24 1136/833/25 1072/832/25
f 1070/851/23 1134/852/23 1135/834/24 1071/835/24
f 1069/853/22 1133/854/22 1134/852/23 1070/851/23
f 1068/855/21 1132/856/21 1133/854/22 1069/853/22
f 1067/857/20 1131/858/20 1132/856/21 1068/855/21
f 1066/859/19 1130/860/19 1131/858/20 1067/857/20
f 1065/861/18 1129/862/18 1130/860/19 1066/859/19
f 1064/863/17 1128/864/17 1129/862/18 1065/861/18
f 1063/865/16 1127/866/16 1128/864/17 1064/863/17
f 1062/863/15 1126/864/15 1127/866/16 1063/865/16
f 1061/861/14 1125/862/14 1126/864/15 1062/863/15
f 1060/859/13 1124/860/13 1125/862/14 1061/861/14
f 1059/857/12 1123/858/12 1124/860/13 1060/859/13
f 1058/855/11 1122/856/11 1123/858/12 1059/857/12
f 1057/853/10 1121/854/10 1122/856/11 1058/855/11
f 1056/851/9 1120/852/9 1121/854/10 1057/853/10
f 1055/835/8 1119/834/8 1120/852/9 1056/851/9
f 1094/148/3 1093/225/3 1286/226/3 1287/148/3
f 1223/149/3 1222/227/3 1415/227/3 1416/150/3
f 1067/151/41 1068/228/41 1267/229/41 1268/152/41
f 1194/153/41 1195/230/41 1396/231/41 1397/154/41
f 1093/225/3 1092/232/3 1285/233/3 1286/226/3
f 1222/227/3 1221/234/3 1414/235/3 1415/227/3
f 1068/228/41 1069/236/41 1266/237/41 1267/229/41
f 1195/230/41 1196/238/41 1395/239/41 1396/231/41
f 1092/232/3 1091/240/3 1284/241/3 1285/233/3
f 1221/234/3 1220/242/3 1413/243/3 1414/235/3
f 1151/244/41 1152/245/41 1311/246/41 1374/247/41
f 1069/236/41 1070/248/41 1265/249/41 1266/237/41
f 1196/238/41 1197/250/41 1394/251/41 1395/239/41
f 1091/240/3 1090/252/3 1283/253/3 1284/241/3
f 1220/242/3 1219/254/3 1412/255/3 1413/243/3
f 1152/245/41 1153/256/41 1313/257/41 1311/246/41
f 1070/248/41 1071/258/41 1264/259/41 1265/249/41
f 1197/250/41 1198/260/41 1393/261/41 1394/251/41
f 1090/252/3 1089/262/3 1282/263/3 1283/253/3
f 1219/254/3 1218/264/3 1411/265/3 1412/255/3
f 1153/256/41 1154/266/41 1315/267/41 1313/257/41
f 1071/258/41 1072/248/41 1263/249/41 1264/259/41
f 1198/260/41 1199/268/41 1392/269/41 1393/261/41
f 1089/262/3 1088/270/3 1281/271/3 1282/263/3
f 1218/264/3 1217/272/3 1410/273/3 1411/265/3
f 1154/266/41 1155/274/41 1317/275/41 1315/267/41
f 1072/248/41 1073/236/41 1262/237/41 1263/249/41
f 1199/268/41 1200/260/41 1391/261/41 1392/269/41
f 1088/270/3 1087/276/3 1280/277/3 1281/271/3
f 1217/272/3 1216/278/3 1409/279/3 1410/273/3
f 1155/274/41 1156/280/41 1319/281/41 1317/275/41
f 1073/236/41 1074/228/41 1261/282/41 1262/237/41
f 1200/260/41 1201/250/41 1390/251/41 1391/261/41
f 1087/276/3 1118/283/3 1247/284/3 1280/277/3
f 1216/278/3 1215/285/3 1408/286/3 1409/279/3
f 1156/280/41 1157/287/41 1321/288/41 1319/281/41
f 1074/228/41 1075/151/41 1260/152/41 1261/282/41
f 1201/250/41 1202/238/41 1389/239/41 1390/251/41
f 1215/285/3 1246/289/3 1375/290/3 1408/286/3
f 1157/287/41 1158/291/41 1323/292/41 1321/288/41
f 1075/151/41 1076/144/41 1259/145/41 1260/152/41
f 1202/238/41 1203/230/41 1388/231/41 1389/239/41
f 1158/291/41 1159/293/41 1325/293/41 1323/292/41
f 1076/144/41 1077/136/41 1258/137/41 1259/145/41
f 1203/230/41 1204/153/41 1387/154/41 1388/231/41
f 1159/293/41 1160/294/41 1327/295/41 1325/293/41
f 1077/136/41 1078/129/41 1257/130/41 1258/137/41
f 1204/153/41 1205/146/41 1386/296/41 1387/154/41
f 1160/294/41 1161/297/41 1329/298/41 1327/295/41
f 1078/129/41 1079/122/41 1256/122/41 1257/130/41
f 1205/146/41 1206/138/41 1385/139/41 1386/296/41
f 1161/297/41 1162/299/41 1331/300/41 1329/298/41
f 1079/122/41 1080/114/41 1255/115/41 1256/122/41
f 1206/138/41 1207/131/41 1384/131/41 1385/139/41
f 1162/299/41 1163/301/41 1333/302/41 1331/300/41
f 1080/114/41 1081/104/41 1254/105/41 1255/115/41
f 1207/131/41 1208/123/41 1383/124/41 1384/131/41
f 1163/301/41 1164/303/41 1335/304/41 1333/302/41
f 1081/104/41 1082/85/41 1253/86/41 1254/105/41
f 1208/123/41 1209/116/41 1382/117/41 1383/124/41
f 1120/100/3 1119/112/3 1373/113/3 1312/103/3
f 1164/303/41 1165/305/41 1337/306/41 1335/304/41
f 1082/85/41 1083/84/41 1252/87/41 1253/86/41
f 1209/116/41 1210/106/41 1381/107/41 1382/117/41
f 1151/867/8 1246/868/8 1215/869/9 1152/870/9
f 1152/870/9 1215/869/9 1216/871/10 1153/872/10
f 1153/872/10 1216/871/10 1217/873/11 1154/874/11
f 1154/874/11 1217/873/11 1218/875/12 1155/876/12
f 1155/876/12 1218/875/12 1219/877/13 1156/878/13
f 1156/878/13 1219/877/13 1220/879/14 1157/880/14
f 1157/880/14 1220/879/14 1221/881/15 1158/882/15
f 1158/882/15 1221/881/15 1222/883/16 1159/884/16
f 1159/884/16 1222/883/16 1223/881/17 1160/882/17
f 1160/882/17 1223/881/17 1224/879/18 1161/880/18
f 1161/880/18 1224/879/18 1225/877/19 1162/878/19
f 1162/878/19 1225/877/19 1226/875/20 1163/876/20
f 1163/876/20 1226/875/20 1227/873/21 1164/874/21
f 1164/874/21 1227/873/21 1228/871/22 1165/872/22
f 1165/872/22 1228/871/22 1229/869/23 1166/870/23
f 1166/870/23 1229/869/23 1230/868/24 1167/867/24
f 1167/867/24 1230/868/24 1231/885/25 1168/886/25
f 1168/886/25 1231/885/25 1232/887/26 1169/888/26
f 1169/888/26 1232/887/26 1233/889/27 1170/890/27
f 1170/890/27 1233/889/27 1234/891/28 1171/892/28
f 1171/892/28 1234/891/28 1235/893/29 1172/894/29
f 1172/894/29 1235/893/29 1236/895/30 1173/896/30
f 1173/896/30 1236/895/30 1237/897/31 1174/898/31
f 1174/898/31 1237/897/31 1238/899/32 1175/900/32
f 1175/900/32 1238/899/32 1239/897/33 1176/898/33
f 1176/898/33 1239/897/33 1240/895/34 1177/896/34
f 1177/896/34 1240/895/34 1241/893/35 1178/901/35
f 1178/901/35 1241/893/35 1242/891/36 1179/892/36
f 1179/892/36 1242/891/36 1243/889/37 1180/890/37
f 1180/890/37 1243/889/37 1244/887/38 1181/888/38
f 1181/888/38 1244/887/38 1245/885/40 1182/886/40
f 1182/886/40 1245/885/40 1246/868/8 1151/867/8
f 1310/277/42 1249/342/42 1248/343/43 1247/284/43
f 1309/271/44 1250/344/44 1249/342/42 1310/277/42
f 1308/263/45 1251/345/45 1250/344/44 1309/271/44
f 1307/253/46 1252/87/46 1251/345/45 1308/263/45
f 1306/241/47 1253/86/47 1252/87/46 1307/253/46
f 1305/233/48 1254/105/48 1253/86/47 1306/241/47
f 1304/226/49 1255/115/49 1254/105/48 1305/233/48
f 1303/148/50 1256/122/50 1255/115/49 1304/226/49
f 1302/141/51 1257/130/51 1256/122/50 1303/148/50
f 1301/133/52 1258/137/52 1257/130/51 1302/141/51
f 1300/126/53 1259/145/53 1258/137/52 1301/133/52
f 1299/119/54 1260/152/54 1259/145/53 1300/126/53
f 1298/109/55 1261/282/55 1260/152/54 1299/119/54
f 1297/94/56 1262/237/56 1261/282/55 1298/109/55
f 1296/95/57 1263/249/57 1262/237/56 1297/94/56
f 1295/346/58 1264/259/58 1263/249/57 1296/95/57
f 1294/95/59 1265/249/59 1264/259/58 1295/346/58
f 1293/94/60 1266/237/60 1265/249/59 1294/95/59
f 1292/109/61 1267/229/61 1266/237/60 1293/94/60
f 1291/119/62 1268/152/62 1267/229/61 1292/109/61
f 1290/126/63 1269/145/63 1268/152/62 1291/119/62
f 1289/133/64 1270/137/64 1269/145/63 1290/126/63
f 1288/141/65 1271/130/65 1270/137/64 1289/133/64
f 1287/148/66 1272/122/66 1271/130/65 1288/141/65
f 1286/226/67 1273/115/67 1272/122/66 1287/148/66
f 1285/233/68 1274/105/68 1273/115/67 1286/226/67
f 1284/241/69 1275/86/69 1274/105/68 1285/233/68
f 1283/253/70 1276/87/70 1275/86/69 1284/241/69
f 1282/263/71 1277/345/71 1276/87/70 1283/253/70
f 1281/271/72 1278/344/72 1277/345/71 1282/263/71
f 1280/277/73 1279/342/73 1278/344/72 1281/271/72
f 1247/284/43 1248/343/43 1279/342/73 1280/277/73
f 1372/103/42 1371/246/42 1374/247/43 1373/113/43
f 1370/102/44 1369/257/44 1371/246/42 1372/103/42
f 1368/347/45 1367/267/45 1369/257/44 1370/102/44
f 1366/348/46 1365/275/46 1367/267/45 1368/347/45
f 1364/349/47 1363/281/47 1365/275/46 1366/348/46
f 1362/350/48 1361/288/48 1363/281/47 1364/349/47
f 1360/351/49 1359/292/49 1361/288/48 1362/350/48
f 1358/352/50 1357/293/50 1359/292/49 1360/351/49
f 1356/353/51 1355/295/51 1357/293/50 1358/352/50
f 1354/354/52 1353/298/52 1355/295/51 1356/353/51
f 1352/355/53 1351/300/53 1353/298/52 1354/354/52
f 1350/356/54 1349/302/54 1351/300/53 1352/355/53
f 1348/357/55 1347/304/55 1349/302/54 1350/356/54
f 1346/358/56 1345/306/56 1347/304/55 1348/357/55
f 1344/359/57 1343/360/57 1345/306/56 1346/358/56
f 1342/361/58 1341/362/58 1343/360/57 1344/359/57
f 1340/359/59 1339/360/59 1341/362/58 1342/361/58
f 1338/358/60 1337/306/60 1339/360/59 1340/359/59
f 1336/357/61 1335/304/61 1337/306/60 1338/358/60
f 1334/356/62 1333/302/62 1335/304/61 1336/357/61
f 1332/355/63 1331/300/63 1333/302/62 1334/356/62
f 1330/354/64 1329/298/64 1331/300/63 1332/355/63
f 1328/353/65 1327/295/65 1329/298/64 1330/354/64
f 1326/352/66 1325/293/66 1327/295/65 1328/353/65
f 1324/351/67 1323/292/67 1325/293/66 1326/352/66
f 1322/363/68 1321/288/68 1323/292/67 1324/351/67
f 1320/349/69 1319/281/69 1321/288/68 1322/363/68
f 1318/348/70 1317/275/70 1319/281/69 1320/349/69
f 1316/347/71 1315/267/71 1317/275/70 1318/348/70
f 1314/102/72 1313/257/72 1315/267/71 1316/347/71
f 1312/103/73 1311/246/73 1313/257/72 1314/102/72
f 1373/113/43 1374/247/43 1311/246/73 1312/103/73
f 1438/286/42 1377/364/42 1376/365/43 1375/290/43
f 1437/279/44 1378/366/44 1377/364/42 1438/286/42
f 1436/273/45 1379/91/45 1378/366/44 1437/279/44
f 1435/265/46 1380/90/46 1379/91/45 1436/273/45
f 1434/255/47 1381/107/47 1380/90/46 1435/265/46
f 1433/243/48 1382/117/48 1381/107/47 1434/255/47
f 1432/235/49 1383/124/49 1382/117/48 1433/243/48
f 1431/227/50 1384/131/50 1383/124/49 1432/235/49
f 1430/150/51 1385/139/51 1384/131/50 1431/227/50
f 1429/143/52 1386/296/52 1385/139/51 1430/150/51
f 1428/135/53 1387/154/53 1386/296/52 1429/143/52
f 1427/128/54 1388/231/54 1387/154/53 1428/135/53
f 1426/121/55 1389/239/55 1388/231/54 1427/128/54
f 1425/111/56 1390/251/56 1389/239/55 1426/121/55
f 1424/98/57 1391/261/57 1390/251/56 1425/111/56
f 1423/99/58 1392/269/58 1391/261/57 1424/98/57
f 1422/98/59 1393/261/59 1392/269/58 1423/99/58
f 1421/111/60 1394/251/60 1393/261/59 1422/98/59
f 1420/121/61 1395/239/61 1394/251/60 1421/111/60
f 1419/128/62 1396/231/62 1395/239/61 1420/121/61
f 1418/135/63 1397/154/63 1396/231/62 1419/128/62
f 1417/143/64 1398/147/64 1397/154/63 1418/135/63
f 1416/150/65 1399/139/65 1398/147/64 1417/143/64
f 1415/227/66 1400/131/66 1399/139/65 1416/150/65
f 1414/235/67 1401/124/67 1400/131/66 1415/227/66
f 1413/243/68 1402/117/68 1401/124/67 1414/235/67
f 1412/255/69 1403/107/69 1402/117/68 1413/243/68
f 1411/265/70 1404/90/70 1403/107/69 1412/255/69
f 1410/273/71 1405/91/71 1404/90/70 1411/265/70
f 1409/279/72 1406/366/72 1405/91/71 1410/273/71
f 1408/286/73 1407/364/73 1406/366/72 1409/279/72
f 1375/290/43 1376/365/43 1407/364/73 1408/286/73
f 1149/101/3 1148/367/3 1368/347/3 1370/102/3
f 1231/97/3 1230/96/3 1423/99/3 1424/98/3
f 1102/368/3 1101/92/3 1294/95/3 1295/346/3
f 1185/369/41 1186/88/41 1405/91/41 1406/366/41
f 1058/370/41 1059/84/41 1276/87/41 1277/345/41
f 1148/367/3 1147/371/3 1366/348/3 1368/347/3
f 1232/110/3 1231/97/3 1424/98/3 1425/111/3
f 1103/92/3 1102/368/3 1295/346/3 1296/95/3
f 1184/372/41 1185/369/41 1406/366/41 1407/364/41
f 1057/373/41 1058/370/41 1277/345/41 1278/344/41
f 1147/371/3 1146/374/3 1364/349/3 1366/348/3
f 1233/120/3 1232/110/3 1425/111/3 1426/121/3
f 1104/93/3 1103/92/3 1296/95/3 1297/94/3
f 1183/375/41 1184/372/41 1407/364/41 1376/365/41
f 1056/376/41 1057/373/41 1278/344/41 1279/342/41
f 1146/374/3 1145/377/3 1362/350/3 1364/349/3
f 1234/127/3 1233/120/3 1426/121/3 1427/128/3
f 1105/108/3 1104/93/3 1297/94/3 1298/109/3
f 1055/378/41 1056/376/41 1279/342/41 1248/343/41
f 1145/377/3 1144/379/3 1360/351/3 1362/350/3
f 1235/134/3 1234/127/3 1427/128/3 1428/135/3
f 1106/118/3 1105/108/3 1298/109/3 1299/119/3
f 1144/379/3 1143/352/3 1358/352/3 1360/351/3
f 1236/142/3 1235/134/3 1428/135/3 1429/143/3
f 1107/125/3 1106/118/3 1299/119/3 1300/126/3
f 1143/352/3 1142/380/3 1356/353/3 1358/352/3
f 1237/149/3 1236/142/3 1429/143/3 1430/150/3
f 1108/132/3 1107/125/3 1300/126/3 1301/133/3
f 1142/380/3 1141/381/3 1354/354/3 1356/353/3
f 1238/227/3 1237/149/3 1430/150/3 1431/227/3
f 1109/382/3 1108/132/3 1301/133/3 1302/141/3
f 1141/381/3 1140/383/3 1352/355/3 1354/354/3
f 1239/234/3 1238/227/3 1431/227/3 1432/235/3
f 1110/148/3 1109/382/3 1302/141/3 1303/148/3
f 1140/383/3 1139/384/3 1350/356/3 1352/355/3
f 1240/242/3 1239/234/3 1432/235/3 1433/243/3
f 1111/385/3 1110/148/3 1303/148/3 1304/226/3
f 1139/384/3 1138/386/3 1348/357/3 1350/356/3
f 1241/254/3 1240/242/3 1433/243/3 1434/255/3
f 1112/232/3 1111/385/3 1304/226/3 1305/233/3
f 1182/245/41 1151/244/41 1374/247/41 1371/246/41
f 1138/386/3 1137/387/3 1346/358/3 1348/357/3
f 1242/264/3 1241/254/3 1434/255/3 1435/265/3
f 1113/240/3 1112/232/3 1305/233/3 1306/241/3
f 1181/256/41 1182/245/41 1371/246/41 1369/257/41
f 1137/387/3 1136/388/3 1344/359/3 1346/358/3
f 1243/272/3 1242/264/3 1435/265/3 1436/273/3
f 1114/252/3 1113/240/3 1306/241/3 1307/253/3
f 1180/266/41 1181/256/41 1369/257/41 1367/267/41
f 1136/388/3 1135/389/3 1342/361/3 1344/359/3
f 1244/278/3 1243/272/3 1436/273/3 1437/279/3
f 1115/262/3 1114/252/3 1307/253/3 1308/263/3
f 1179/274/41 1180/266/41 1367/267/41 1365/275/41
f 1135/389/3 1134/388/3 1340/359/3 1342/361/3
f 1245/285/3 1244/278/3 1437/279/3 1438/286/3
f 1116/390/3 1115/262/3 1308/263/3 1309/271/3
f 1178/280/41 1179/274/41 1365/275/41 1363/281/41
f 1134/388/3 1133/387/3 1338/358/3 1340/359/3
f 1246/289/3 1245/285/3 1438/286/3 1375/290/3
f 1117/276/3 1116/390/3 1309/271/3 1310/277/3
f 1177/287/41 1178/280/41 1363/281/41 1361/288/41
f 1133/387/3 1132/386/3 1336/357/3 1338/358/3
f 1118/283/3 1117/276/3 1310/277/3 1247/284/3
f 1176/291/41 1177/287/41 1361/288/41 1359/292/41
f 1132/386/3 1131/384/3 1334/356/3 1336/357/3
f 1175/293/41 1176/291/41 1359/292/41 1357/293/41
f 1131/384/3 1130/383/3 1332/355/3 1334/356/3
f 1174/294/41 1175/293/41 1357/293/41 1355/295/41
f 1130/383/3 1129/381/3 1330/354/3 1332/355/3
f 1173/297/41 1174/294/41 1355/295/41 1353/298/41
f 1129/381/3 1128/380/3 1328/353/3 1330/354/3
f 1172/299/41 1173/297/41 1353/298/41 1351/300/41
f 1128/380/3 1127/352/3 1326/352/3 1328/353/3
f 1171/301/41 1172/299/41 1351/300/41 1349/302/41
f 1127/352/3 1126/379/3 1324/351/3 1326/352/3
f 1170/303/41 1171/301/41 1349/302/41 1347/304/41
f 1126/379/3 1125/377/3 1322/363/3 1324/351/3
f 1214/372/41 1183/375/41 1376/365/41 1377/364/41
f 1169/305/41 1170/303/41 1347/304/41 1345/306/41
f 1125/377/3 1124/374/3 1320/349/3 1322/363/3
f 1213/369/41 1214/372/41 1377/364/41 1378/366/41
f 1086/376/41 1055/378/41 1248/343/41 1249/342/41
f 1168/391/41 1169/305/41 1345/306/41 1343/360/41
f 1124/374/3 1123/371/3 1318/348/3 1320/349/3
f 1212/88/41 1213/369/41 1378/366/41 1379/91/41
f 1085/373/41 1086/376/41 1249/342/41 1250/344/41
f 1167/392/41 1168/391/41 1343/360/41 1341/362/41
f 1123/371/3 1122/367/3 1316/347/3 1318/348/3
f 1211/89/41 1212/88/41 1379/91/41 1380/90/41
f 1084/370/41 1085/373/41 1250/344/41 1251/345/41
f 1166/391/41 1167/392/41 1341/362/41 1339/360/41
f 1122/367/3 1121/101/3 1314/102/3 1316/347/3
f 1210/106/41 1211/89/41 1380/90/41 1381/107/41
f 1083/84/41 1084/370/41 1251/345/41 1252/87/41
f 1165/305/41 1166/391/41 1339/360/41 1337/306/41
f 1121/101/3 1120/100/3 1312/103/3 1314/102/3
f 992/760/41 994/902/41 1439/761/41 1440/760/41
f 994/902/41 996/903/41 1441/763/41 1439/761/41
f 996/903/41 998/904/41 1442/765/41 1441/763/41
f 998/904/41 1000/905/41 1443/767/41 1442/765/41
f 1000/905/41 1002/906/41 1444/769/41 1443/767/41
f 1002/906/41 1004/907/41 1445/771/41 1444/769/41
f 1004/907/41 1006/908/41 1446/773/41 1445/771/41
f 1006/908/41 1008/909/41 1447/775/41 1446/773/41
f 1008/909/41 1010/908/41 1448/773/41 1447/775/41
f 1010/908/41 1012/907/41 1449/771/41 1448/773/41
f 1012/907/41 1014/906/41 1450/769/41 1449/771/41
f 1014/906/41 1016/905/41 1451/767/41 1450/769/41
f 1016/905/41 1018/904/41 1452/765/41 1451/767/41
f 1018/904/41 1020/903/41 1453/763/41 1452/765/41
f 1020/903/41 1022/902/41 1454/761/41 1453/763/41
f 1022/902/41 1024/760/41 1455/760/41 1454/761/41
f 1024/760/41 1026/910/41 1456/777/41 1455/760/41
f 1026/910/41 1028/911/41 1457/779/41 1456/777/41
f 1028/911/41 1030/912/41 1458/781/41 1457/779/41
f 1030/912/41 1032/913/41 1459/783/41 1458/781/41
f 1032/913/41 1034/914/41 1460/785/41 1459/783/41
f 1034/914/41 1036/915/41 1461/787/41 1460/785/41
f 1036/915/41 1038/794/41 1462/789/41 1461/787/41
f 1038/794/41 1040/793/41 1463/791/41 1462/789/41
f 1040/793/41 1042/794/41 1464/789/41 1463/791/41
f 1042/794/41 1044/915/41 1465/787/41 1464/789/41
f 1044/915/41 1046/914/41 1466/785/41 1465/787/41
f 1046/914/41 1048/913/41 1467/783/41 1466/785/41
f 1048/913/41 1050/912/41 1468/781/41 1467/783/41
f 1050/912/41 1052/911/41 1469/779/41 1468/781/41
f 1052/911/41 1054/910/41 1470/777/41 1469/779/41
f 1054/910/41 992/760/41 1440/760/41 1470/777/41
f 1471/916/41 1472/917/41 1502/918/41 1501/919/41 1500/920/41 1499/921/41 1498/922/41 1497/923/41 1496/924/41 1495/925/41 1494/926/41 1493/927/41 1492/928/41 1491/929/41 1490/930/41 1489/931/41 1488/932/41 1487/933/41 1486/934/41 1485/935/41 1484/936/41 1483/937/41 1482/938/41 1481/939/41 1480/940/41 1479/941/41 1478/942/41 1477/943/41 1476/944/41 1475/945/41 1474/946/41 1473/947/41
f 1014/906/74 1012/907/75 1481/948/75 1482/949/74
f 1042/794/76 1040/793/2 1495/796/2 1496/795/76
f 1016/905/77 1014/906/74 1482/949/74 1483/950/77
f 1044/915/78 1042/794/76 1496/795/76 1497/951/78
f 1018/904/79 1016/905/77 1483/950/77 1484/952/79
f 1046/914/80 1044/915/78 1497/951/78 1498/953/80
f 1020/903/81 1018/904/79 1484/952/79 1485/954/81
f 994/902/82 992/760/5 1472/955/5 1471/956/82
f 1048/913/83 1046/914/80 1498/953/80 1499/957/83
f 1022/902/84 1020/903/81 1485/954/81 1486/956/84
f 996/903/85 994/902/82 1471/956/82 1473/954/85
f 1050/912/86 1048/913/83 1499/957/83 1500/958/86
f 1024/760/4 1022/902/84 1486/956/84 1487/955/4
f 998/904/87 996/903/85 1473/954/85 1474/952/87
f 1052/911/88 1050/912/86 1500/958/86 1501/959/88
f 1026/910/89 1024/760/4 1487/955/4 1488/960/89
f 1000/905/90 998/904/87 1474/952/87 1475/950/90
f 1054/910/91 1052/911/88 1501/959/88 1502/960/91
f 1028/911/92 1026/910/89 1488/960/89 1489/959/92
f 1002/906/93 1000/905/90 1475/950/90 1476/949/93
f 992/760/5 1054/910/91 1502/960/91 1472/955/5
f 1030/912/94 1028/911/92 1489/959/92 1490/958/94
f 1004/907/95 1002/906/93 1476/949/93 1477/948/95
f 1032/913/96 1030/912/94 1490/958/94 1491/957/96
f 1006/908/97 1004/907/95 1477/948/95 1478/961/97
f 1034/914/98 1032/913/96 1491/957/96 1492/953/98
f 1008/909/7 1006/908/97 1478/961/97 1479/962/7
f 1036/915/99 1034/914/98 1492/953/98 1493/951/99
f 1010/908/100 1008/909/7 1479/962/7 1480/961/100
f 1038/794/39 1036/915/99 1493/951/99 1494/795/39
f 1012/907/75 1010/908/100 1480/961/100 1481/948/75
f 1531/454/41 1532/455/41 1595/456/41 1593/457/41
f 995/68/3 993/67/3 1536/458/3 1538/459/3
f 1505/454/41 1506/460/41 1543/461/41 1541/457/41
f 1047/70/3 1045/71/3 1588/462/3 1590/463/3
f 1532/455/41 1533/464/41 1597/465/41 1595/456/41
f 1506/460/41 1507/466/41 1545/467/41 1543/461/41
f 1029/83/3 1027/80/3 1570/468/3 1572/469/3
f 1533/464/41 1534/470/41 1598/471/41 1597/465/41
f 1507/466/41 1508/472/41 1547/473/41 1545/467/41
f 1011/76/3 1009/75/3 1552/474/3 1554/475/3
f 1508/472/41 1509/476/41 1549/477/41 1547/473/41
f 1045/71/3 1043/72/3 1586/478/3 1588/462/3
f 993/67/3 991/66/3 1535/479/3 1536/458/3
f 1509/476/41 1510/480/41 1551/480/41 1549/477/41
f 1027/80/3 1025/81/3 1568/481/3 1570/468/3
f 1510/480/41 1511/482/41 1553/483/41 1551/480/41
f 1009/75/3 1007/74/3 1550/74/3 1552/474/3
f 1511/482/41 1512/484/41 1555/485/41 1553/483/41
f 1043/72/3 1041/73/3 1584/486/3 1586/478/3
f 1512/484/41 1513/487/41 1557/488/41 1555/485/41
f 1025/81/3 1023/82/3 1566/489/3 1568/481/3
f 1513/487/41 1514/490/41 1559/491/41 1557/488/41
f 1007/74/3 1005/73/3 1548/486/3 1550/74/3
f 1514/490/41 1515/492/41 1561/493/41 1559/491/41
f 1041/73/3 1039/74/3 1582/74/3 1584/486/3
f 1515/492/41 1516/494/41 1563/495/41 1561/493/41
f 1023/82/3 1021/81/3 1564/481/3 1566/489/3
f 1516/494/41 1517/496/41 1565/497/41 1563/495/41
f 1005/73/3 1003/72/3 1546/478/3 1548/486/3
f 1517/496/41 1518/498/41 1567/499/41 1565/497/41
f 1039/74/3 1037/75/3 1580/474/3 1582/74/3
f 1518/498/41 1519/496/41 1569/497/41 1567/499/41
f 1596/458/101 1597/465/101 1598/471/102 1535/479/102
f 1594/459/103 1595/456/103 1597/465/101 1596/458/101
f 1592/500/104 1593/457/104 1595/456/103 1594/459/103
f 1590/463/105 1591/461/105 1593/457/104 1592/500/104
f 1588/462/106 1589/467/106 1591/461/105 1590/463/105
f 1586/478/107 1587/473/107 1589/467/106 1588/462/106
f 1584/486/108 1585/477/108 1587/473/107 1586/478/107
f 1582/74/109 1583/480/109 1585/477/108 1584/486/108
f 1580/474/110 1581/483/110 1583/480/109 1582/74/109
f 1578/475/111 1579/485/111 1581/483/110 1580/474/110
f 1576/501/112 1577/488/112 1579/485/111 1578/475/111
f 1574/502/113 1575/491/113 1577/488/112 1576/501/112
f 1572/469/114 1573/493/114 1575/491/113 1574/502/113
f 1570/468/115 1571/495/115 1573/493/114 1572/469/114
f 1568/481/116 1569/497/116 1571/495/115 1570/468/115
f 1566/489/117 1567/499/117 1569/497/116 1568/481/116
f 1564/481/118 1565/497/118 1567/499/117 1566/489/117
f 1562/468/119 1563/495/119 1565/497/118 1564/481/118
f 1560/469/120 1561/493/120 1563/495/119 1562/468/119
f 1558/502/121 1559/491/121 1561/493/120 1560/469/120
f 1556/501/122 1557/488/122 1559/491/121 1558/502/121
f 1554/475/123 1555/485/123 1557/488/122 1556/501/122
f 1552/474/124 1553/483/124 1555/485/123 1554/475/123
f 1550/74/125 1551/480/125 1553/483/124 1552/474/124
f 1548/486/126 1549/477/126 1551/480/125 1550/74/125
f 1546/478/127 1547/473/127 1549/477/126 1548/486/126
f 1544/462/128 1545/467/128 1547/473/127 1546/478/127
f 1542/463/129 1543/461/129 1545/467/128 1544/462/128
f 1540/500/130 1541/457/130 1543/461/129 1542/463/129
f 1538/459/131 1539/456/131 1541/457/130 1540/500/130
f 1536/458/132 1537/465/132 1539/456/131 1538/459/131
f 1535/479/102 1598/471/102 1537/465/132 1536/458/132
f 1013/77/3 1011/76/3 1554/475/3 1556/501/3
f 1504/455/41 1505/454/41 1541/457/41 1539/456/41
f 1530/460/41 1531/454/41 1593/457/41 1591/461/41
f 1031/78/3 1029/83/3 1572/469/3 1574/502/3
f 1503/464/41 1504/455/41 1539/456/41 1537/465/41
f 1529/466/41 1530/460/41 1591/461/41 1589/467/41
f 1049/69/3 1047/70/3 1590/463/3 1592/500/3
f 1534/470/41 1503/464/41 1537/465/41 1598/471/41
f 997/69/3 995/68/3 1538/459/3 1540/500/3
f 1528/472/41 1529/466/41 1589/467/41 1587/473/41
f 1015/78/3 1013/77/3 1556/501/3 1558/502/3
f 1527/476/41 1528/472/41 1587/473/41 1585/477/41
f 1033/77/3 1031/78/3 1574/502/3 1576/501/3
f 1526/480/41 1527/476/41 1585/477/41 1583/480/41
f 1051/68/3 1049/69/3 1592/500/3 1594/459/3
f 999/70/3 997/69/3 1540/500/3 1542/463/3
f 1525/482/41 1526/480/41 1583/480/41 1581/483/41
f 1017/79/3 1015/78/3 1558/502/3 1560/469/3
f 1524/484/41 1525/482/41 1581/483/41 1579/485/41
f 1035/76/3 1033/77/3 1576/501/3 1578/475/3
f 1523/487/41 1524/484/41 1579/485/41 1577/488/41
f 1053/67/3 1051/68/3 1594/459/3 1596/458/3
f 1001/71/3 999/70/3 1542/463/3 1544/462/3
f 1522/490/41 1523/487/41 1577/488/41 1575/491/41
f 1019/80/3 1017/79/3 1560/469/3 1562/468/3
f 1521/492/41 1522/490/41 1575/491/41 1573/493/41
f 1037/75/3 1035/76/3 1578/475/3 1580/474/3
f 1520/494/41 1521/492/41 1573/493/41 1571/495/41
f 991/66/3 1053/67/3 1596/458/3 1535/479/3
f 1003/72/3 1001/71/3 1544/462/3 1546/478/3
f 1519/496/41 1520/494/41 1571/495/41 1569/497/41
f 1021/81/3 1019/80/3 1562/468/3 1564/481/3
f 1607/963/7 1619/964/7 1620/965/7 1608/963/7
f 1608/963/4 1620/965/4 1621/966/4 1609/967/4
f 1609/967/2 1621/966/2 1622/968/2 1610/967/2
f 1610/967/5 1622/968/5 1619/964/5 1607/963/5
f 1601/969/3 1605/970/3 1603/971/3 1599/972/3
f 1604/973/7 1606/974/7 1625/975/7 1626/975/7
f 1610/971/41 1607/972/41 1618/976/41 1617/977/41
f 1603/971/3 1605/970/3 1614/978/3 1616/977/3
f 1608/969/41 1609/970/41 1615/978/41 1613/979/41
f 1601/969/3 1599/972/3 1612/976/3 1611/979/3
f 1616/977/5 1617/977/5 1618/976/5 1612/976/5
f 1614/978/2 1615/978/2 1617/977/2 1616/977/2
f 1611/979/4 1613/979/4 1615/978/4 1614/978/4
f 1612/976/7 1618/976/7 1613/979/7 1611/979/7
f 1599/972/3 1603/971/3 1616/977/3 1612/976/3
f 1607/972/41 1608/969/41 1613/979/41 1618/976/41
f 1609/970/41 1610/971/41 1617/977/41 1615/978/41
f 1605/970/3 1601/969/3 1611/979/3 1614/978/3
f 1600/980/41 1602/981/41 1620/965/41 1619/964/41
f 1602/981/41 1606/974/41 1621/966/41 1620/965/41
f 1606/974/41 1604/973/41 1622/968/41 1621/966/41
f 1604/973/41 1600/980/41 1619/964/41 1622/968/41
f 1625/982/41 1624/983/41 1623/984/41 1626/985/41
f 1602/981/2 1600/980/2 1623/986/2 1624/986/2
f 1600/980/4 1604/973/4 1626/975/4 1623/986/4
f 1606/974/5 1602/981/5 1624/986/5 1625/975/5
