# Blender 4.4.0
# www.blender.org
mtllib biomass.mtl
o biomass
v -0.215591 0.007794 7.080969
v -0.215591 -0.313237 6.866463
v -0.215591 -0.527743 6.545432
v -0.215591 -0.603068 6.166749
v 0.588806 -0.417920 0.008752
v 0.921997 0.386476 0.008752
v -0.483360 0.118707 7.080969
v -0.710363 -0.108296 6.866463
v -0.862042 -0.259975 6.545432
v -0.915304 -0.313237 6.166749
v 0.588806 1.190873 0.008748
v -0.215591 1.524064 0.008752
v -1.019987 1.190873 0.008748
v -0.594273 0.386476 7.080969
v -0.915304 0.386476 6.866463
v -1.129810 0.386476 6.545432
v -1.205135 0.386476 6.166749
v -1.353179 0.386476 0.008752
v -1.019987 -0.417921 0.008752
v -0.215591 -0.751113 0.008752
v -0.483360 0.654245 7.080969
v -0.710363 0.881248 6.866463
v -0.862042 1.032926 6.545432
v -0.915304 1.086189 6.166749
v -0.215591 -0.751113 0.244184
v -1.019987 -0.417921 0.244184
v -1.353179 0.386476 0.244184
v -0.215591 0.765159 7.080969
v -0.215591 1.086189 6.866463
v -0.215591 1.300695 6.545432
v -0.215591 1.376020 6.166749
v -1.019987 1.190873 0.244184
v -0.215591 1.524064 0.244184
v 0.588806 1.190873 0.244184
v -0.215591 0.386476 7.156293
v 0.052178 0.654245 7.080969
v 0.279181 0.881248 6.866463
v 0.430860 1.032926 6.545432
v 0.484122 1.086189 6.166749
v 0.921997 0.386476 0.244184
v 0.588806 -0.417920 0.244184
v 0.484122 -0.313237 0.244184
v 0.163091 0.386476 7.080969
v 0.484122 0.386476 6.866463
v 0.698629 0.386476 6.545432
v 0.773953 0.386476 6.166749
v 0.773953 0.386476 0.244184
v 0.484122 1.086189 0.244184
v -0.215591 1.376020 0.244184
v -0.915304 1.086189 0.244184
v 0.052178 0.118707 7.080969
v 0.279181 -0.108296 6.866463
v 0.430860 -0.259974 6.545432
v 0.484122 -0.313237 6.166749
v -1.205135 0.386476 0.244184
v -0.915304 -0.313237 0.244184
v -0.215591 -0.603068 0.244184
v -1.471112 5.512360 0.015707
v -1.661772 5.294231 2.947117
v -1.471112 3.039385 0.015706
v -1.471112 3.039387 2.947116
v -4.259847 5.512363 0.015710
v -4.069185 5.294231 2.947117
v -4.259847 3.039385 0.015706
v -4.259847 3.039387 2.947116
v -4.259847 5.512361 0.329786
v -4.259847 3.039387 0.329785
v -1.471112 3.039387 0.329785
v -1.471112 5.512361 0.329786
v -1.471112 5.512361 2.947117
v -4.069185 3.257518 2.947116
v -1.661772 3.257518 2.947116
v -4.259847 5.512361 2.947117
v -1.661772 3.257517 2.709064
v -4.069185 3.257517 2.709064
v -1.661772 5.294231 2.709064
v -4.069185 5.294231 2.709064
v -1.189704 2.789841 0.015706
v -1.189704 5.761909 0.015710
v -1.189704 2.789841 0.329785
v -4.541255 2.789841 0.015706
v -4.541255 2.789841 0.329785
v -4.541255 5.761909 0.015710
v -4.541255 5.761907 0.329786
v -1.189704 5.761907 0.329786
v -2.633085 3.039385 0.015706
v -2.664861 3.257518 2.947116
v -2.633085 5.512360 0.015707
v -2.633085 5.512361 2.947117
v -2.633085 3.039387 2.947116
v -2.664861 5.294231 2.947117
v -2.664861 3.257517 2.709064
v -2.664861 5.294231 2.709064
v -2.633085 3.039387 0.329785
v -2.633085 5.512361 0.329786
v -2.586184 2.789841 0.015706
v -2.586183 5.761909 0.015710
v -2.586183 2.789841 0.329785
v -2.586184 5.761907 0.329786
v -1.783920 3.039385 0.015706
v -1.783920 5.512361 2.947117
v -1.931808 5.294231 2.947117
v -1.931808 5.294231 2.709064
v -1.783920 5.512361 0.329786
v -1.565642 2.789841 0.015706
v -1.565642 5.761907 0.329786
v -1.931808 3.257518 2.947116
v -1.783920 5.512360 0.015707
v -1.783920 3.039387 2.947116
v -1.931808 3.257517 2.709064
v -1.783920 3.039387 0.329785
v -1.565642 5.761909 0.015710
v -1.565642 2.789841 0.329785
v -2.324515 3.257518 2.947116
v -2.238829 5.512360 0.015707
v -2.238829 3.039387 2.947116
v -2.324515 3.257517 2.709064
v -2.238829 3.039387 0.329785
v -2.112360 5.761909 0.015710
v -2.112360 2.789841 0.329785
v -2.238829 3.039385 0.015706
v -2.238829 5.512361 2.947117
v -2.324515 5.294231 2.947117
v -2.324515 5.294231 2.709064
v -2.238829 5.512361 0.329786
v -2.112361 2.789841 0.015706
v -2.112361 5.761907 0.329786
v -2.126453 3.039385 0.015706
v -2.126453 5.512361 2.947117
v -2.227504 5.294231 2.947117
v -2.227504 5.294231 2.709064
v -2.126453 5.512361 0.329786
v -1.977304 2.789841 0.015706
v -1.977304 5.761907 0.329786
v -2.227504 3.257518 2.947116
v -2.126453 5.512360 0.015707
v -2.126453 3.039387 2.947116
v -2.227504 3.257517 2.709064
v -2.126453 3.039387 0.329785
v -1.977304 5.761909 0.015710
v -1.977304 2.789841 0.329785
v -1.471112 5.512361 2.535126
v -4.259847 5.512361 2.535126
v -4.259847 3.039387 2.535126
v -1.471112 3.039387 2.535126
v -2.633085 3.039387 2.535126
v -2.633085 5.512361 2.535126
v -1.783920 3.039387 2.535126
v -1.783920 5.512361 2.535126
v -2.238829 5.512361 2.535126
v -2.238829 3.039387 2.535126
v -2.126453 3.039387 2.535126
v -2.126453 5.512361 2.535126
v -4.259847 5.512361 1.175523
v -4.259847 3.039387 1.175523
v -1.471112 3.039387 1.175523
v -2.633085 3.039387 1.175523
v -2.633085 5.512361 1.175523
v -1.783920 3.039387 1.175523
v -1.783920 5.512361 1.175523
v -2.238829 5.512361 1.175523
v -2.238829 3.039387 1.175523
v -2.126453 3.039387 1.175523
v -2.126453 5.512361 1.175523
v -1.471112 5.512361 1.175523
v -6.096610 -1.402542 3.031512
v -6.096610 -1.926565 2.608067
v -6.096611 -2.350782 -0.008742
v -6.450628 -0.547868 3.314448
v -6.750750 -1.272426 3.031512
v -6.951284 -1.756560 2.608067
v -7.021703 -1.926565 2.108579
v -5.079596 -2.148486 -0.008742
v -4.217411 -1.572393 -0.008742
v -3.641318 -0.710209 -0.008742
v -6.750750 -0.347332 3.314448
v -7.305303 -0.901885 3.031512
v -7.675843 -1.272426 2.608067
v -7.805960 -1.402542 2.108580
v -3.439020 0.306806 -0.008742
v -3.641316 1.323821 -0.008747
v -4.217409 2.186005 -0.008742
v -6.951284 -0.047210 3.314448
v -7.675843 -0.347332 3.031512
v -8.159977 -0.547867 2.608067
v -8.329983 -0.618286 2.108580
v -5.079593 2.762099 -0.008742
v -6.096609 2.964396 -0.008742
v -7.113625 2.762099 -0.008742
v -7.021703 0.306808 3.314448
v -7.805960 0.306808 3.031512
v -8.329983 0.306808 2.608067
v -8.513994 0.306808 2.108580
v -7.975809 2.186006 -0.008742
v -8.551903 1.323824 -0.008747
v -8.754200 0.306808 -0.008742
v -6.951284 0.660825 3.314448
v -7.675843 0.960948 3.031512
v -8.159977 1.161483 2.608067
v -8.329983 1.231901 2.108580
v -8.551903 -0.710208 -0.008742
v -7.975810 -1.572392 -0.008742
v -7.113626 -2.148486 -0.008742
v -6.750750 0.960948 3.314448
v -7.305303 1.515501 3.031512
v -7.675842 1.886041 2.608067
v -7.805959 2.016157 2.108580
v -7.113626 -2.148486 0.172452
v -7.975810 -1.572392 0.172452
v -8.551903 -0.710208 0.172452
v -6.450627 1.161482 3.314448
v -6.750749 1.886041 3.031512
v -6.951284 2.370175 2.608067
v -7.021702 2.540181 2.108580
v -8.754200 0.306808 0.172451
v -8.551903 1.323824 0.172451
v -7.975809 2.186008 0.172452
v -6.096610 0.306808 3.413803
v -6.096610 1.231901 3.314448
v -6.096610 2.016157 3.031512
v -6.096609 2.540180 2.608067
v -6.096609 2.724193 2.108580
v -7.113625 2.762100 0.172452
v -6.096609 2.964397 0.172452
v -5.079593 2.762100 0.172452
v -5.742591 1.161482 3.314448
v -5.442470 1.886041 3.031512
v -5.241934 2.370174 2.608067
v -5.171515 2.540180 2.108580
v -4.217409 2.186007 0.172452
v -3.641316 1.323822 0.172451
v -3.439020 0.306806 0.172451
v -5.442470 0.960947 3.314448
v -4.887917 1.515500 3.031512
v -4.517376 1.886040 2.608067
v -4.387259 2.016156 2.108580
v -3.641318 -0.710209 0.172452
v -4.217411 -1.572393 0.172452
v -5.079596 -2.148486 0.172452
v -6.096611 -2.350782 0.172452
v -5.241935 0.660825 3.314448
v -4.517376 0.960947 3.031512
v -4.033242 1.161481 2.608067
v -3.863237 1.231900 2.108580
v -6.096611 -2.110577 0.172452
v -5.171518 -1.926565 0.172452
v -4.387261 -1.402543 0.172452
v -5.171516 0.306807 3.314448
v -4.387260 0.306807 3.031512
v -3.863237 0.306807 2.608067
v -3.679224 0.306807 2.108580
v -3.863238 -0.618287 0.172452
v -3.679224 0.306806 0.172451
v -3.863237 1.231900 0.172451
v -5.241935 -0.047211 3.314448
v -4.517377 -0.347333 3.031512
v -4.033243 -0.547868 2.608067
v -3.863238 -0.618287 2.108580
v -4.387259 2.016156 0.172452
v -5.171515 2.540180 0.172452
v -6.096609 2.724193 0.172452
v -5.442470 -0.347333 3.314448
v -4.887918 -0.901885 3.031512
v -4.517378 -1.272426 2.608067
v -4.387261 -1.402543 2.108580
v -7.021702 2.540181 0.172452
v -7.805959 2.016157 0.172452
v -8.329983 1.231901 0.172451
v -5.742592 -0.547868 3.314448
v -5.442471 -1.272425 3.031512
v -5.241936 -1.756560 2.608067
v -5.171518 -1.926565 2.108579
v -8.513994 0.306808 0.172451
v -8.329983 -0.618286 0.172452
v -7.805960 -1.402542 0.172452
v -6.096610 -0.618286 3.314448
v -6.096611 -2.110578 2.108579
v -7.021703 -1.926565 0.172452
v -3.431514 4.081341 2.660699
v -3.614432 4.203563 2.660699
v -3.736655 4.386482 2.660699
v -3.779573 4.602249 2.660699
v -3.736654 4.818016 2.660699
v -3.614432 5.000935 2.660699
v -3.431513 5.123157 2.660699
v -3.215746 5.166076 2.660699
v -2.999979 5.123157 2.660699
v -2.817060 5.000935 2.660699
v -2.694838 4.818016 2.660699
v -2.651920 4.602249 2.660699
v -2.694839 4.386481 2.660699
v -2.817061 4.203563 2.660699
v -2.999979 4.081341 2.660699
v -3.215747 4.038422 2.660699
v -3.215747 3.863692 2.660699
v -3.431514 4.081341 3.539645
v -2.933113 3.919910 2.660699
v -2.693508 4.080009 2.660699
v -2.533409 4.319615 2.660699
v -3.614432 4.203563 3.539645
v -2.477189 4.602249 2.660699
v -2.533408 4.884882 2.660699
v -2.693507 5.124488 2.660699
v -3.736655 4.386482 3.539645
v -2.933113 5.284587 2.660699
v -3.215746 5.340807 2.660699
v -3.498380 5.284587 2.660699
v -3.779573 4.602249 3.539645
v -3.737986 5.124488 2.660699
v -3.898085 4.884883 2.660699
v -3.954304 4.602249 2.660699
v -3.736654 4.818016 3.539645
v -3.898085 4.319615 2.660699
v -3.737986 4.080010 2.660699
v -3.498380 3.919911 2.660699
v -3.614432 5.000935 3.539645
v -3.498380 3.919911 2.875615
v -3.737986 4.080010 2.875615
v -3.898085 4.319615 2.875615
v -3.431513 5.123157 3.539645
v -3.954304 4.602249 2.875615
v -3.898085 4.884883 2.875615
v -3.737986 5.124488 2.875615
v -3.215746 5.166076 3.539645
v -3.498380 5.284587 2.875615
v -3.215746 5.340806 2.875615
v -2.933113 5.284587 2.875615
v -2.999979 5.123157 3.539645
v -2.693507 5.124488 2.875615
v -2.533408 4.884882 2.875615
v -2.477189 4.602249 2.875615
v -2.817060 5.000935 3.539645
v -2.533409 4.319615 2.875615
v -2.693508 4.080009 2.875615
v -2.933113 3.919911 2.875615
v -3.215747 3.863692 2.875615
v -2.694838 4.818016 3.539645
v -3.215747 4.038422 2.875615
v -2.999979 4.081341 2.875615
v -2.817061 4.203563 2.875615
v -2.651920 4.602249 3.539645
v -2.694839 4.386481 2.875615
v -2.651920 4.602249 2.875615
v -2.694838 4.818016 2.875615
v -2.694839 4.386481 3.539645
v -2.817060 5.000935 2.875615
v -2.999979 5.123157 2.875615
v -3.215746 5.166076 2.875615
v -2.817061 4.203563 3.539645
v -3.431513 5.123157 2.875615
v -3.614432 5.000935 2.875615
v -3.736654 4.818016 2.875615
v -2.999979 4.081341 3.539645
v -3.779573 4.602249 2.875615
v -3.736655 4.386482 2.875615
v -3.614432 4.203563 2.875615
v -3.215747 4.038422 3.539645
v -3.431514 4.081341 2.875615
v -3.215747 3.863692 3.539645
v -3.431514 4.081341 4.418591
v -2.933113 3.919911 3.539645
v -2.693508 4.080009 3.539645
v -2.533409 4.319615 3.539645
v -3.614432 4.203563 4.418591
v -2.477189 4.602249 3.539645
v -2.533408 4.884882 3.539645
v -2.693507 5.124488 3.539645
v -3.736655 4.386482 4.418591
v -2.933113 5.284587 3.539645
v -3.215746 5.340806 3.539645
v -3.498380 5.284587 3.539645
v -3.779573 4.602249 4.418591
v -3.737986 5.124488 3.539645
v -3.898085 4.884883 3.539645
v -3.954304 4.602249 3.539645
v -3.736654 4.818016 4.418591
v -3.898085 4.319615 3.539645
v -3.737986 4.080010 3.539645
v -3.498380 3.919911 3.539645
v -3.614432 5.000935 4.418591
v -3.498380 3.919911 3.754561
v -3.737986 4.080010 3.754561
v -3.898085 4.319615 3.754561
v -3.431513 5.123157 4.418591
v -3.954304 4.602249 3.754561
v -3.898085 4.884883 3.754561
v -3.737986 5.124488 3.754561
v -3.215746 5.166076 4.418591
v -3.498380 5.284587 3.754561
v -3.215746 5.340806 3.754561
v -2.933113 5.284587 3.754561
v -2.999979 5.123157 4.418591
v -2.693507 5.124488 3.754561
v -2.533408 4.884882 3.754561
v -2.477189 4.602249 3.754561
v -2.817060 5.000935 4.418591
v -2.533409 4.319615 3.754561
v -2.693508 4.080009 3.754561
v -2.933113 3.919911 3.754561
v -3.215747 3.863692 3.754561
v -2.694838 4.818016 4.418591
v -3.215747 4.038422 3.754561
v -2.999979 4.081341 3.754561
v -2.817061 4.203563 3.754561
v -2.651920 4.602249 4.418591
v -2.694839 4.386481 3.754561
v -2.651920 4.602249 3.754561
v -2.694838 4.818016 3.754561
v -2.694839 4.386481 4.418591
v -2.817060 5.000935 3.754561
v -2.999979 5.123157 3.754561
v -3.215746 5.166076 3.754561
v -2.817061 4.203563 4.418591
v -3.431513 5.123157 3.754561
v -3.614432 5.000935 3.754561
v -3.736654 4.818016 3.754561
v -2.999979 4.081341 4.418591
v -3.779573 4.602249 3.754561
v -3.736655 4.386482 3.754561
v -3.614432 4.203563 3.754561
v -3.215747 4.038422 4.418591
v -3.431514 4.081341 3.754561
v -3.215747 3.863692 4.418591
v -3.431514 4.081341 5.297537
v -2.933113 3.919911 4.418591
v -2.693508 4.080009 4.418591
v -2.533409 4.319615 4.418591
v -3.614432 4.203563 5.297537
v -2.477189 4.602249 4.418591
v -2.533408 4.884882 4.418591
v -2.693507 5.124488 4.418591
v -3.736655 4.386482 5.297537
v -2.933113 5.284587 4.418591
v -3.215746 5.340806 4.418591
v -3.498380 5.284587 4.418591
v -3.779573 4.602249 5.297537
v -3.737986 5.124488 4.418591
v -3.898085 4.884883 4.418591
v -3.954304 4.602249 4.418591
v -3.736654 4.818016 5.297537
v -3.898085 4.319615 4.418591
v -3.737986 4.080010 4.418591
v -3.498380 3.919911 4.418591
v -3.614432 5.000935 5.297537
v -3.498380 3.919911 4.633507
v -3.737986 4.080010 4.633507
v -3.898085 4.319615 4.633507
v -3.431513 5.123157 5.297537
v -3.954304 4.602249 4.633507
v -3.898085 4.884883 4.633507
v -3.737986 5.124488 4.633507
v -3.215746 5.166076 5.297537
v -3.498380 5.284587 4.633507
v -3.215746 5.340806 4.633507
v -2.933113 5.284587 4.633507
v -2.999979 5.123157 5.297537
v -2.693507 5.124488 4.633507
v -2.533408 4.884882 4.633507
v -2.477189 4.602249 4.633507
v -2.817060 5.000935 5.297537
v -2.533409 4.319615 4.633507
v -2.693508 4.080009 4.633507
v -2.933113 3.919911 4.633507
v -3.215747 3.863692 4.633507
v -2.694838 4.818016 5.297537
v -3.215747 4.038422 4.633507
v -2.999979 4.081341 4.633507
v -2.817061 4.203563 4.633507
v -2.651920 4.602249 5.297537
v -2.694839 4.386481 4.633507
v -2.651920 4.602249 4.633507
v -2.694838 4.818016 4.633507
v -2.694839 4.386481 5.297537
v -2.817060 5.000935 4.633507
v -2.999979 5.123157 4.633507
v -3.215746 5.166076 4.633507
v -2.817061 4.203563 5.297537
v -3.431513 5.123157 4.633507
v -3.614432 5.000935 4.633507
v -3.736654 4.818016 4.633507
v -2.999979 4.081341 5.297537
v -3.779573 4.602249 4.633507
v -3.736655 4.386482 4.633507
v -3.614432 4.203563 4.633507
v -3.215747 4.038422 5.297537
v -3.431514 4.081341 4.633507
v -3.215747 3.863692 5.297537
v -3.431514 4.081341 6.176483
v -2.933113 3.919911 5.297537
v -2.693508 4.080009 5.297537
v -2.533409 4.319615 5.297537
v -3.614432 4.203563 6.176483
v -2.477189 4.602249 5.297537
v -2.533408 4.884882 5.297537
v -2.693507 5.124488 5.297537
v -3.736655 4.386482 6.176483
v -2.933113 5.284587 5.297537
v -3.215746 5.340806 5.297537
v -3.498380 5.284587 5.297537
v -3.779573 4.602249 6.176483
v -3.737986 5.124488 5.297537
v -3.898085 4.884883 5.297537
v -3.954304 4.602249 5.297537
v -3.736654 4.818017 6.176483
v -3.898085 4.319615 5.297537
v -3.737986 4.080010 5.297537
v -3.498380 3.919911 5.297537
v -3.614432 5.000935 6.176483
v -3.498380 3.919911 5.512453
v -3.737986 4.080010 5.512453
v -3.898085 4.319616 5.512453
v -3.431513 5.123158 6.176483
v -3.954304 4.602250 5.512453
v -3.898085 4.884883 5.512453
v -3.737986 5.124488 5.512453
v -3.215746 5.166076 6.176483
v -3.498380 5.284587 5.512453
v -3.215746 5.340807 5.512453
v -2.933113 5.284587 5.512453
v -2.999979 5.123157 6.176483
v -2.693507 5.124488 5.512453
v -2.533408 4.884883 5.512453
v -2.477189 4.602249 5.512453
v -2.817060 5.000935 6.176483
v -2.533409 4.319615 5.512453
v -2.693508 4.080010 5.512453
v -2.933113 3.919911 5.512453
v -3.215747 3.863692 5.512453
v -2.694838 4.818016 6.176483
v -3.215747 4.038423 5.512453
v -2.999979 4.081341 5.512453
v -2.817061 4.203563 5.512453
v -2.651920 4.602249 6.176483
v -2.694839 4.386482 5.512453
v -2.651920 4.602249 5.512453
v -2.694838 4.818016 5.512453
v -2.694839 4.386482 6.176483
v -2.817060 5.000935 5.512453
v -2.999979 5.123157 5.512453
v -3.215746 5.166076 5.512453
v -2.817061 4.203563 6.176483
v -3.431513 5.123158 5.512453
v -3.614432 5.000935 5.512453
v -3.736654 4.818017 5.512453
v -2.999979 4.081341 6.176483
v -3.779573 4.602249 5.512453
v -3.736655 4.386482 5.512453
v -3.614432 4.203564 5.512453
v -3.215747 4.038423 6.176483
v -3.431514 4.081341 5.512453
v -3.215747 3.863692 6.176483
v -3.431514 4.081341 7.055429
v -2.933113 3.919911 6.176483
v -2.693508 4.080010 6.176483
v -2.533409 4.319615 6.176483
v -3.614432 4.203563 7.055429
v -2.477189 4.602249 6.176483
v -2.533408 4.884883 6.176483
v -2.693507 5.124488 6.176483
v -3.736655 4.386482 7.055429
v -2.933113 5.284587 6.176483
v -3.215746 5.340807 6.176483
v -3.498380 5.284587 6.176483
v -3.779573 4.602249 7.055429
v -3.737986 5.124488 6.176483
v -3.898085 4.884883 6.176483
v -3.954304 4.602250 6.176483
v -3.736654 4.818017 7.055429
v -3.898085 4.319615 6.176483
v -3.737986 4.080010 6.176483
v -3.498380 3.919911 6.176483
v -3.614432 5.000935 7.055429
v -3.498380 3.919911 6.391399
v -3.737986 4.080010 6.391399
v -3.898085 4.319615 6.391399
v -3.431513 5.123158 7.055429
v -3.954304 4.602250 6.391399
v -3.898085 4.884883 6.391399
v -3.737986 5.124488 6.391399
v -3.215746 5.166076 7.055429
v -3.498380 5.284587 6.391399
v -3.215746 5.340807 6.391399
v -2.933113 5.284587 6.391399
v -2.999979 5.123157 7.055429
v -2.693507 5.124488 6.391399
v -2.533408 4.884883 6.391399
v -2.477189 4.602249 6.391399
v -2.817060 5.000935 7.055429
v -2.533409 4.319615 6.391399
v -2.693508 4.080010 6.391399
v -2.933113 3.919911 6.391399
v -3.215747 3.863692 6.391399
v -2.694838 4.818016 7.055429
v -3.215747 4.038423 6.391399
v -2.999979 4.081341 6.391399
v -2.817061 4.203563 6.391399
v -2.651920 4.602249 7.055429
v -2.694839 4.386482 6.391399
v -2.651920 4.602249 6.391399
v -2.694838 4.818016 6.391399
v -2.694839 4.386482 7.055429
v -2.817060 5.000935 6.391399
v -2.999979 5.123157 6.391399
v -3.215746 5.166076 6.391399
v -2.817061 4.203563 7.055429
v -3.431513 5.123158 6.391399
v -3.614432 5.000935 6.391399
v -3.736654 4.818017 6.391399
v -2.999979 4.081341 7.055429
v -3.779573 4.602249 6.391399
v -3.736655 4.386482 6.391399
v -3.614432 4.203563 6.391399
v -3.215747 4.038422 7.055429
v -3.431514 4.081341 6.391399
v -3.215747 3.863692 7.055429
v -3.431514 4.081341 7.934375
v -2.933113 3.919911 7.055429
v -2.693508 4.080010 7.055429
v -2.533409 4.319615 7.055429
v -3.614432 4.203563 7.934375
v -2.477189 4.602249 7.055429
v -2.533408 4.884883 7.055429
v -2.693507 5.124488 7.055429
v -3.736655 4.386482 7.934375
v -2.933113 5.284587 7.055429
v -3.215746 5.340807 7.055429
v -3.498380 5.284587 7.055429
v -3.779573 4.602249 7.934375
v -3.737986 5.124488 7.055429
v -3.898085 4.884883 7.055429
v -3.954304 4.602249 7.055429
v -3.736654 4.818017 7.934375
v -3.898085 4.319615 7.055429
v -3.737986 4.080010 7.055429
v -3.498380 3.919911 7.055429
v -3.614432 5.000935 7.934375
v -3.498380 3.919911 7.270345
v -3.737986 4.080010 7.270345
v -3.898085 4.319615 7.270345
v -3.431513 5.123158 7.934375
v -3.954304 4.602249 7.270345
v -3.898085 4.884883 7.270345
v -3.737986 5.124488 7.270345
v -3.215746 5.166076 7.934375
v -3.498380 5.284587 7.270345
v -3.215746 5.340807 7.270345
v -2.933113 5.284587 7.270345
v -2.999979 5.123157 7.934375
v -2.693507 5.124488 7.270345
v -2.533408 4.884883 7.270345
v -2.477189 4.602249 7.270345
v -2.817060 5.000935 7.934375
v -2.533409 4.319615 7.270345
v -2.693508 4.080010 7.270345
v -2.933113 3.919911 7.270345
v -3.215747 3.863692 7.270345
v -2.694838 4.818016 7.934375
v -3.215747 4.038423 7.270345
v -2.999979 4.081341 7.270345
v -2.817061 4.203563 7.270345
v -2.651920 4.602249 7.934375
v -2.694839 4.386482 7.270345
v -2.651920 4.602249 7.270345
v -2.694838 4.818016 7.270345
v -2.694839 4.386482 7.934375
v -2.817060 5.000935 7.270345
v -2.999979 5.123157 7.270345
v -3.215746 5.166076 7.270345
v -2.817061 4.203563 7.934375
v -3.431513 5.123158 7.270345
v -3.614432 5.000935 7.270345
v -3.736654 4.818017 7.270345
v -2.999979 4.081341 7.934375
v -3.779573 4.602249 7.270345
v -3.736655 4.386482 7.270345
v -3.614432 4.203563 7.270345
v -3.215747 4.038422 7.934375
v -3.431514 4.081341 7.270345
v -3.365704 4.240220 7.933841
v -3.492832 4.325164 7.933841
v -3.577776 4.452292 7.933841
v -3.607605 4.602250 7.933841
v -3.577776 4.752207 7.933841
v -3.492832 4.879335 7.933841
v -3.365704 4.964279 7.933841
v -3.215746 4.994108 7.933841
v -3.065789 4.964279 7.933841
v -2.938661 4.879335 7.933841
v -2.853717 4.752207 7.933841
v -2.823889 4.602250 7.933841
v -2.853717 4.452292 7.933841
v -2.938661 4.325164 7.933841
v -3.065789 4.240220 7.933841
v -3.215747 4.210392 7.933841
v -3.391925 4.176918 8.011320
v -3.541281 4.276715 8.011320
v -3.641078 4.426072 8.011320
v -3.676122 4.602250 8.011320
v -3.641078 4.778428 8.011320
v -3.541281 4.927784 8.011320
v -3.391925 5.027581 8.011320
v -3.215746 5.062625 8.011320
v -3.039568 5.027581 8.011320
v -2.890212 4.927784 8.011320
v -2.790415 4.778428 8.011320
v -2.755371 4.602250 8.011320
v -2.790415 4.426071 8.011320
v -2.890212 4.276715 8.011320
v -3.039569 4.176918 8.011320
v -3.215747 4.141874 8.011320
v -3.261276 4.492336 7.117646
v -3.299873 4.518126 7.117646
v -3.325663 4.556723 7.117646
v -3.334719 4.602251 7.117646
v -3.325663 4.647779 7.117646
v -3.299873 4.686377 7.117646
v -3.261276 4.712167 7.117646
v -3.215747 4.721223 7.117646
v -3.170219 4.712166 7.117646
v -3.131622 4.686377 7.117646
v -3.105832 4.647779 7.117646
v -3.096776 4.602251 7.117646
v -3.105832 4.556723 7.117646
v -3.131622 4.518126 7.117646
v -3.170219 4.492336 7.117646
v -3.215748 4.483280 7.117646
v -2.004046 0.420366 1.309980
v -1.985896 0.352627 1.309980
v -1.936307 0.303038 1.309980
v -1.868568 0.284887 1.309980
v -1.800829 0.303038 1.309980
v -1.751240 0.352627 1.309980
v -1.733090 0.420366 1.309980
v -1.751240 0.488105 1.309980
v -1.800829 0.537693 1.309980
v -1.868568 0.555844 1.309980
v -1.936307 0.537693 1.309980
v -1.985896 0.488105 1.309980
v -1.991031 0.420366 1.177827
v -1.973228 0.352627 1.181368
v -1.924593 0.303038 1.191042
v -1.858155 0.284887 1.204257
v -1.791717 0.303038 1.217473
v -1.743082 0.352627 1.227147
v -1.725280 0.420366 1.230688
v -1.743082 0.488105 1.227147
v -1.791717 0.537693 1.217473
v -1.858155 0.555844 1.204257
v -1.924593 0.537693 1.191042
v -1.973229 0.488105 1.181368
v -1.952483 0.420366 1.050753
v -1.935714 0.352627 1.057698
v -1.889900 0.303038 1.076675
v -1.827317 0.284887 1.102598
v -1.764734 0.303038 1.128521
v -1.718921 0.352627 1.147497
v -1.702151 0.420366 1.154444
v -1.718920 0.488105 1.147498
v -1.764734 0.537693 1.128521
v -1.827317 0.555844 1.102598
v -1.889900 0.537693 1.076675
v -1.935714 0.488105 1.057698
v -1.889885 0.420366 0.933640
v -1.874794 0.352627 0.943724
v -1.833562 0.303038 0.971274
v -1.777239 0.284887 1.008908
v -1.720916 0.303038 1.046542
v -1.679684 0.352627 1.074092
v -1.664593 0.420366 1.084176
v -1.679684 0.488105 1.074092
v -1.720916 0.537694 1.046542
v -1.777239 0.555844 1.008908
v -1.833562 0.537693 0.971274
v -1.874794 0.488105 0.943724
v -1.805643 0.420366 0.830990
v -1.792808 0.352627 0.843825
v -1.757744 0.303038 0.878889
v -1.709845 0.284887 0.926788
v -1.661946 0.303038 0.974687
v -1.626881 0.352627 1.009752
v -1.614047 0.420366 1.022586
v -1.626881 0.488105 1.009752
v -1.661946 0.537694 0.974687
v -1.709845 0.555844 0.926788
v -1.757744 0.537694 0.878889
v -1.792808 0.488105 0.843825
v -1.702993 0.420366 0.746748
v -1.692909 0.352627 0.761840
v -1.665359 0.303038 0.803071
v -1.627725 0.284887 0.859394
v -1.590091 0.303038 0.915718
v -1.562541 0.352627 0.956949
v -1.552457 0.420366 0.972041
v -1.562541 0.488105 0.956949
v -1.590091 0.537694 0.915718
v -1.627725 0.555844 0.859395
v -1.665359 0.537694 0.803071
v -1.692909 0.488105 0.761840
v -1.585881 0.420366 0.684150
v -1.578935 0.352627 0.700919
v -1.559958 0.303038 0.746733
v -1.534035 0.284887 0.809316
v -1.508113 0.303038 0.871899
v -1.489136 0.352627 0.917713
v -1.482190 0.420366 0.934482
v -1.489136 0.488105 0.917713
v -1.508113 0.537694 0.871899
v -1.534035 0.555844 0.809316
v -1.559958 0.537694 0.746733
v -1.578935 0.488105 0.700919
v -1.458807 0.420366 0.645603
v -1.455265 0.352627 0.663405
v -1.445591 0.303038 0.712040
v -1.432376 0.284887 0.778478
v -1.419161 0.303038 0.844916
v -1.409486 0.352627 0.893551
v -1.405945 0.420366 0.911354
v -1.409487 0.488105 0.893551
v -1.419161 0.537694 0.844916
v -1.432376 0.555844 0.778478
v -1.445591 0.537694 0.712040
v -1.455266 0.488105 0.663405
v -1.126055 0.420366 0.632587
v -1.126055 0.352627 0.650737
v -1.126056 0.537694 0.835805
v -1.126056 0.555843 0.768065
v -1.126055 0.488105 0.650737
v -1.126055 0.303037 0.700326
v -1.126056 0.537694 0.700326
v -1.126055 0.284887 0.768065
v -1.126055 0.303038 0.835805
v -1.126055 0.352627 0.885393
v -1.126056 0.420366 0.903544
v -1.126056 0.488105 0.885393
v -1.326654 0.488105 0.885393
v -1.326654 0.420366 0.903544
v -1.326654 0.352627 0.885393
v -1.326654 0.303038 0.835804
v -1.326654 0.284887 0.768065
v -1.326654 0.537694 0.700326
v -1.326653 0.303038 0.700326
v -1.326654 0.488105 0.650738
v -1.326654 0.555844 0.768065
v -1.326654 0.537694 0.835805
v -1.326654 0.352627 0.650738
v -1.326654 0.420366 0.632587
v -2.004046 0.420366 1.470327
v -1.985896 0.352627 1.470327
v -1.936307 0.303038 1.470327
v -1.868568 0.284887 1.470327
v -1.800829 0.303038 1.470327
v -1.751240 0.352627 1.470327
v -1.733090 0.420366 1.470327
v -1.751240 0.488105 1.470327
v -1.800829 0.537693 1.470327
v -1.868568 0.555844 1.470327
v -1.936307 0.537693 1.470327
v -1.985896 0.488105 1.470327
v -1.732418 0.420366 1.556449
v -1.750569 0.352627 1.556449
v -1.800157 0.303038 1.556449
v -1.867897 0.284886 1.556448
v -1.935636 0.303038 1.556448
v -1.985225 0.352627 1.556448
v -2.003375 0.420366 1.556448
v -1.985225 0.488105 1.556448
v -1.935636 0.537693 1.556448
v -1.867897 0.555844 1.556448
v -1.800158 0.537693 1.556449
v -1.750569 0.488105 1.556449
v -1.745434 0.420366 1.688601
v -1.763236 0.352627 1.685061
v -1.811872 0.303038 1.675386
v -1.878309 0.284886 1.662171
v -1.944748 0.303038 1.648956
v -1.993383 0.352627 1.639281
v -2.011185 0.420366 1.635740
v -1.993383 0.488105 1.639281
v -1.944748 0.537693 1.648956
v -1.878310 0.555844 1.662171
v -1.811872 0.537693 1.675386
v -1.763236 0.488105 1.685061
v -1.783982 0.420366 1.815676
v -1.800751 0.352627 1.808730
v -1.846565 0.303038 1.789753
v -1.909148 0.284887 1.763830
v -1.971731 0.303038 1.737907
v -2.017544 0.352627 1.718931
v -2.034314 0.420366 1.711985
v -2.017545 0.488105 1.718931
v -1.971731 0.537693 1.737907
v -1.909148 0.555844 1.763830
v -1.846565 0.537693 1.789753
v -1.800751 0.488105 1.808730
v -1.846580 0.420366 1.932788
v -1.861671 0.352627 1.922704
v -1.902903 0.303038 1.895154
v -1.959226 0.284886 1.857520
v -2.015549 0.303038 1.819886
v -2.056781 0.352627 1.792336
v -2.071872 0.420366 1.782252
v -2.056781 0.488105 1.792336
v -2.015549 0.537693 1.819886
v -1.959226 0.555844 1.857520
v -1.902903 0.537693 1.895154
v -1.861671 0.488105 1.922704
v -1.930822 0.420366 2.035438
v -1.943657 0.352627 2.022603
v -1.978721 0.303038 1.987539
v -2.026620 0.284886 1.939640
v -2.074519 0.303038 1.891741
v -2.109584 0.352627 1.856677
v -2.122417 0.420366 1.843842
v -2.109584 0.488105 1.856677
v -2.074519 0.537693 1.891741
v -2.026620 0.555844 1.939640
v -1.978721 0.537693 1.987539
v -1.943657 0.488105 2.022603
v -2.033472 0.420366 2.119680
v -2.043556 0.352627 2.104589
v -2.071106 0.303038 2.063357
v -2.108740 0.284886 2.007034
v -2.146374 0.303038 1.950711
v -2.173924 0.352627 1.909479
v -2.184008 0.420366 1.894387
v -2.173924 0.488105 1.909479
v -2.146374 0.537693 1.950711
v -2.108740 0.555844 2.007034
v -2.071106 0.537693 2.063357
v -2.043556 0.488105 2.104589
v -2.150584 0.420366 2.182278
v -2.157530 0.352627 2.165509
v -2.176507 0.303038 2.119695
v -2.202430 0.284886 2.057112
v -2.228352 0.303038 1.994529
v -2.247329 0.352626 1.948715
v -2.254275 0.420366 1.931946
v -2.247329 0.488105 1.948715
v -2.228352 0.537693 1.994529
v -2.202430 0.555844 2.057112
v -2.176507 0.537693 2.119695
v -2.157530 0.488105 2.165509
v -2.277658 0.420365 2.220825
v -2.281200 0.352626 2.203023
v -2.290874 0.303038 2.154388
v -2.304089 0.284886 2.087950
v -2.317304 0.303038 2.021512
v -2.326979 0.352626 1.972877
v -2.330520 0.420366 1.955074
v -2.326979 0.488105 1.972877
v -2.317304 0.537693 2.021512
v -2.304089 0.555844 2.087950
v -2.290874 0.537693 2.154388
v -2.281200 0.488105 2.203023
v -4.204444 0.420365 2.233841
v -4.204444 0.352626 2.215691
v -4.204444 0.537693 2.030623
v -4.204444 0.555842 2.098363
v -4.204444 0.488104 2.215691
v -4.204444 0.303037 2.166102
v -4.204444 0.537693 2.166102
v -4.204444 0.284886 2.098363
v -4.204444 0.303038 2.030623
v -4.204444 0.352626 1.981035
v -4.204444 0.420365 1.962884
v -4.204444 0.488104 1.981035
v -2.409811 0.488104 1.981035
v -2.409811 0.420365 1.962884
v -2.409811 0.352626 1.981035
v -2.409811 0.303038 2.030623
v -2.409811 0.284886 2.098363
v -2.409811 0.537693 2.166102
v -2.409811 0.303038 2.166102
v -2.409811 0.488104 2.215691
v -2.409811 0.555844 2.098363
v -2.409811 0.537693 2.030623
v -2.409811 0.352626 2.215691
v -2.409811 0.420365 2.233841
v -1.732418 0.420366 1.467795
v -1.750569 0.352627 1.467795
v -1.800157 0.303038 1.467795
v -1.867897 0.284886 1.467795
v -1.935636 0.303038 1.467795
v -1.985225 0.352627 1.467795
v -2.003375 0.420366 1.467795
v -1.985225 0.488105 1.467795
v -1.935636 0.537693 1.467795
v -1.867897 0.555844 1.467795
v -1.800158 0.537693 1.467795
v -1.750569 0.488105 1.467795
vn -0.0000 -0.9954 0.0958
vn -0.0000 -0.9303 0.3668
vn -0.6578 -0.6578 0.3668
vn -0.7039 -0.7039 0.0958
vn -0.0000 -0.7296 0.6839
vn -0.0000 -0.4226 0.9063
vn -0.2988 -0.2988 0.9063
vn -0.5159 -0.5159 0.6839
vn -0.0000 -0.0000 1.0000
vn -0.4226 -0.0000 0.9063
vn -0.7296 -0.0000 0.6839
vn -0.9303 -0.0000 0.3668
vn -0.0000 1.0000 -0.0000
vn 0.7071 0.7071 -0.0000
vn -0.9954 -0.0000 0.0958
vn 1.0000 -0.0000 -0.0000
vn 0.7071 -0.7071 -0.0000
vn -0.0000 -1.0000 -0.0000
vn -0.7071 -0.7071 -0.0000
vn -0.5159 0.5159 0.6839
vn -0.6578 0.6578 0.3668
vn -0.2988 0.2988 0.9063
vn -1.0000 -0.0000 -0.0000
vn -0.7071 0.7071 -0.0000
vn -0.7039 0.7039 0.0958
vn -0.0000 0.4226 0.9063
vn -0.0000 0.9303 0.3668
vn -0.0000 0.9954 0.0958
vn -0.0000 0.7296 0.6839
vn -0.0000 -0.0000 -1.0000
vn 0.6578 0.6578 0.3668
vn 0.7039 0.7039 0.0958
vn 0.2988 0.2988 0.9063
vn 0.5159 0.5159 0.6839
vn 0.7296 -0.0000 0.6839
vn 0.9303 -0.0000 0.3668
vn 0.4226 -0.0000 0.9063
vn 0.9954 -0.0000 0.0958
vn 0.5159 -0.5159 0.6839
vn 0.6578 -0.6578 0.3668
vn 0.2988 -0.2988 0.9063
vn 0.7039 -0.7039 0.0958
vn -0.0000 -0.9851 0.1719
vn -0.0000 -0.8233 0.5675
vn -0.3151 -0.7607 0.5676
vn -0.3770 -0.9101 0.1719
vn -0.0000 -0.5061 0.8624
vn -0.0000 -0.2387 0.9711
vn -0.0914 -0.2206 0.9711
vn -0.1937 -0.4676 0.8624
vn -0.1688 -0.1688 0.9711
vn -0.3579 -0.3579 0.8624
vn -0.5822 -0.5822 0.5676
vn -0.6966 -0.6966 0.1719
vn -0.4676 -0.1937 0.8624
vn -0.7607 -0.3151 0.5676
vn -0.2206 -0.0914 0.9711
vn -0.9101 -0.3770 0.1719
vn -0.2387 -0.0000 0.9711
vn 0.9239 0.3827 -0.0000
vn -0.3827 0.9239 -0.0000
vn -0.8233 -0.0000 0.5676
vn -0.9851 -0.0000 0.1719
vn -0.5061 -0.0000 0.8624
vn -0.3827 -0.9239 -0.0000
vn 0.9239 -0.3827 -0.0000
vn 0.3827 -0.9239 -0.0000
vn -0.7607 0.3151 0.5675
vn -0.9101 0.3770 0.1719
vn -0.2206 0.0914 0.9711
vn -0.4676 0.1937 0.8624
vn -0.9239 -0.3827 -0.0000
vn -0.9239 0.3827 -0.0000
vn -0.3579 0.3579 0.8624
vn -0.5822 0.5822 0.5675
vn -0.1688 0.1688 0.9711
vn -0.6966 0.6966 0.1719
vn 0.3827 0.9239 -0.0000
vn -0.1937 0.4676 0.8624
vn -0.3151 0.7607 0.5675
vn -0.0914 0.2206 0.9711
vn -0.3770 0.9101 0.1719
vn -0.0000 0.8233 0.5675
vn -0.0000 0.9851 0.1719
vn -0.0000 0.2387 0.9711
vn -0.0000 0.5061 0.8624
vn 0.3151 0.7607 0.5675
vn 0.3770 0.9101 0.1719
vn 0.0914 0.2206 0.9711
vn 0.1937 0.4676 0.8624
vn 0.3579 0.3579 0.8624
vn 0.5822 0.5822 0.5675
vn 0.1688 0.1688 0.9711
vn 0.6966 0.6966 0.1719
vn 0.4676 0.1937 0.8624
vn 0.7607 0.3151 0.5676
vn 0.2206 0.0914 0.9711
vn 0.9101 0.3770 0.1719
vn 0.6966 -0.6966 0.1719
vn 0.3770 -0.9101 0.1719
vn 0.8233 -0.0000 0.5676
vn 0.9851 -0.0000 0.1719
vn 0.2387 -0.0000 0.9711
vn 0.5061 -0.0000 0.8624
vn 0.2206 -0.0914 0.9711
vn 0.4676 -0.1937 0.8624
vn 0.9101 -0.3770 0.1719
vn 0.7607 -0.3151 0.5676
vn 0.3579 -0.3579 0.8624
vn 0.5822 -0.5822 0.5676
vn 0.1688 -0.1688 0.9711
vn 0.0914 -0.2206 0.9711
vn 0.3151 -0.7607 0.5675
vn 0.1937 -0.4676 0.8624
vn -0.5514 -0.2284 0.8024
vn -0.4220 -0.4220 0.8024
vn -0.2284 -0.5514 0.8024
vn 0.2284 0.5514 0.8024
vn -0.0000 0.5968 0.8024
vn 0.2284 -0.5514 0.8024
vn 0.4220 -0.4220 0.8024
vn -0.2284 0.5514 0.8024
vn -0.4220 0.4220 0.8024
vn 0.5514 -0.2284 0.8024
vn 0.5968 -0.0000 0.8024
vn 0.5514 0.2284 0.8024
vn 0.4220 0.4220 0.8024
vn -0.0000 -0.5968 0.8024
vn -0.5514 0.2284 0.8024
vn -0.5968 -0.0000 0.8024
vn -0.0000 0.8597 0.5108
vn -0.3290 0.7942 0.5108
vn -0.3629 0.8762 0.3171
vn -0.0000 0.9484 0.3171
vn 0.3290 0.7942 0.5108
vn 0.6079 0.6079 0.5108
vn 0.5297 0.5297 0.6625
vn 0.2867 0.6921 0.6625
vn 0.7942 0.3290 0.5108
vn 0.6921 0.2867 0.6625
vn 0.8597 -0.0000 0.5108
vn 0.7491 -0.0000 0.6625
vn 0.7942 -0.3290 0.5108
vn 0.6921 -0.2867 0.6625
vn 0.6079 -0.6079 0.5108
vn 0.5297 -0.5297 0.6625
vn 0.3290 -0.7942 0.5108
vn 0.2867 -0.6921 0.6625
vn -0.0000 -0.8597 0.5108
vn -0.0000 -0.7491 0.6625
vn -0.3290 -0.7942 0.5108
vn -0.2867 -0.6921 0.6625
vn -0.6079 -0.6079 0.5108
vn -0.5297 -0.5297 0.6625
vn -0.7942 -0.3290 0.5108
vn -0.6921 -0.2867 0.6625
vn -0.8597 -0.0000 0.5108
vn -0.7491 -0.0000 0.6625
vn -0.7942 0.3290 0.5108
vn -0.6921 0.2867 0.6625
vn -0.6079 0.6079 0.5108
vn -0.5297 0.5297 0.6625
vn -0.2867 0.6921 0.6625
vn -0.0000 0.7491 0.6625
vn -0.0000 -0.9484 0.3171
vn -0.3629 -0.8762 0.3171
vn 0.3629 0.8762 0.3171
vn 0.6706 0.6706 0.3171
vn -0.6706 -0.6706 0.3171
vn 0.8762 0.3629 0.3171
vn -0.8762 -0.3629 0.3171
vn 0.9484 -0.0000 0.3171
vn -0.9484 -0.0000 0.3171
vn 0.8762 -0.3629 0.3171
vn -0.8762 0.3629 0.3171
vn 0.6706 -0.6706 0.3171
vn -0.6706 0.6706 0.3171
vn 0.3629 -0.8762 0.3171
vn -0.9988 -0.0000 -0.0487
vn -0.9808 -0.0000 -0.1951
vn -0.8532 -0.4931 -0.1697
vn -0.8672 -0.4962 -0.0424
vn -0.5021 -0.8590 -0.0999
vn -0.5058 -0.8623 -0.0251
vn -0.0159 -0.9999 -0.0032
vn -0.0081 -1.0000 -0.0008
vn 0.4783 -0.8730 0.0951
vn 0.4937 -0.8693 0.0241
vn 0.8453 -0.5071 0.1681
vn 0.8632 -0.5031 0.0426
vn 0.9808 -0.0000 0.1951
vn 0.9988 -0.0000 0.0495
vn 0.8453 0.5071 0.1681
vn 0.8632 0.5031 0.0426
vn 0.4783 0.8730 0.0951
vn 0.4937 0.8693 0.0241
vn -0.0159 0.9999 -0.0032
vn -0.0081 1.0000 -0.0008
vn -0.5021 0.8590 -0.0999
vn -0.5058 0.8623 -0.0251
vn -0.8532 0.4931 -0.1697
vn -0.8672 0.4962 -0.0424
vn -0.9239 -0.0000 -0.3827
vn -0.8037 -0.4931 -0.3329
vn -0.4730 -0.8590 -0.1959
vn -0.0149 -0.9999 -0.0062
vn 0.4506 -0.8730 0.1866
vn 0.7963 -0.5071 0.3298
vn 0.9239 -0.0000 0.3827
vn 0.7963 0.5071 0.3298
vn 0.4506 0.8730 0.1866
vn -0.0149 0.9999 -0.0062
vn -0.4730 0.8590 -0.1959
vn -0.8037 0.4931 -0.3329
vn -0.8315 -0.0000 -0.5556
vn -0.7233 -0.4931 -0.4833
vn -0.4257 -0.8590 -0.2844
vn -0.0134 -0.9999 -0.0090
vn 0.4055 -0.8730 0.2709
vn 0.7166 -0.5071 0.4788
vn 0.8315 -0.0000 0.5556
vn 0.7166 0.5071 0.4788
vn 0.4055 0.8730 0.2709
vn -0.0134 0.9999 -0.0090
vn -0.4257 0.8590 -0.2844
vn -0.7233 0.4931 -0.4833
vn -0.7071 -0.0000 -0.7071
vn -0.6151 -0.4931 -0.6151
vn -0.3620 -0.8590 -0.3620
vn -0.0114 -0.9999 -0.0114
vn 0.3448 -0.8730 0.3448
vn 0.6094 -0.5071 0.6094
vn 0.7071 -0.0000 0.7071
vn 0.6094 0.5071 0.6094
vn 0.3448 0.8730 0.3448
vn -0.0114 0.9999 -0.0114
vn -0.3620 0.8590 -0.3620
vn -0.6151 0.4931 -0.6151
vn -0.5556 -0.0000 -0.8315
vn -0.4833 -0.4931 -0.7233
vn -0.2844 -0.8590 -0.4257
vn -0.0090 -0.9999 -0.0134
vn 0.2709 -0.8730 0.4055
vn 0.4788 -0.5071 0.7166
vn 0.5556 -0.0000 0.8315
vn 0.4788 0.5071 0.7166
vn 0.2709 0.8730 0.4055
vn -0.0090 0.9999 -0.0134
vn -0.2844 0.8590 -0.4257
vn -0.4833 0.4931 -0.7233
vn -0.3827 -0.0000 -0.9239
vn -0.3329 -0.4931 -0.8037
vn -0.1959 -0.8590 -0.4730
vn -0.0062 -0.9999 -0.0149
vn 0.1866 -0.8730 0.4506
vn 0.3298 -0.5071 0.7963
vn 0.3827 -0.0000 0.9239
vn 0.3298 0.5071 0.7963
vn 0.1866 0.8730 0.4506
vn -0.0062 0.9999 -0.0149
vn -0.1959 0.8590 -0.4730
vn -0.3329 0.4931 -0.8037
vn -0.1951 -0.0000 -0.9808
vn -0.1697 -0.4931 -0.8532
vn -0.0999 -0.8590 -0.5021
vn -0.0032 -0.9999 -0.0159
vn 0.0951 -0.8730 0.4783
vn 0.1681 -0.5071 0.8453
vn 0.1951 -0.0000 0.9808
vn 0.1681 0.5071 0.8453
vn 0.0951 0.8730 0.4783
vn -0.0032 0.9999 -0.0159
vn -0.0999 0.8590 -0.5021
vn -0.1697 0.4931 -0.8532
vn -0.0487 -0.0000 -0.9988
vn -0.0424 -0.4962 -0.8672
vn -0.0251 -0.8623 -0.5058
vn -0.0008 -1.0000 -0.0081
vn 0.0241 -0.8693 0.4937
vn 0.0426 -0.5031 0.8632
vn 0.0495 -0.0000 0.9988
vn 0.0426 0.5031 0.8632
vn 0.0241 0.8693 0.4937
vn -0.0008 1.0000 -0.0081
vn -0.0251 0.8623 -0.5058
vn -0.0424 0.4962 -0.8672
vn -0.0000 0.8660 0.5000
vn -0.0000 0.8660 -0.5000
vn -0.0000 0.5000 -0.8660
vn -0.0000 -0.8660 0.5000
vn -0.0000 -0.5000 0.8660
vn -0.0000 -0.5000 -0.8660
vn -0.0000 -0.8660 -0.5000
vn -0.0000 0.5000 0.8660
vn -0.8660 0.5000 -0.0000
vn -0.5000 0.8660 -0.0000
vn 0.8660 -0.5000 -0.0000
vn -0.8660 -0.5000 -0.0000
vn 0.5000 -0.8660 -0.0000
vn 0.5000 0.8660 -0.0000
vn -0.5000 -0.8660 -0.0000
vn 0.8660 0.5000 -0.0000
vn 0.9988 -0.0000 0.0487
vn 0.8532 -0.4931 0.1697
vn 0.8672 -0.4962 0.0424
vn 0.5021 -0.8590 0.0999
vn 0.5058 -0.8623 0.0251
vn 0.0159 -0.9999 0.0032
vn 0.0081 -1.0000 0.0008
vn -0.4783 -0.8730 -0.0951
vn -0.4937 -0.8693 -0.0241
vn -0.8453 -0.5071 -0.1681
vn -0.8632 -0.5031 -0.0426
vn -0.9988 -0.0000 -0.0495
vn -0.8453 0.5071 -0.1681
vn -0.8632 0.5031 -0.0426
vn -0.4783 0.8730 -0.0951
vn -0.4937 0.8693 -0.0241
vn 0.0159 0.9999 0.0032
vn 0.0081 1.0000 0.0008
vn 0.5021 0.8590 0.0999
vn 0.5058 0.8623 0.0251
vn 0.8532 0.4931 0.1697
vn 0.8672 0.4962 0.0424
vn 0.8037 -0.4931 0.3329
vn 0.4730 -0.8590 0.1959
vn 0.0149 -0.9999 0.0062
vn -0.4506 -0.8730 -0.1866
vn -0.7963 -0.5071 -0.3298
vn -0.7963 0.5071 -0.3298
vn -0.4506 0.8730 -0.1866
vn 0.0149 0.9999 0.0062
vn 0.4730 0.8590 0.1959
vn 0.8037 0.4931 0.3329
vn 0.7233 -0.4931 0.4833
vn 0.4257 -0.8590 0.2844
vn 0.0134 -0.9999 0.0090
vn -0.4055 -0.8730 -0.2709
vn -0.7166 -0.5071 -0.4788
vn -0.7166 0.5071 -0.4788
vn -0.4055 0.8730 -0.2709
vn 0.0134 0.9999 0.0090
vn 0.4257 0.8590 0.2844
vn 0.7233 0.4931 0.4833
vn 0.6151 -0.4931 0.6151
vn 0.3620 -0.8590 0.3620
vn 0.0114 -0.9999 0.0114
vn -0.3448 -0.8730 -0.3448
vn -0.6094 -0.5071 -0.6094
vn -0.6094 0.5071 -0.6094
vn -0.3448 0.8730 -0.3448
vn 0.0114 0.9999 0.0114
vn 0.3620 0.8590 0.3620
vn 0.6151 0.4931 0.6152
vn 0.4833 -0.4931 0.7233
vn 0.2844 -0.8590 0.4257
vn 0.0090 -0.9999 0.0134
vn -0.2709 -0.8730 -0.4055
vn -0.4788 -0.5071 -0.7166
vn -0.4788 0.5071 -0.7166
vn -0.2709 0.8730 -0.4055
vn 0.0090 0.9999 0.0134
vn 0.2844 0.8590 0.4257
vn 0.4833 0.4931 0.7233
vn 0.3329 -0.4931 0.8037
vn 0.1959 -0.8590 0.4730
vn 0.0062 -0.9999 0.0149
vn -0.1866 -0.8730 -0.4506
vn -0.3298 -0.5071 -0.7963
vn -0.3298 0.5071 -0.7963
vn -0.1866 0.8730 -0.4506
vn 0.0062 0.9999 0.0149
vn 0.1959 0.8590 0.4730
vn 0.3329 0.4931 0.8037
vn 0.1697 -0.4931 0.8532
vn 0.0999 -0.8590 0.5021
vn 0.0032 -0.9999 0.0159
vn -0.0951 -0.8730 -0.4783
vn -0.1681 -0.5071 -0.8453
vn -0.1681 0.5071 -0.8453
vn -0.0951 0.8730 -0.4783
vn 0.0032 0.9999 0.0159
vn 0.0999 0.8590 0.5021
vn 0.1697 0.4931 0.8532
vn 0.0487 -0.0000 0.9988
vn 0.0424 -0.4962 0.8672
vn 0.0251 -0.8623 0.5058
vn 0.0008 -1.0000 0.0081
vn -0.0241 -0.8693 -0.4937
vn -0.0426 -0.5031 -0.8632
vn -0.0495 -0.0000 -0.9988
vn -0.0426 0.5031 -0.8632
vn -0.0241 0.8693 -0.4937
vn 0.0008 1.0000 0.0081
vn 0.0251 0.8623 0.5058
vn 0.0424 0.4962 0.8672
vt 0.120355 0.872704
vt 0.120355 0.870532
vt 0.138998 0.862809
vt 0.140534 0.864346
vt 0.120355 0.864346
vt 0.120355 0.855087
vt 0.128077 0.851889
vt 0.134623 0.858435
vt 0.120355 0.844167
vt 0.131275 0.844167
vt 0.140534 0.844167
vt 0.146720 0.844167
vt 0.496976 0.766697
vt 0.441045 0.789864
vt 0.148892 0.844167
vt 0.417878 0.845795
vt 0.441045 0.901726
vt 0.496976 0.924894
vt 0.552907 0.901726
vt 0.552907 0.901726
vt 0.134623 0.829898
vt 0.138998 0.825524
vt 0.128077 0.836444
vt 0.576075 0.845795
vt 0.552907 0.789864
vt 0.552907 0.789864
vt 0.140534 0.823988
vt 0.120355 0.833246
vt 0.120355 0.817802
vt 0.120355 0.815629
vt 0.120355 0.823988
vt 0.565781 0.845795
vt 0.545628 0.797143
vt 0.448324 0.894447
vt 0.496976 0.914600
vt 0.101712 0.825524
vt 0.100176 0.823988
vt 0.112633 0.836444
vt 0.106086 0.829898
vt 0.545628 0.894447
vt 0.428171 0.845795
vt 0.448324 0.797143
vt 0.496976 0.776991
vt 0.100176 0.844167
vt 0.093990 0.844167
vt 0.109434 0.844167
vt 0.091817 0.844167
vt 0.106086 0.858435
vt 0.101712 0.862809
vt 0.112633 0.851889
vt 0.100176 0.864346
vt 0.251472 0.867390
vt 0.251472 0.883197
vt 0.251472 0.867390
vt 0.091682 0.867390
vt 0.091682 0.883197
vt 0.233549 0.867390
vt 0.233549 0.883197
vt 0.496465 0.911935
vt 0.596243 0.911935
vt 0.596243 0.760254
vt 0.496465 0.760253
vt 0.183257 0.883197
vt 0.101496 0.883197
vt 0.101496 0.874063
vt 0.183257 0.874063
vt 0.184893 0.867390
vt 0.184893 0.883197
vt 0.241658 0.883197
vt 0.183257 0.883197
vt 0.225936 0.883197
vt 0.450025 0.910629
vt 0.430855 0.910629
vt 0.430855 0.766040
vt 0.450025 0.766040
vt 0.101496 0.874063
vt 0.241658 0.874063
vt 0.225936 0.874063
vt 0.241658 0.874063
vt 0.600992 0.756042
vt 0.495673 0.756042
vt 0.496465 0.911935
vt 0.600992 0.916146
vt 0.495673 0.916146
vt 0.440697 0.756042
vt 0.420445 0.756042
vt 0.420445 0.916146
vt 0.444381 0.911935
vt 0.425195 0.911935
vt 0.440697 0.916146
vt 0.425195 0.760254
vt 0.444381 0.760254
vt 0.496465 0.760254
vt 0.495673 0.756042
vt 0.470149 0.916146
vt 0.470149 0.916146
vt 0.472283 0.911935
vt 0.472283 0.760253
vt 0.470149 0.756042
vt 0.183257 0.874063
vt 0.601760 0.910629
vt 0.502065 0.910629
vt 0.502065 0.766040
vt 0.601760 0.766040
vt 0.203073 0.883197
vt 0.207483 0.883197
vt 0.207483 0.867390
vt 0.203073 0.883197
vt 0.203073 0.874063
vt 0.225936 0.874063
vt 0.440697 0.916146
vt 0.465390 0.760253
vt 0.462873 0.756042
vt 0.465390 0.911935
vt 0.462873 0.916146
vt 0.208721 0.883197
vt 0.208721 0.874063
vt 0.471017 0.910629
vt 0.471017 0.766040
vt 0.213922 0.883197
vt 0.213922 0.867390
vt 0.207483 0.883197
vt 0.207483 0.867390
vt 0.477903 0.910629
vt 0.477904 0.766040
vt 0.203073 0.874063
vt 0.472283 0.760254
vt 0.465390 0.760253
vt 0.208721 0.874063
vt 0.213922 0.867390
vt 0.213922 0.883197
vt 0.465390 0.911935
vt 0.462873 0.916146
vt 0.207483 0.815224
vt 0.213922 0.815224
vt 0.812493 0.271184
vt 0.827401 0.271184
vt 0.827401 0.163556
vt 0.812493 0.163556
vt 0.213922 0.815224
vt 0.251472 0.815224
vt 0.233549 0.815224
vt 0.091682 0.815224
vt 0.184893 0.815224
vt 0.251472 0.782775
vt 0.251472 0.782775
vt 0.091682 0.782775
vt 0.091682 0.782775
vt 0.233549 0.782775
vt 0.184893 0.782775
vt 0.207483 0.782775
vt 0.184893 0.782775
vt 0.233549 0.782775
vt 0.213922 0.782775
vt 0.207483 0.782775
vt 0.213922 0.782775
vt 0.832291 0.163556
vt 0.832291 0.271184
vt 0.849450 0.163556
vt 0.849450 0.271184
vt 0.840125 0.279782
vt 0.840125 0.271353
vt 0.879276 0.263565
vt 0.882502 0.271353
vt 0.840125 0.247348
vt 0.840125 0.211423
vt 0.856342 0.208197
vt 0.870090 0.241388
vt 0.840125 0.169045
vt 0.870090 0.199011
vt 0.895493 0.224414
vt 0.912467 0.241388
vt 0.918428 0.247348
vt 0.912467 0.199011
vt 0.934645 0.208197
vt 0.879276 0.185262
vt 0.942432 0.211423
vt 0.882502 0.169045
vt 0.456370 0.758468
vt 0.434512 0.791182
vt 0.566262 0.736609
vt 0.527673 0.728933
vt 0.942432 0.169045
vt 0.950862 0.169045
vt 0.918428 0.169045
vt 0.566262 0.922933
vt 0.598976 0.901074
vt 0.426836 0.829771
vt 0.434512 0.868360
vt 0.489085 0.922933
vt 0.527673 0.930608
vt 0.934645 0.129894
vt 0.942432 0.126668
vt 0.879276 0.152828
vt 0.912467 0.139080
vt 0.620835 0.868360
vt 0.628511 0.829771
vt 0.620835 0.791182
vt 0.598976 0.758468
vt 0.456371 0.901074
vt 0.895493 0.113677
vt 0.912467 0.096703
vt 0.870090 0.139080
vt 0.918428 0.090742
vt 0.489085 0.736609
vt 0.870090 0.096703
vt 0.879276 0.074525
vt 0.856342 0.129894
vt 0.882502 0.066738
vt 0.527673 0.738047
vt 0.492572 0.745029
vt 0.619397 0.829771
vt 0.612415 0.794670
vt 0.840125 0.066738
vt 0.840125 0.058308
vt 0.840125 0.126668
vt 0.840125 0.090742
vt 0.462815 0.894629
vt 0.492572 0.914512
vt 0.612415 0.864872
vt 0.800973 0.074525
vt 0.797747 0.066738
vt 0.823908 0.129894
vt 0.810159 0.096703
vt 0.592532 0.764912
vt 0.562774 0.745029
vt 0.435950 0.829771
vt 0.442932 0.864872
vt 0.442932 0.794670
vt 0.527673 0.921494
vt 0.784756 0.113677
vt 0.767782 0.096703
vt 0.810159 0.139080
vt 0.562774 0.914512
vt 0.761822 0.090742
vt 0.767782 0.139080
vt 0.745605 0.129894
vt 0.800973 0.152828
vt 0.462815 0.764913
vt 0.592532 0.894629
vt 0.737817 0.126668
vt 0.761822 0.247348
vt 0.797747 0.271353
vt 0.737817 0.169045
vt 0.729388 0.169045
vt 0.797747 0.169045
vt 0.761822 0.169045
vt 0.800973 0.185262
vt 0.767782 0.199011
vt 0.737817 0.211423
vt 0.745605 0.208197
vt 0.784756 0.224414
vt 0.767782 0.241388
vt 0.810159 0.199011
vt 0.823908 0.208197
vt 0.800973 0.263565
vt 0.810159 0.241388
vt 0.514216 0.793281
vt 0.518610 0.793281
vt 0.518610 0.785889
vt 0.514216 0.785889
vt 0.492125 0.793281
vt 0.499882 0.793281
vt 0.499882 0.785889
vt 0.492125 0.785889
vt 0.485548 0.793281
vt 0.485548 0.785889
vt 0.520153 0.793281
vt 0.520153 0.785889
vt 0.507639 0.793281
vt 0.499882 0.793281
vt 0.499882 0.785889
vt 0.507639 0.785889
vt 0.481154 0.793281
vt 0.479611 0.793281
vt 0.479611 0.785889
vt 0.481154 0.785889
vt 0.498560 0.790831
vt 0.480454 0.794432
vt 0.474843 0.780886
vt 0.498560 0.776169
vt 0.545872 0.838143
vt 0.542271 0.820038
vt 0.555817 0.814427
vt 0.560534 0.838143
vt 0.465105 0.871598
vt 0.480454 0.881854
vt 0.474843 0.895400
vt 0.454737 0.881966
vt 0.542271 0.856249
vt 0.555817 0.861860
vt 0.532014 0.804688
vt 0.516665 0.794432
vt 0.522276 0.780886
vt 0.542382 0.794320
vt 0.451247 0.838143
vt 0.454849 0.856249
vt 0.441303 0.861860
vt 0.436585 0.838143
vt 0.454849 0.820038
vt 0.441303 0.814427
vt 0.498560 0.885456
vt 0.498560 0.900118
vt 0.516665 0.881854
vt 0.522276 0.895400
vt 0.465105 0.804688
vt 0.454737 0.794320
vt 0.532014 0.871598
vt 0.542382 0.881966
vt 0.171973 0.788822
vt 0.175480 0.788822
vt 0.175480 0.764939
vt 0.171973 0.764939
vt 0.166722 0.788822
vt 0.166722 0.764939
vt 0.144347 0.788822
vt 0.145579 0.788822
vt 0.145579 0.764939
vt 0.144347 0.764939
vt 0.154337 0.788822
vt 0.149087 0.788822
vt 0.149087 0.764939
vt 0.154337 0.764939
vt 0.176712 0.788822
vt 0.176712 0.764939
vt 0.160530 0.788822
vt 0.160530 0.764939
vt 0.514216 0.823512
vt 0.518610 0.823512
vt 0.518610 0.816120
vt 0.514216 0.816120
vt 0.492125 0.823512
vt 0.499882 0.823512
vt 0.499882 0.816120
vt 0.492125 0.816120
vt 0.492125 0.823512
vt 0.485548 0.823512
vt 0.485548 0.816120
vt 0.520153 0.823512
vt 0.520153 0.816120
vt 0.507639 0.823512
vt 0.499882 0.823512
vt 0.499882 0.816120
vt 0.507639 0.816120
vt 0.481154 0.823512
vt 0.479611 0.823512
vt 0.479611 0.816120
vt 0.481154 0.816120
vt 0.485548 0.823512
vt 0.514216 0.823512
vt 0.507639 0.823512
vt 0.171973 0.820435
vt 0.175480 0.820435
vt 0.175480 0.796552
vt 0.171973 0.796552
vt 0.166722 0.820435
vt 0.166722 0.796552
vt 0.144347 0.820435
vt 0.145579 0.820435
vt 0.145579 0.796552
vt 0.144347 0.796552
vt 0.154337 0.820435
vt 0.149087 0.820435
vt 0.149087 0.796552
vt 0.154337 0.796552
vt 0.176712 0.820435
vt 0.176712 0.796552
vt 0.160530 0.820435
vt 0.160530 0.796552
vt 0.514216 0.853742
vt 0.518610 0.853742
vt 0.518610 0.846351
vt 0.514216 0.846351
vt 0.492125 0.853742
vt 0.499882 0.853742
vt 0.499882 0.846351
vt 0.492125 0.846351
vt 0.485548 0.853742
vt 0.485548 0.846351
vt 0.492125 0.846351
vt 0.520153 0.853742
vt 0.520153 0.846351
vt 0.507639 0.853742
vt 0.499882 0.853742
vt 0.499882 0.846351
vt 0.507639 0.846351
vt 0.481154 0.853742
vt 0.479611 0.853742
vt 0.479611 0.846351
vt 0.481154 0.846351
vt 0.485548 0.846351
vt 0.514216 0.846351
vt 0.507639 0.846351
vt 0.171973 0.852048
vt 0.175480 0.852048
vt 0.175480 0.828165
vt 0.171973 0.828165
vt 0.166722 0.852048
vt 0.166722 0.828165
vt 0.144347 0.852048
vt 0.145579 0.852048
vt 0.145579 0.828165
vt 0.144347 0.828165
vt 0.154337 0.852048
vt 0.149087 0.852048
vt 0.149087 0.828165
vt 0.154337 0.828165
vt 0.176712 0.852048
vt 0.176712 0.828165
vt 0.160530 0.852048
vt 0.160530 0.828165
vt 0.514216 0.883973
vt 0.518610 0.883973
vt 0.518610 0.876581
vt 0.514216 0.876581
vt 0.492125 0.883973
vt 0.499882 0.883973
vt 0.499882 0.876581
vt 0.492125 0.876581
vt 0.485548 0.883973
vt 0.485548 0.876581
vt 0.520153 0.883973
vt 0.520153 0.876581
vt 0.507639 0.883973
vt 0.499882 0.883973
vt 0.499882 0.876581
vt 0.507639 0.876581
vt 0.481154 0.883973
vt 0.479611 0.883973
vt 0.479611 0.876581
vt 0.481154 0.876581
vt 0.171973 0.883661
vt 0.175480 0.883661
vt 0.175480 0.859778
vt 0.171973 0.859778
vt 0.166722 0.883661
vt 0.166722 0.859778
vt 0.144347 0.883661
vt 0.145579 0.883661
vt 0.145579 0.859778
vt 0.144347 0.859778
vt 0.154337 0.883661
vt 0.149087 0.883661
vt 0.149087 0.859778
vt 0.154337 0.859778
vt 0.176712 0.883661
vt 0.176712 0.859778
vt 0.160530 0.883661
vt 0.160530 0.859778
vt 0.514216 0.914204
vt 0.518610 0.914204
vt 0.518610 0.906812
vt 0.514216 0.906812
vt 0.492125 0.914204
vt 0.499882 0.914204
vt 0.499882 0.906812
vt 0.492125 0.906812
vt 0.485548 0.914204
vt 0.485548 0.906812
vt 0.520153 0.914204
vt 0.520153 0.906812
vt 0.507639 0.914204
vt 0.499882 0.914204
vt 0.499882 0.906812
vt 0.507639 0.906812
vt 0.481154 0.914204
vt 0.479611 0.914204
vt 0.479611 0.906812
vt 0.481154 0.906812
vt 0.171973 0.915273
vt 0.175480 0.915273
vt 0.175480 0.891390
vt 0.171973 0.891390
vt 0.166722 0.915273
vt 0.166722 0.891390
vt 0.144347 0.915273
vt 0.145579 0.915273
vt 0.145579 0.891390
vt 0.144347 0.891390
vt 0.154337 0.915273
vt 0.149087 0.915273
vt 0.149087 0.891390
vt 0.154337 0.891390
vt 0.176712 0.915273
vt 0.176712 0.891390
vt 0.160530 0.915273
vt 0.160530 0.891390
vt 0.160530 0.915273
vt 0.166722 0.915273
vt 0.154337 0.915273
vt 0.514216 0.944434
vt 0.518610 0.944434
vt 0.518610 0.937042
vt 0.514216 0.937042
vt 0.492125 0.944434
vt 0.499882 0.944434
vt 0.499882 0.937042
vt 0.492125 0.937042
vt 0.485548 0.944434
vt 0.485548 0.937042
vt 0.520153 0.944434
vt 0.520153 0.937042
vt 0.507639 0.944434
vt 0.499882 0.944434
vt 0.499882 0.937042
vt 0.507639 0.937042
vt 0.481154 0.944434
vt 0.479611 0.944434
vt 0.479611 0.937042
vt 0.481154 0.937042
vt 0.171973 0.946886
vt 0.175480 0.946886
vt 0.175480 0.923003
vt 0.171973 0.923003
vt 0.166722 0.946886
vt 0.166722 0.923003
vt 0.144347 0.946886
vt 0.145579 0.946886
vt 0.145579 0.923003
vt 0.144347 0.923003
vt 0.154337 0.946886
vt 0.149087 0.946886
vt 0.149087 0.923003
vt 0.154337 0.923003
vt 0.176712 0.946886
vt 0.176712 0.923003
vt 0.160530 0.946886
vt 0.160530 0.923003
vt 0.160530 0.946886
vt 0.166722 0.946886
vt 0.154337 0.946886
vt 0.151186 0.949654
vt 0.148322 0.949654
vt 0.155473 0.949654
vt 0.160530 0.949654
vt 0.165586 0.949654
vt 0.169873 0.949654
vt 0.172737 0.949654
vt 0.173743 0.949654
vt 0.160530 0.949654
vt 0.147316 0.949654
vt 0.148322 0.949654
vt 0.842705 0.900160
vt 0.823657 0.896372
vt 0.836922 0.864347
vt 0.842705 0.865498
vt 0.156226 0.946867
vt 0.152577 0.946867
vt 0.150139 0.946867
vt 0.149283 0.946867
vt 0.160530 0.946867
vt 0.164834 0.946867
vt 0.168482 0.946867
vt 0.170920 0.946867
vt 0.171777 0.946867
vt 0.848488 0.864347
vt 0.832019 0.861072
vt 0.828743 0.856169
vt 0.827593 0.850386
vt 0.828743 0.844603
vt 0.832019 0.839700
vt 0.836922 0.836424
vt 0.842705 0.835274
vt 0.848488 0.836424
vt 0.853391 0.839700
vt 0.856666 0.844603
vt 0.857817 0.850386
vt 0.856666 0.856169
vt 0.853391 0.861072
vt 0.823657 0.804400
vt 0.842705 0.800611
vt 0.877900 0.885582
vt 0.861753 0.896372
vt 0.807509 0.815190
vt 0.888690 0.869434
vt 0.796719 0.831338
vt 0.892479 0.850386
vt 0.792930 0.850386
vt 0.888690 0.831338
vt 0.796719 0.869434
vt 0.877900 0.815190
vt 0.807509 0.885582
vt 0.861753 0.804400
vt 0.154337 0.757209
vt 0.160530 0.757209
vt 0.166722 0.757209
vt 0.171973 0.757209
vt 0.175480 0.757209
vt 0.176712 0.757209
vt 0.149087 0.757209
vt 0.145579 0.757209
vt 0.144347 0.757209
vt 0.455118 0.849066
vt 0.456611 0.833907
vt 0.458653 0.834313
vt 0.457200 0.849066
vt 0.464232 0.835423
vt 0.462889 0.849066
vt 0.471853 0.836939
vt 0.470659 0.849066
vt 0.479475 0.838454
vt 0.478429 0.849066
vt 0.485054 0.839564
vt 0.484118 0.849066
vt 0.487096 0.839970
vt 0.486200 0.849066
vt 0.461033 0.819330
vt 0.462957 0.820127
vt 0.468212 0.822303
vt 0.475391 0.825277
vt 0.482570 0.828251
vt 0.487825 0.830427
vt 0.489749 0.831224
vt 0.487825 0.830428
vt 0.468214 0.805896
vt 0.469945 0.807052
vt 0.474675 0.810213
vt 0.481136 0.814530
vt 0.487596 0.818847
vt 0.492326 0.822007
vt 0.494057 0.823164
vt 0.481136 0.814530
vt 0.477877 0.794121
vt 0.479350 0.795593
vt 0.483372 0.799615
vt 0.488866 0.805110
vt 0.494361 0.810604
vt 0.498383 0.814627
vt 0.499855 0.816099
vt 0.489652 0.784457
vt 0.490809 0.786188
vt 0.493969 0.790918
vt 0.498287 0.797379
vt 0.502603 0.803840
vt 0.505764 0.808569
vt 0.506920 0.810301
vt 0.505764 0.808569
vt 0.502603 0.803840
vt 0.498286 0.797379
vt 0.503086 0.777276
vt 0.503883 0.779200
vt 0.506060 0.784455
vt 0.509034 0.791634
vt 0.512007 0.798813
vt 0.514184 0.804069
vt 0.514981 0.805992
vt 0.514184 0.804069
vt 0.509034 0.791634
vt 0.506060 0.784455
vt 0.517663 0.772855
vt 0.518069 0.774897
vt 0.519179 0.780476
vt 0.520695 0.788097
vt 0.522211 0.795718
vt 0.523321 0.801297
vt 0.523727 0.803339
vt 0.532823 0.771362
vt 0.532823 0.773444
vt 0.532823 0.779132
vt 0.532823 0.786902
vt 0.532823 0.794673
vt 0.532823 0.800361
vt 0.532823 0.802443
vt 0.532823 0.794673
vt 0.555833 0.794673
vt 0.555833 0.786902
vt 0.555833 0.779132
vt 0.555833 0.773444
vt 0.555833 0.786902
vt 0.555833 0.800361
vt 0.555833 0.802443
vt 0.555833 0.771362
vt 0.457200 0.867460
vt 0.462889 0.867460
vt 0.486200 0.867460
vt 0.484118 0.867460
vt 0.455118 0.867460
vt 0.478429 0.867460
vt 0.470659 0.867460
vt 0.462889 0.867460
vt 0.587530 0.823456
vt 0.586535 0.833561
vt 0.585174 0.833290
vt 0.586142 0.823456
vt 0.581455 0.832550
vt 0.582351 0.823456
vt 0.576375 0.831540
vt 0.577171 0.823456
vt 0.571295 0.830529
vt 0.571992 0.823456
vt 0.567577 0.829790
vt 0.568200 0.823456
vt 0.566216 0.829519
vt 0.566813 0.823456
vt 0.567577 0.829790
vt 0.583587 0.843277
vt 0.582305 0.842746
vt 0.578802 0.841295
vt 0.574017 0.839313
vt 0.569232 0.837331
vt 0.565729 0.835880
vt 0.564447 0.835348
vt 0.565729 0.835880
vt 0.578801 0.852231
vt 0.577647 0.851460
vt 0.574495 0.849354
vt 0.570188 0.846476
vt 0.565882 0.843599
vt 0.562729 0.841492
vt 0.561575 0.840721
vt 0.574495 0.849354
vt 0.572360 0.860080
vt 0.571379 0.859098
vt 0.568698 0.856417
vt 0.565035 0.852755
vt 0.561373 0.849093
vt 0.558692 0.846412
vt 0.557711 0.845430
vt 0.561373 0.849093
vt 0.564511 0.866521
vt 0.563740 0.865367
vt 0.561634 0.862214
vt 0.558757 0.857908
vt 0.555879 0.853601
vt 0.553773 0.850449
vt 0.553002 0.849295
vt 0.555557 0.871307
vt 0.555026 0.870025
vt 0.553575 0.866522
vt 0.551593 0.861737
vt 0.549611 0.856952
vt 0.548160 0.853449
vt 0.547629 0.852167
vt 0.549611 0.856952
vt 0.545841 0.874254
vt 0.545570 0.872893
vt 0.544831 0.869175
vt 0.543820 0.864095
vt 0.542810 0.859015
vt 0.542070 0.855296
vt 0.541799 0.853935
vt 0.535737 0.875250
vt 0.535737 0.873862
vt 0.535737 0.870070
vt 0.535737 0.864891
vt 0.535737 0.859712
vt 0.535737 0.855920
vt 0.535737 0.854532
vt 0.398519 0.859712
vt 0.398519 0.864891
vt 0.398519 0.870070
vt 0.398519 0.873862
vt 0.398519 0.855920
vt 0.398519 0.854532
vt 0.398519 0.875250
vt 0.586142 0.816678
vt 0.582351 0.816678
vt 0.566813 0.816678
vt 0.568200 0.816678
vt 0.586142 0.816678
vt 0.587530 0.816678
vt 0.571992 0.816678
vt 0.577171 0.816678
vt 0.582351 0.816678
vt 0.577171 0.816678
s 1
usemtl base_material
f 4/1/1 3/2/2 9/3/3 10/4/4
f 2/5/5 1/6/6 7/7/7 8/8/8
f 3/2/2 2/5/5 8/8/8 9/3/3
f 1/6/6 35/9/9 7/7/7
f 8/8/8 7/7/7 14/10/10 15/11/11
f 9/3/3 8/8/8 15/11/11 16/12/12
f 7/7/7 35/9/9 14/10/10
f 33/13/13 34/14/14 11/14/14 12/13/13
f 10/4/4 9/3/3 16/12/12 17/15/15
f 40/16/16 41/17/17 5/17/17 6/16/16
f 25/18/18 26/19/19 19/20/19 20/18/18
f 16/12/12 15/11/11 22/21/20 23/22/21
f 14/10/10 35/9/9 21/23/22
f 26/19/19 27/24/23 18/24/23 19/20/19
f 32/25/24 33/13/13 12/13/13 13/26/24
f 17/15/15 16/12/12 23/22/21 24/27/25
f 15/11/11 14/10/10 21/23/22 22/21/20
f 21/23/22 35/9/9 28/28/26
f 34/14/14 40/16/16 6/16/16 11/14/14
f 41/17/17 25/18/18 20/18/18 5/17/17
f 24/27/25 23/22/21 30/29/27 31/30/28
f 22/21/20 21/23/22 28/28/26 29/31/29
f 20/18/30 19/20/30 18/24/30 13/26/30 12/13/30 11/14/30 6/16/30 5/17/30
f 55/32/9 50/33/9 32/25/9 27/24/9
f 23/22/21 22/21/20 29/31/29 30/29/27
f 42/34/9 57/35/9 25/18/9 41/17/9
f 31/30/28 30/29/27 38/36/31 39/37/32
f 29/31/29 28/28/26 36/38/33 37/39/34
f 57/35/9 56/40/9 26/19/9 25/18/9
f 47/41/9 42/34/9 41/17/9 40/16/9
f 30/29/27 29/31/29 37/39/34 38/36/31
f 28/28/26 35/9/9 36/38/33
f 48/42/9 47/41/9 40/16/9 34/14/9
f 50/33/9 49/43/9 33/13/9 32/25/9
f 56/40/9 55/32/9 27/24/9 26/19/9
f 38/36/31 37/39/34 44/44/35 45/45/36
f 36/38/33 35/9/9 43/46/37
f 27/24/23 32/25/24 13/26/24 18/24/23
f 49/43/9 48/42/9 34/14/9 33/13/9
f 39/37/32 38/36/31 45/45/36 46/47/38
f 37/39/34 36/38/33 43/46/37 44/44/35
f 31/30/28 39/37/32 48/37/14 49/30/13
f 45/45/36 44/44/35 52/48/39 53/49/40
f 43/46/37 35/9/9 51/50/41
f 39/37/32 46/47/38 47/47/16 48/37/14
f 46/47/38 54/51/42 42/51/17 47/47/16
f 46/47/38 45/45/36 53/49/40 54/51/42
f 44/44/35 43/46/37 51/50/41 52/48/39
f 24/27/25 31/30/28 49/30/13 50/27/24
f 4/1/1 10/4/4 56/4/19 57/1/18
f 54/51/42 4/1/1 57/1/18 42/51/17
f 54/51/42 53/49/40 3/2/2 4/1/1
f 52/48/39 51/50/41 1/6/6 2/5/5
f 17/15/15 24/27/25 50/27/24 55/15/23
f 10/4/4 17/15/15 55/15/23 56/4/19
f 53/49/40 52/48/39 2/5/5 3/2/2
f 51/50/41 35/9/9 1/6/6
f 142/52/16 70/53/16 61/53/16 145/54/16
f 144/55/23 65/56/23 73/56/23 143/55/23
f 149/57/13 101/58/13 70/53/13 142/52/13
f 86/59/30 64/60/30 62/61/30 88/62/30
f 91/63/18 63/64/18 77/65/18 93/66/18
f 146/67/18 90/68/18 65/56/18 144/55/18
f 59/69/9 72/69/9 61/53/9 70/53/9
f 87/70/9 71/64/9 65/56/9 90/68/9
f 71/64/9 63/64/9 73/56/9 65/56/9
f 102/71/9 59/69/9 70/53/9 101/58/9
f 110/72/9 74/73/9 76/74/9 103/75/9
f 63/64/16 71/64/16 75/76/16 77/65/16
f 107/71/13 72/69/13 74/77/13 110/78/13
f 72/69/23 59/69/23 76/79/23 74/77/23
f 88/62/30 62/61/30 83/80/30 97/81/30
f 94/82/9 67/60/9 82/83/9 98/84/9
f 67/60/9 66/61/9 84/80/9 82/83/9
f 62/61/30 64/60/30 81/83/30 83/80/30
f 96/84/18 98/84/18 82/83/18 81/83/18
f 112/85/13 106/85/13 85/86/13 79/86/13
f 81/83/23 82/83/23 84/80/23 83/80/23
f 79/86/16 85/86/16 80/87/16 78/87/16
f 100/88/30 60/89/30 78/87/30 105/90/30
f 69/91/9 68/89/9 80/87/9 85/86/9
f 104/92/9 69/91/9 85/86/9 106/85/9
f 60/89/30 58/91/30 79/86/30 78/87/30
f 66/61/9 95/93/9 99/94/9 84/80/9
f 64/60/30 86/59/30 96/84/30 81/83/30
f 83/80/13 84/80/13 99/94/13 97/81/13
f 126/95/18 120/96/18 98/84/18 96/84/18
f 118/97/9 94/82/9 98/84/9 120/96/9
f 115/98/30 88/62/30 97/81/30 119/99/30
f 71/64/13 87/70/13 92/100/13 75/76/13
f 75/101/9 92/102/9 93/103/9 77/104/9
f 63/64/9 91/63/9 89/68/9 73/56/9
f 114/105/9 87/70/9 90/68/9 116/106/9
f 151/107/18 116/106/18 90/68/18 146/67/18
f 123/108/18 91/63/18 93/66/18 124/109/18
f 121/97/30 86/59/30 88/62/30 115/98/30
f 143/55/13 73/56/13 89/68/13 147/67/13
f 60/89/30 100/88/30 108/92/30 58/91/30
f 59/69/18 102/71/18 103/110/18 76/79/18
f 145/54/18 61/53/18 109/58/18 148/57/18
f 72/69/9 107/71/9 109/58/9 61/53/9
f 58/91/30 108/92/30 112/85/30 79/86/30
f 68/89/9 111/88/9 113/111/9 80/87/9
f 78/87/18 80/87/18 113/111/18 105/90/18
f 132/112/9 104/92/9 106/85/9 134/113/9
f 128/114/30 100/88/30 105/90/30 133/115/30
f 140/113/13 134/113/13 106/85/13 112/85/13
f 135/116/13 107/71/13 110/78/13 138/117/13
f 138/118/9 110/72/9 103/75/9 131/119/9
f 130/116/9 102/71/9 101/58/9 129/120/9
f 153/121/13 129/120/13 101/58/13 149/57/13
f 147/67/13 89/68/13 122/122/13 150/123/13
f 91/63/9 123/108/9 122/122/9 89/68/9
f 92/102/9 117/124/9 124/125/9 93/103/9
f 87/70/13 114/105/13 117/126/13 92/100/13
f 97/81/13 99/94/13 127/99/13 119/99/13
f 86/59/30 121/97/30 126/95/30 96/84/30
f 95/93/9 125/127/9 127/99/9 99/94/9
f 128/114/30 121/97/30 115/98/30 136/128/30
f 130/116/18 123/108/18 124/109/18 131/129/18
f 152/130/18 137/131/18 116/106/18 151/107/18
f 135/116/9 114/105/9 116/106/9 137/131/9
f 136/128/30 115/98/30 119/99/30 140/113/30
f 139/132/9 118/97/9 120/96/9 141/133/9
f 133/115/18 141/133/18 120/96/18 126/95/18
f 105/90/18 113/111/18 141/133/18 133/115/18
f 111/88/9 139/132/9 141/133/9 113/111/9
f 108/92/30 136/128/30 140/113/30 112/85/30
f 107/71/9 135/116/9 137/131/9 109/58/9
f 148/57/18 109/58/18 137/131/18 152/130/18
f 102/71/18 130/116/18 131/129/18 103/110/18
f 100/88/30 128/114/30 136/128/30 108/92/30
f 150/123/13 122/122/13 129/120/13 153/121/13
f 123/108/9 130/116/9 129/120/9 122/122/9
f 117/124/9 138/118/9 131/119/9 124/125/9
f 114/105/13 135/116/13 138/117/13 117/126/13
f 119/99/13 127/99/13 134/113/13 140/113/13
f 121/97/30 128/114/30 133/115/30 126/95/30
f 125/127/9 132/112/9 134/113/9 127/99/9
f 161/134/13 150/123/13 153/121/13 164/135/13
f 148/136/30 152/137/30 153/138/30 149/139/30
f 163/140/18 152/130/18 151/107/18 162/134/18
f 159/136/23 148/136/23 149/139/23 160/139/23
f 163/137/16 164/138/16 153/138/16 152/137/16
f 156/141/18 145/54/18 148/57/18 159/142/18
f 154/143/13 143/55/13 147/67/13 158/144/13
f 164/138/9 163/137/9 159/136/9 160/139/9
f 157/144/18 146/67/18 144/55/18 155/143/18
f 160/142/13 149/57/13 142/52/13 165/141/13
f 155/143/23 144/55/23 143/55/23 154/143/23
f 165/141/16 142/52/16 145/54/16 156/141/16
f 69/145/16 165/141/16 156/141/16 68/146/16
f 67/147/23 155/143/23 154/143/23 66/148/23
f 104/149/13 160/142/13 165/141/13 69/145/13
f 94/150/18 157/144/18 155/143/18 67/147/18
f 118/151/18 162/134/18 157/144/18 94/150/18
f 66/148/13 154/143/13 158/144/13 95/152/13
f 68/146/18 156/141/18 159/142/18 111/153/18
f 132/154/13 164/135/13 160/142/13 104/149/13
f 95/152/13 158/144/13 161/134/13 125/155/13
f 139/156/18 163/140/18 162/134/18 118/151/18
f 111/153/18 159/142/18 163/140/18 139/156/18
f 125/155/13 161/134/13 164/135/13 132/154/13
f 161/157/23 162/158/23 151/158/23 150/157/23
f 147/159/30 150/157/30 151/158/30 146/160/30
f 157/160/16 158/159/16 147/159/16 146/160/16
f 162/158/9 161/157/9 158/159/9 157/160/9
f 277/161/43 167/162/44 171/163/45 172/164/46
f 166/165/47 276/166/48 169/167/49 170/168/50
f 167/162/44 166/165/47 170/168/50 171/163/45
f 276/166/48 218/169/9 169/167/49
f 170/168/50 169/167/49 176/170/51 177/171/52
f 171/163/45 170/168/50 177/171/52 178/172/53
f 169/167/49 218/169/9 176/170/51
f 172/164/46 171/163/45 178/172/53 179/173/54
f 178/172/53 177/171/52 184/174/55 185/175/56
f 176/170/51 218/169/9 183/176/57
f 179/173/54 178/172/53 185/175/56 186/177/58
f 177/171/52 176/170/51 183/176/57 184/174/55
f 183/176/57 218/169/9 190/178/59
f 230/179/14 231/180/60 181/180/60 182/179/14
f 223/181/61 224/182/13 188/182/13 189/181/61
f 186/177/58 185/175/56 192/183/62 193/184/63
f 184/174/55 183/176/57 190/178/59 191/185/64
f 208/186/65 209/187/19 202/187/19 203/186/65
f 232/188/16 237/189/66 175/189/66 180/188/16
f 185/175/56 184/174/55 191/185/64 192/183/62
f 239/190/67 240/191/18 168/191/18 173/190/67
f 193/184/63 192/183/62 199/192/68 200/193/69
f 191/185/64 190/178/59 197/194/70 198/195/71
f 210/196/72 215/197/23 196/197/23 201/196/72
f 216/198/73 217/199/24 194/199/24 195/198/73
f 192/183/62 191/185/64 198/195/71 199/192/68
f 190/178/59 218/169/9 197/194/70
f 240/191/18 208/186/65 203/186/65 168/191/18
f 237/189/66 238/200/17 174/200/17 175/189/66
f 215/197/23 216/198/73 195/198/73 196/197/23
f 199/192/68 198/195/71 205/201/74 206/202/75
f 197/194/70 218/169/9 204/203/76
f 217/199/24 223/181/61 189/181/61 194/199/24
f 209/187/19 210/196/72 201/196/72 202/187/19
f 200/193/69 199/192/68 206/202/75 207/204/77
f 198/195/71 197/194/70 204/203/76 205/201/74
f 225/205/78 230/179/14 182/179/14 187/205/78
f 206/202/75 205/201/74 212/206/79 213/207/80
f 204/203/76 218/169/9 211/208/81
f 231/180/60 232/188/16 180/188/16 181/180/60
f 224/182/13 225/205/78 187/205/78 188/182/13
f 207/204/77 206/202/75 213/207/80 214/209/82
f 205/201/74 204/203/76 211/208/81 212/206/79
f 238/200/17 239/190/67 173/190/67 174/200/17
f 261/210/9 260/211/9 225/205/9 224/182/9
f 273/212/9 268/213/9 216/198/9 215/197/9
f 214/209/82 213/207/80 221/214/83 222/215/84
f 212/206/79 211/208/81 219/216/85 220/217/86
f 247/218/9 246/219/9 239/190/9 238/200/9
f 274/220/9 273/212/9 215/197/9 210/196/9
f 213/207/80 212/206/79 220/217/86 221/214/83
f 211/208/81 218/169/9 219/216/85
f 222/215/84 221/214/83 228/221/87 229/222/88
f 220/217/86 219/216/85 226/223/89 227/224/90
f 267/225/9 266/226/9 223/181/9 217/199/9
f 253/227/9 252/228/9 237/189/9 232/188/9
f 221/214/83 220/217/86 227/224/90 228/221/87
f 219/216/85 218/169/9 226/223/89
f 254/229/9 253/227/9 232/188/9 231/180/9
f 252/228/9 247/218/9 238/200/9 237/189/9
f 266/226/9 261/210/9 224/182/9 223/181/9
f 246/219/9 245/230/9 240/191/9 239/190/9
f 228/221/87 227/224/90 234/231/91 235/232/92
f 226/223/89 218/169/9 233/233/93
f 245/230/9 278/234/9 208/186/9 240/191/9
f 268/213/9 267/225/9 217/199/9 216/198/9
f 229/222/88 228/221/87 235/232/92 236/235/94
f 227/224/90 226/223/89 233/233/93 234/231/91
f 235/232/92 234/231/91 242/236/95 243/237/96
f 233/233/93 218/169/9 241/238/97
f 259/239/9 254/229/9 231/180/9 230/179/9
f 278/234/9 275/240/9 209/187/9 208/186/9
f 236/235/94 235/232/92 243/237/96 244/241/98
f 234/231/91 233/233/93 241/238/97 242/236/95
f 275/240/9 274/220/9 210/196/9 209/187/9
f 260/211/9 259/239/9 230/179/9 225/205/9
f 236/235/94 244/241/98 254/241/60 259/235/14
f 265/242/99 272/243/100 246/243/67 247/242/17
f 244/241/98 243/237/96 250/244/101 251/245/102
f 242/236/95 241/238/97 248/246/103 249/247/104
f 193/184/63 200/193/69 268/193/73 273/184/23
f 172/164/46 179/173/54 275/173/19 278/164/65
f 243/237/96 242/236/95 249/247/104 250/244/101
f 241/238/97 218/169/9 248/246/103
f 249/247/104 248/246/103 255/248/105 256/249/106
f 251/245/102 258/250/107 252/250/66 253/245/16
f 200/193/69 207/204/77 267/204/24 268/193/73
f 250/244/101 249/247/104 256/249/106 257/251/108
f 248/246/103 218/169/9 255/248/105
f 277/161/43 172/164/46 278/164/65 245/161/18
f 222/215/84 229/222/88 260/222/78 261/215/13
f 251/245/102 250/244/101 257/251/108 258/250/107
f 179/173/54 186/177/58 274/177/72 275/173/19
f 244/241/98 251/245/102 253/245/16 254/241/60
f 257/251/108 256/249/106 263/252/109 264/253/110
f 255/248/105 218/169/9 262/254/111
f 258/250/107 265/242/99 247/242/17 252/250/66
f 272/243/100 277/161/43 245/161/18 246/243/67
f 258/250/107 257/251/108 264/253/110 265/242/99
f 256/249/106 255/248/105 262/254/111 263/252/109
f 262/254/111 218/169/9 269/255/112
f 229/222/88 236/235/94 259/235/14 260/222/78
f 186/177/58 193/184/63 273/184/23 274/177/72
f 265/242/99 264/253/110 271/256/113 272/243/100
f 263/252/109 262/254/111 269/255/112 270/257/114
f 207/204/77 214/209/82 266/209/61 267/204/24
f 214/209/82 222/215/84 261/215/13 266/209/61
f 264/253/110 263/252/109 270/257/114 271/256/113
f 272/243/100 271/256/113 167/162/44 277/161/43
f 270/257/114 269/255/112 276/166/48 166/165/47
f 271/256/113 270/257/114 166/165/47 167/162/44
f 269/255/112 218/169/9 276/166/48
f 329/258/14 330/259/60 302/260/60 303/261/14
f 325/262/61 326/263/13 306/264/13 307/265/61
f 317/262/65 318/266/19 314/267/19 315/265/65
f 331/268/16 333/259/66 299/260/66 301/269/16
f 335/270/67 336/271/18 295/272/18 297/273/67
f 319/274/72 321/275/23 311/276/23 313/277/72
f 322/274/73 323/266/24 309/267/24 310/277/73
f 336/271/18 317/262/65 315/265/65 295/272/18
f 333/259/66 334/258/17 298/261/17 299/260/66
f 321/275/23 322/274/73 310/277/73 311/276/23
f 323/266/24 325/262/61 307/265/61 309/267/24
f 318/266/19 319/274/72 313/277/72 314/267/19
f 327/270/78 329/258/14 303/261/14 305/273/78
f 330/259/60 331/268/16 301/269/16 302/260/60
f 326/263/13 327/270/78 305/273/78 306/264/13
f 334/258/17 335/270/67 297/273/67 298/261/17
f 348/278/9 347/279/9 327/280/9 326/281/9
f 354/282/9 352/283/9 322/284/9 321/285/9
f 340/286/9 339/287/9 335/288/9 334/289/9
f 355/290/9 354/282/9 321/285/9 319/291/9
f 351/292/9 350/293/9 325/294/9 323/295/9
f 343/296/9 342/297/9 333/298/9 331/299/9
f 344/300/9 343/296/9 331/299/9 330/301/9
f 342/297/9 340/286/9 334/289/9 333/298/9
f 350/293/9 348/278/9 326/281/9 325/294/9
f 339/287/9 338/302/9 336/303/9 335/288/9
f 338/302/9 358/304/9 317/305/9 336/303/9
f 352/283/9 351/292/9 323/295/9 322/284/9
f 346/306/9 344/300/9 330/301/9 329/307/9
f 358/304/9 356/308/9 318/309/9 317/305/9
f 356/308/9 355/290/9 319/291/9 318/309/9
f 347/279/9 346/306/9 329/307/9 327/280/9
f 332/310/14 337/311/60 344/312/60 346/313/14
f 349/310/17 353/314/67 339/315/67 340/313/17
f 308/316/23 312/317/73 352/318/73 354/319/23
f 296/320/65 300/321/19 356/322/19 358/323/65
f 341/324/16 345/311/66 342/312/66 343/325/16
f 312/317/73 316/321/24 351/322/24 352/318/73
f 357/326/18 296/320/65 358/323/65 338/327/18
f 324/326/13 328/314/78 347/315/78 348/327/13
f 300/321/19 304/317/72 355/318/72 356/322/19
f 337/311/60 341/324/16 343/325/16 344/312/60
f 345/311/66 349/310/17 340/313/17 342/312/66
f 353/314/67 357/326/18 338/327/18 339/315/67
f 328/314/78 332/310/14 346/313/14 347/315/78
f 304/317/72 308/316/23 354/319/23 355/318/72
f 316/321/24 320/320/61 350/323/61 351/322/24
f 320/320/61 324/326/13 348/327/13 350/323/61
f 393/328/14 394/329/60 366/330/60 367/331/14
f 389/332/61 390/333/13 370/334/13 371/335/61
f 381/336/65 382/337/19 378/338/19 379/335/65
f 395/339/16 397/329/66 363/330/66 365/340/16
f 399/341/67 400/342/18 359/343/18 361/344/67
f 383/345/72 385/346/23 375/347/23 377/348/72
f 386/345/73 387/349/24 373/338/24 374/348/73
f 400/342/18 381/336/65 379/335/65 359/343/18
f 397/329/66 398/350/17 362/331/17 363/330/66
f 385/346/23 386/345/73 374/348/73 375/347/23
f 387/349/24 389/332/61 371/335/61 373/338/24
f 382/337/19 383/345/72 377/348/72 378/338/19
f 391/351/78 393/328/14 367/331/14 369/344/78
f 394/329/60 395/339/16 365/340/16 366/330/60
f 390/333/13 391/351/78 369/344/78 370/334/13
f 398/350/17 399/341/67 361/344/67 362/331/17
f 412/278/9 411/279/9 391/280/9 390/281/9
f 418/282/9 416/283/9 386/284/9 385/285/9
f 404/286/9 403/287/9 399/288/9 398/289/9
f 419/290/9 418/282/9 385/285/9 383/291/9
f 415/292/9 414/293/9 389/294/9 387/295/9
f 407/296/9 406/297/9 397/298/9 395/299/9
f 408/300/9 407/296/9 395/299/9 394/301/9
f 406/297/9 404/286/9 398/289/9 397/298/9
f 414/293/9 412/278/9 390/281/9 389/294/9
f 403/287/9 402/302/9 400/303/9 399/288/9
f 402/302/9 422/304/9 381/305/9 400/303/9
f 416/283/9 415/292/9 387/295/9 386/284/9
f 410/306/9 408/300/9 394/301/9 393/307/9
f 422/304/9 420/308/9 382/309/9 381/305/9
f 420/308/9 419/290/9 383/291/9 382/309/9
f 411/279/9 410/306/9 393/307/9 391/280/9
f 396/352/14 401/353/60 408/354/60 410/355/14
f 413/352/17 417/356/67 403/357/67 404/355/17
f 372/358/23 376/359/73 416/360/73 418/361/23
f 360/362/65 364/363/19 420/364/19 422/365/65
f 405/366/16 409/353/66 406/354/66 407/367/16
f 376/359/73 380/363/24 415/364/24 416/360/73
f 421/368/18 360/362/65 422/365/65 402/369/18
f 388/368/13 392/356/78 411/357/78 412/369/13
f 364/363/19 368/359/72 419/360/72 420/364/19
f 401/353/60 405/366/16 407/367/16 408/354/60
f 409/353/66 413/352/17 404/355/17 406/354/66
f 417/356/67 421/368/18 402/369/18 403/357/67
f 392/356/78 396/352/14 410/355/14 411/357/78
f 368/359/72 372/358/23 418/361/23 419/360/72
f 380/363/24 384/362/61 414/365/61 415/364/24
f 384/362/61 388/368/13 412/369/13 414/365/61
f 457/370/14 458/371/60 430/372/60 431/373/14
f 453/374/61 454/375/13 434/376/13 435/377/61
f 445/374/65 446/378/19 442/379/19 443/380/65
f 459/381/16 461/371/66 427/372/66 429/382/16
f 463/383/67 464/384/18 423/385/18 425/386/67
f 447/387/72 449/388/23 439/389/23 441/390/72
f 450/387/73 451/378/24 437/391/24 438/390/73
f 464/384/18 445/374/65 443/380/65 423/385/18
f 461/371/66 462/370/17 426/392/17 427/372/66
f 449/388/23 450/387/73 438/390/73 439/389/23
f 451/378/24 453/374/61 435/377/61 437/391/24
f 446/378/19 447/387/72 441/390/72 442/379/19
f 455/383/78 457/370/14 431/373/14 433/393/78
f 458/371/60 459/381/16 429/382/16 430/372/60
f 454/375/13 455/383/78 433/393/78 434/376/13
f 462/370/17 463/383/67 425/386/67 426/392/17
f 476/278/9 475/279/9 455/280/9 454/281/9
f 482/282/9 480/283/9 450/284/9 449/285/9
f 468/286/9 467/287/9 463/288/9 462/289/9
f 483/290/9 482/282/9 449/285/9 447/291/9
f 479/292/9 478/293/9 453/294/9 451/295/9
f 471/296/9 470/297/9 461/298/9 459/299/9
f 472/300/9 471/296/9 459/299/9 458/301/9
f 470/297/9 468/286/9 462/289/9 461/298/9
f 478/293/9 476/278/9 454/281/9 453/294/9
f 467/287/9 466/302/9 464/303/9 463/288/9
f 466/302/9 486/304/9 445/305/9 464/303/9
f 480/283/9 479/292/9 451/295/9 450/284/9
f 474/306/9 472/300/9 458/301/9 457/307/9
f 486/304/9 484/308/9 446/309/9 445/305/9
f 484/308/9 483/290/9 447/291/9 446/309/9
f 475/279/9 474/306/9 457/307/9 455/280/9
f 460/394/14 465/395/60 472/396/60 474/397/14
f 477/394/17 481/398/67 467/399/67 468/397/17
f 436/400/23 440/401/73 480/402/73 482/403/23
f 424/404/65 428/405/19 484/406/19 486/407/65
f 469/408/16 473/395/66 470/396/66 471/409/16
f 440/401/73 444/405/24 479/406/24 480/402/73
f 485/410/18 424/404/65 486/407/65 466/411/18
f 452/410/13 456/398/78 475/399/78 476/411/13
f 428/405/19 432/401/72 483/402/72 484/406/19
f 465/395/60 469/408/16 471/409/16 472/396/60
f 473/395/66 477/394/17 468/397/17 470/396/66
f 481/398/67 485/410/18 466/411/18 467/399/67
f 456/398/78 460/394/14 474/397/14 475/399/78
f 432/401/72 436/400/23 482/403/23 483/402/72
f 444/405/24 448/404/61 478/407/61 479/406/24
f 448/404/61 452/410/13 476/411/13 478/407/61
f 521/412/14 522/413/60 494/414/60 495/415/14
f 517/416/61 518/417/13 498/418/13 499/419/61
f 509/416/65 510/420/19 506/421/19 507/419/65
f 523/422/16 525/413/66 491/414/66 493/423/16
f 527/424/67 528/425/18 487/426/18 489/427/67
f 511/428/72 513/429/23 503/430/23 505/431/72
f 514/428/73 515/420/24 501/421/24 502/431/73
f 528/425/18 509/416/65 507/419/65 487/426/18
f 525/413/66 526/412/17 490/415/17 491/414/66
f 513/429/23 514/428/73 502/431/73 503/430/23
f 515/420/24 517/416/61 499/419/61 501/421/24
f 510/420/19 511/428/72 505/431/72 506/421/19
f 519/424/78 521/412/14 495/415/14 497/427/78
f 522/413/60 523/422/16 493/423/16 494/414/60
f 518/417/13 519/424/78 497/427/78 498/418/13
f 526/412/17 527/424/67 489/427/67 490/415/17
f 540/278/9 539/279/9 519/280/9 518/281/9
f 546/282/9 544/283/9 514/284/9 513/285/9
f 532/286/9 531/287/9 527/288/9 526/289/9
f 547/290/9 546/282/9 513/285/9 511/291/9
f 543/292/9 542/293/9 517/294/9 515/295/9
f 535/296/9 534/297/9 525/298/9 523/299/9
f 536/300/9 535/296/9 523/299/9 522/301/9
f 534/297/9 532/286/9 526/289/9 525/298/9
f 542/293/9 540/278/9 518/281/9 517/294/9
f 531/287/9 530/302/9 528/303/9 527/288/9
f 530/302/9 550/304/9 509/305/9 528/303/9
f 544/283/9 543/292/9 515/295/9 514/284/9
f 538/306/9 536/300/9 522/301/9 521/307/9
f 550/304/9 548/308/9 510/309/9 509/305/9
f 548/308/9 547/290/9 511/291/9 510/309/9
f 539/279/9 538/306/9 521/307/9 519/280/9
f 524/432/14 529/433/60 536/434/60 538/435/14
f 541/432/17 545/436/67 531/437/67 532/435/17
f 500/438/23 504/439/73 544/440/73 546/441/23
f 488/442/65 492/443/19 548/444/19 550/445/65
f 533/446/16 537/433/66 534/434/66 535/447/16
f 504/439/73 508/443/24 543/444/24 544/440/73
f 549/448/18 488/442/65 550/445/65 530/449/18
f 516/448/13 520/436/78 539/437/78 540/449/13
f 492/443/19 496/439/72 547/440/72 548/444/19
f 529/433/60 533/446/16 535/447/16 536/434/60
f 537/433/66 541/432/17 532/435/17 534/434/66
f 545/436/67 549/448/18 530/449/18 531/437/67
f 520/436/78 524/432/14 538/435/14 539/437/78
f 496/439/72 500/438/23 546/441/23 547/440/72
f 508/443/24 512/442/61 542/445/61 543/444/24
f 512/442/61 516/448/13 540/449/13 542/445/61
f 585/450/14 586/451/60 558/452/60 559/453/14
f 581/454/61 582/455/13 562/456/13 563/457/61
f 573/454/65 574/458/19 570/459/19 571/457/65
f 587/460/16 589/451/66 555/452/66 557/461/16
f 591/462/67 592/463/18 551/464/18 553/465/67
f 575/466/72 577/467/23 567/468/23 569/469/72
f 578/466/73 579/458/24 565/459/24 566/469/73
f 592/463/18 573/454/65 571/457/65 551/464/18
f 589/451/66 590/450/17 554/453/17 555/452/66
f 577/467/23 578/466/73 566/469/73 567/468/23
f 579/458/24 581/454/61 563/457/61 565/459/24
f 574/458/19 575/466/72 569/469/72 570/459/19
f 583/462/78 585/450/14 559/453/14 561/465/78
f 586/451/60 587/460/16 557/461/16 558/452/60
f 582/455/13 583/462/78 561/465/78 562/456/13
f 590/450/17 591/462/67 553/465/67 554/453/17
f 604/278/9 603/279/9 583/280/9 582/281/9
f 610/282/9 608/283/9 578/284/9 577/285/9
f 596/286/9 595/287/9 591/288/9 590/289/9
f 611/290/9 610/282/9 577/285/9 575/291/9
f 607/292/9 606/293/9 581/294/9 579/295/9
f 599/296/9 598/297/9 589/298/9 587/299/9
f 600/300/9 599/296/9 587/299/9 586/301/9
f 598/297/9 596/286/9 590/289/9 589/298/9
f 606/293/9 604/278/9 582/281/9 581/294/9
f 595/287/9 594/302/9 592/303/9 591/288/9
f 594/302/9 614/304/9 573/305/9 592/303/9
f 608/283/9 607/292/9 579/295/9 578/284/9
f 602/306/9 600/300/9 586/301/9 585/307/9
f 614/304/9 612/308/9 574/309/9 573/305/9
f 612/308/9 611/290/9 575/291/9 574/309/9
f 603/279/9 602/306/9 585/307/9 583/280/9
f 588/470/14 593/471/60 600/472/60 602/473/14
f 605/470/17 609/474/67 595/475/67 596/473/17
f 564/476/23 568/477/73 608/478/73 610/479/23
f 552/480/65 556/481/19 612/482/19 614/483/65
f 597/484/16 601/471/66 598/472/66 599/485/16
f 568/477/73 572/481/24 607/482/24 608/478/73
f 613/486/18 552/480/65 614/483/65 594/487/18
f 580/488/13 584/489/78 603/475/78 604/487/13
f 556/481/19 560/477/72 611/478/72 612/482/19
f 593/471/60 597/484/16 599/485/16 600/472/60
f 601/471/66 605/470/17 596/473/17 598/472/66
f 609/474/67 613/486/18 594/487/18 595/475/67
f 584/489/78 588/470/14 602/473/14 603/475/78
f 560/477/72 564/476/23 610/479/23 611/478/72
f 572/481/24 576/490/61 606/483/61 607/482/24
f 576/490/61 580/488/13 604/487/13 606/483/61
f 649/491/14 650/492/60 622/493/60 623/494/14
f 645/495/61 646/496/13 626/497/13 627/498/61
f 637/495/65 638/499/19 634/500/19 635/498/65
f 651/501/16 653/492/66 619/493/66 621/502/16
f 655/503/67 656/504/18 615/505/18 617/506/67
f 639/507/72 641/508/23 631/509/23 633/510/72
f 642/507/73 643/499/24 629/500/24 630/510/73
f 656/504/18 637/495/65 635/498/65 615/505/18
f 653/492/66 654/491/17 618/494/17 619/493/66
f 641/508/23 642/507/73 630/510/73 631/509/23
f 643/499/24 645/495/61 627/498/61 629/500/24
f 638/499/19 639/507/72 633/510/72 634/500/19
f 647/503/78 649/491/14 623/494/14 625/506/78
f 650/492/60 651/501/16 621/502/16 622/493/60
f 646/496/13 647/503/78 625/506/78 626/497/13
f 654/491/17 655/503/67 617/506/67 618/494/17
f 668/278/9 667/279/9 647/280/9 646/281/9
f 674/282/9 672/283/9 642/284/9 641/285/9
f 660/286/9 659/287/9 655/288/9 654/289/9
f 675/290/9 674/282/9 641/285/9 639/291/9
f 671/292/9 670/293/9 645/294/9 643/295/9
f 663/296/9 662/297/9 653/298/9 651/299/9
f 664/300/9 663/296/9 651/299/9 650/301/9
f 662/297/9 660/286/9 654/289/9 653/298/9
f 670/293/9 668/278/9 646/281/9 645/294/9
f 659/287/9 658/302/9 656/303/9 655/288/9
f 658/302/9 678/304/9 637/305/9 656/303/9
f 672/283/9 671/292/9 643/295/9 642/284/9
f 666/306/9 664/300/9 650/301/9 649/307/9
f 678/304/9 676/308/9 638/309/9 637/305/9
f 676/308/9 675/290/9 639/291/9 638/309/9
f 667/279/9 666/306/9 649/307/9 647/280/9
f 652/511/14 657/512/60 664/513/60 666/514/14
f 669/511/17 673/515/67 659/516/67 660/514/17
f 628/517/23 632/518/73 672/519/73 674/520/23
f 616/521/65 620/522/19 676/523/19 678/524/65
f 661/525/16 665/512/66 662/513/66 663/526/16
f 632/518/73 636/522/24 671/523/24 672/519/73
f 677/527/18 616/521/65 678/524/65 658/528/18
f 644/529/13 648/530/78 667/516/78 668/528/13
f 620/522/19 624/518/72 675/519/72 676/523/19
f 657/512/60 661/525/16 663/526/16 664/513/60
f 665/512/66 669/511/17 660/514/17 662/513/66
f 673/515/67 677/527/18 658/528/18 659/516/67
f 648/530/78 652/511/14 666/514/14 667/516/78
f 624/518/72 628/517/23 674/520/23 675/519/72
f 636/522/24 640/531/61 670/524/61 671/523/24
f 640/531/61 644/529/13 668/528/13 670/524/61
f 624/518/115 620/522/116 696/532/116 697/533/115
f 620/522/116 616/521/117 695/534/117 696/532/116
f 648/530/118 644/529/119 702/535/119 703/536/118
f 673/515/120 669/511/121 708/537/121 709/536/120
f 640/531/122 636/522/123 700/532/123 701/534/122
f 669/511/121 665/512/124 707/538/124 708/537/121
f 665/512/124 661/525/125 706/539/125 707/538/124
f 661/525/125 657/512/126 705/538/126 706/539/125
f 657/512/126 652/511/127 704/537/127 705/538/126
f 644/529/119 640/531/122 701/534/122 702/535/119
f 677/527/128 673/515/120 709/536/120 710/540/128
f 632/518/129 628/517/130 698/541/130 699/542/129
f 652/511/127 648/530/118 703/536/118 704/537/127
f 636/522/123 632/518/129 699/542/129 700/532/123
f 616/521/117 677/527/128 710/540/128 695/534/117
f 628/517/130 624/518/115 697/533/115 698/541/130
f 694/543/131 693/544/132 725/545/133 726/546/134
f 679/547/135 680/548/136 696/532/137 695/534/138
f 680/548/136 681/549/139 697/533/140 696/532/137
f 681/549/139 682/550/141 698/541/142 697/533/140
f 682/550/141 683/549/143 699/542/144 698/541/142
f 683/549/143 684/548/145 700/532/146 699/542/144
f 684/548/145 685/547/147 701/534/148 700/532/146
f 685/547/147 686/551/149 702/535/150 701/534/148
f 686/551/149 687/552/151 703/536/152 702/535/150
f 687/552/151 688/553/153 704/537/154 703/536/152
f 688/553/153 689/554/155 705/538/156 704/537/154
f 689/554/155 690/555/157 706/539/158 705/538/156
f 690/555/157 691/554/159 707/538/160 706/539/158
f 691/554/159 692/553/161 708/537/162 707/538/160
f 692/553/161 693/552/132 709/536/163 708/537/162
f 693/552/132 694/551/131 710/540/164 709/536/163
f 694/551/131 679/547/135 695/534/138 710/540/164
f 711/556/9 726/546/9 725/545/9 724/557/9 723/558/9 722/559/9 721/560/9 720/561/9 719/562/9 718/563/9 717/564/9 716/565/9 715/566/9 714/567/9 713/568/9 712/569/9
f 687/570/151 686/571/149 718/563/165 719/562/166
f 680/572/136 679/573/135 711/556/167 712/569/168
f 679/573/135 694/543/131 726/546/134 711/556/167
f 688/574/153 687/570/151 719/562/166 720/561/169
f 681/575/139 680/572/136 712/569/168 713/568/170
f 689/576/155 688/574/153 720/561/169 721/560/171
f 682/577/141 681/575/139 713/568/170 714/567/172
f 690/578/157 689/576/155 721/560/171 722/559/173
f 683/579/143 682/577/141 714/567/172 715/566/174
f 691/580/159 690/578/157 722/559/173 723/558/175
f 684/581/145 683/579/143 715/566/174 716/565/176
f 692/582/161 691/580/159 723/558/175 724/557/177
f 685/583/147 684/581/145 716/565/176 717/564/178
f 693/544/132 692/582/161 724/557/177 725/545/133
f 686/571/149 685/583/147 717/564/178 718/563/165
f 279/584/9 294/585/9 293/586/9 292/587/9 291/588/9 290/589/9 289/588/9 288/587/9 287/586/9 286/585/9 285/584/9 284/590/9 283/591/9 282/592/9 281/591/9 280/590/9
f 296/320/9 357/326/9 353/314/9 349/310/9 345/311/9 341/324/9 337/311/9 332/310/9 328/314/9 324/326/9 320/320/9 316/321/9 312/317/9 308/316/9 304/317/9 300/321/9
f 298/289/30 297/288/30 295/303/30 315/305/30 314/309/30 313/291/30 311/285/30 310/284/30 309/295/30 307/294/30 306/281/30 305/280/30 303/307/30 302/301/30 301/299/30 299/298/30
f 360/362/9 421/368/9 417/356/9 413/352/9 409/353/9 405/366/9 401/353/9 396/352/9 392/356/9 388/368/9 384/362/9 380/363/9 376/359/9 372/358/9 368/359/9 364/363/9
f 362/289/30 361/288/30 359/303/30 379/305/30 378/309/30 377/291/30 375/285/30 374/284/30 373/295/30 371/294/30 370/281/30 369/280/30 367/307/30 366/301/30 365/299/30 363/298/30
f 424/404/9 485/410/9 481/398/9 477/394/9 473/395/9 469/408/9 465/395/9 460/394/9 456/398/9 452/410/9 448/404/9 444/405/9 440/401/9 436/400/9 432/401/9 428/405/9
f 426/289/30 425/288/30 423/303/30 443/305/30 442/309/30 441/291/30 439/285/30 438/284/30 437/295/30 435/294/30 434/281/30 433/280/30 431/307/30 430/301/30 429/299/30 427/298/30
f 488/442/9 549/448/9 545/436/9 541/432/9 537/433/9 533/446/9 529/433/9 524/432/9 520/436/9 516/448/9 512/442/9 508/443/9 504/439/9 500/438/9 496/439/9 492/443/9
f 490/289/30 489/288/30 487/303/30 507/305/30 506/309/30 505/291/30 503/285/30 502/284/30 501/295/30 499/294/30 498/281/30 497/280/30 495/307/30 494/301/30 493/299/30 491/298/30
f 552/480/9 613/486/9 609/474/9 605/470/9 601/471/9 597/484/9 593/471/9 588/470/9 584/489/9 580/488/9 576/490/9 572/481/9 568/477/9 564/476/9 560/477/9 556/481/9
f 554/289/30 553/288/30 551/303/30 571/305/30 570/309/30 569/291/30 567/285/30 566/284/30 565/295/30 563/294/30 562/281/30 561/280/30 559/307/30 558/301/30 557/299/30 555/298/30
f 618/289/30 617/288/30 615/303/30 635/305/30 634/309/30 633/291/30 631/285/30 630/284/30 629/295/30 627/294/30 626/281/30 625/280/30 623/307/30 622/301/30 621/299/30 619/298/30
f 727/593/179 739/594/180 740/595/181 728/596/182
f 728/596/182 740/595/181 741/597/183 729/598/184
f 729/598/184 741/597/183 742/599/185 730/600/186
f 730/600/186 742/599/185 743/601/187 731/602/188
f 731/602/188 743/601/187 744/603/189 732/604/190
f 732/604/190 744/603/189 745/605/191 733/606/192
f 733/606/192 745/605/191 746/603/193 734/604/194
f 734/604/194 746/603/193 747/601/195 735/602/196
f 735/602/196 747/601/195 748/599/197 736/600/198
f 736/600/198 748/599/197 749/597/199 737/598/200
f 737/598/200 749/597/199 750/595/201 738/596/202
f 738/596/202 750/595/201 739/594/180 727/593/179
f 739/594/180 751/607/203 752/608/204 740/595/181
f 740/595/181 752/608/204 753/609/205 741/597/183
f 741/597/183 753/609/205 754/610/206 742/599/185
f 742/599/185 754/610/206 755/611/207 743/601/187
f 743/601/187 755/611/207 756/612/208 744/603/189
f 744/603/189 756/612/208 757/613/209 745/605/191
f 745/605/191 757/613/209 758/614/210 746/603/193
f 746/603/193 758/614/210 759/611/211 747/601/195
f 747/601/195 759/611/211 760/610/212 748/599/197
f 748/599/197 760/610/212 761/609/213 749/597/199
f 749/597/199 761/609/213 762/608/214 750/595/201
f 750/595/201 762/608/214 751/607/203 739/594/180
f 751/607/203 763/615/215 764/616/216 752/608/204
f 752/608/204 764/616/216 765/617/217 753/609/205
f 753/609/205 765/617/217 766/618/218 754/610/206
f 754/610/206 766/618/218 767/619/219 755/611/207
f 755/611/207 767/619/219 768/620/220 756/612/208
f 756/612/208 768/620/220 769/621/221 757/613/209
f 757/613/209 769/621/221 770/620/222 758/614/210
f 758/614/210 770/620/222 771/619/223 759/611/211
f 759/611/211 771/619/223 772/622/224 760/610/212
f 760/610/212 772/622/224 773/617/225 761/609/213
f 761/609/213 773/617/225 774/616/226 762/608/214
f 762/608/214 774/616/226 763/615/215 751/607/203
f 763/615/215 775/623/227 776/624/228 764/616/216
f 764/616/216 776/624/228 777/625/229 765/617/217
f 765/617/217 777/625/229 778/626/230 766/618/218
f 766/618/218 778/626/230 779/627/231 767/619/219
f 767/619/219 779/627/231 780/628/232 768/620/220
f 768/620/220 780/628/232 781/629/233 769/621/221
f 769/621/221 781/629/233 782/628/234 770/620/222
f 770/620/222 782/628/234 783/627/235 771/619/223
f 771/619/223 783/627/235 784/626/236 772/622/224
f 772/622/224 784/626/236 785/625/237 773/617/225
f 773/617/225 785/625/237 786/624/238 774/616/226
f 774/616/226 786/624/238 775/623/227 763/615/215
f 775/623/227 787/630/239 788/631/240 776/624/228
f 776/624/228 788/631/240 789/632/241 777/625/229
f 777/625/229 789/632/241 790/633/242 778/626/230
f 778/626/230 790/633/242 791/634/243 779/627/231
f 779/627/231 791/634/243 792/635/244 780/628/232
f 780/628/232 792/635/244 793/636/245 781/629/233
f 781/629/233 793/636/245 794/637/246 782/628/234
f 782/628/234 794/637/246 795/638/247 783/627/235
f 783/627/235 795/638/247 796/639/248 784/626/236
f 784/626/236 796/639/248 797/632/249 785/625/237
f 785/625/237 797/632/249 798/631/250 786/624/238
f 786/624/238 798/631/250 787/630/239 775/623/227
f 787/630/239 799/640/251 800/641/252 788/631/240
f 788/631/240 800/641/252 801/642/253 789/632/241
f 789/632/241 801/642/253 802/643/254 790/633/242
f 790/633/242 802/643/254 803/644/255 791/634/243
f 791/634/243 803/644/255 804/645/256 792/635/244
f 792/635/244 804/645/256 805/646/257 793/636/245
f 793/636/245 805/646/257 806/647/258 794/637/246
f 794/637/246 806/647/258 807/644/259 795/638/247
f 795/638/247 807/644/259 808/648/260 796/639/248
f 796/639/248 808/648/260 809/649/261 797/632/249
f 797/632/249 809/649/261 810/641/262 798/631/250
f 798/631/250 810/641/262 799/640/251 787/630/239
f 799/640/251 811/650/263 812/651/264 800/641/252
f 800/641/252 812/651/264 813/652/265 801/642/253
f 801/642/253 813/652/265 814/653/266 802/643/254
f 802/643/254 814/653/266 815/654/267 803/644/255
f 803/644/255 815/654/267 816/655/268 804/645/256
f 804/645/256 816/655/268 817/656/269 805/646/257
f 805/646/257 817/656/269 818/655/270 806/647/258
f 806/647/258 818/655/270 819/654/271 807/644/259
f 807/644/259 819/654/271 820/653/272 808/648/260
f 808/648/260 820/653/272 821/652/273 809/649/261
f 809/649/261 821/652/273 822/651/274 810/641/262
f 810/641/262 822/651/274 811/650/263 799/640/251
f 811/650/263 846/657/275 845/658/276 812/651/264
f 812/651/264 845/658/276 841/659/277 813/652/265
f 813/652/265 841/659/277 839/660/278 814/653/266
f 814/653/266 839/660/278 838/661/279 815/654/267
f 815/654/267 838/661/279 837/662/280 816/655/268
f 816/655/268 837/662/280 836/663/281 817/656/269
f 817/656/269 836/663/281 835/662/282 818/655/270
f 818/655/270 835/662/282 844/664/283 819/654/271
f 819/654/271 844/664/283 843/660/284 820/653/272
f 820/653/272 843/660/284 840/659/285 821/652/273
f 821/652/273 840/659/285 842/658/286 822/651/274
f 822/651/274 842/658/286 846/657/275 811/650/263
f 843/660/284 844/664/283 825/665/287 826/666/13
f 842/658/286 840/659/285 829/667/288 827/668/289
f 838/661/279 839/660/278 830/669/18 831/665/290
f 836/663/281 837/662/280 832/670/291 833/671/9
f 841/659/277 845/658/276 824/668/292 828/667/293
f 844/664/283 835/662/282 834/670/294 825/665/287
f 845/658/276 846/657/275 823/672/30 824/668/292
f 839/660/278 841/659/277 828/667/293 830/669/18
f 846/657/275 842/658/286 827/668/289 823/672/30
f 837/662/280 838/661/279 831/665/290 832/670/291
f 835/662/282 836/663/281 833/671/9 834/670/294
f 840/659/285 843/660/284 826/666/13 829/667/288
f 737/598/200 738/596/202 858/673/295 857/674/296
f 732/604/190 733/606/192 853/675/16 852/676/297
f 727/593/179 728/596/182 848/673/298 847/677/23
f 731/602/188 732/604/190 852/676/297 851/678/299
f 735/602/196 736/600/198 856/679/13 855/678/300
f 728/596/182 729/598/184 849/680/301 848/673/298
f 730/600/186 731/602/188 851/678/299 850/679/18
f 738/596/202 727/593/179 847/677/23 858/673/295
f 736/600/198 737/598/200 857/674/296 856/679/13
f 733/606/192 734/604/194 854/676/302 853/675/16
f 729/598/184 730/600/186 850/679/18 849/680/301
f 734/604/194 735/602/196 855/678/300 854/676/302
usemtl base_material.008
f 859/681/303 871/682/191 872/683/304 860/684/305
f 860/684/305 872/683/304 873/685/306 861/686/307
f 861/686/307 873/685/306 874/687/308 862/688/309
f 862/688/309 874/687/308 875/689/310 863/690/311
f 863/690/311 875/689/310 876/691/312 864/692/313
f 864/692/313 876/691/312 877/693/180 865/694/314
f 865/694/314 877/693/180 878/695/315 866/692/316
f 866/692/316 878/695/315 879/689/317 867/690/318
f 867/690/318 879/689/317 880/687/319 868/688/320
f 868/688/320 880/687/319 881/685/321 869/686/322
f 869/686/322 881/685/321 882/683/323 870/684/324
f 870/684/324 882/683/323 871/682/191 859/681/303
f 871/682/191 883/696/209 884/697/325 872/683/304
f 872/683/304 884/697/325 885/698/326 873/685/306
f 873/685/306 885/698/326 886/699/327 874/687/308
f 874/687/308 886/699/327 887/700/328 875/689/310
f 875/689/310 887/700/328 888/701/329 876/691/312
f 876/691/312 888/701/329 889/702/203 877/693/180
f 877/693/180 889/702/203 890/703/330 878/695/315
f 878/695/315 890/703/330 891/700/331 879/689/317
f 879/689/317 891/700/331 892/699/332 880/687/319
f 880/687/319 892/699/332 893/698/333 881/685/321
f 881/685/321 893/698/333 894/697/334 882/683/323
f 882/683/323 894/697/334 883/696/209 871/682/191
f 883/696/209 895/704/221 896/705/335 884/697/325
f 884/697/325 896/705/335 897/706/336 885/698/326
f 885/698/326 897/706/336 898/707/337 886/699/327
f 886/699/327 898/707/337 899/708/338 887/700/328
f 887/700/328 899/708/338 900/709/339 888/701/329
f 888/701/329 900/709/339 901/710/215 889/702/203
f 889/702/203 901/710/215 902/709/340 890/703/330
f 890/703/330 902/709/340 903/708/341 891/700/331
f 891/700/331 903/708/341 904/707/342 892/699/332
f 892/699/332 904/707/342 905/711/343 893/698/333
f 893/698/333 905/711/343 906/705/344 894/697/334
f 894/697/334 906/705/344 895/704/221 883/696/209
f 895/704/221 907/712/233 908/713/345 896/705/335
f 896/705/335 908/713/345 909/714/346 897/706/336
f 897/706/336 909/714/346 910/715/347 898/707/337
f 898/707/337 910/715/347 911/716/348 899/708/338
f 899/708/338 911/716/348 912/717/349 900/709/339
f 900/709/339 912/717/349 913/718/227 901/710/215
f 901/710/215 913/718/227 914/717/350 902/709/340
f 902/709/340 914/717/350 915/719/351 903/708/341
f 903/708/341 915/719/351 916/715/352 904/707/342
f 904/707/342 916/715/352 917/714/353 905/711/343
f 905/711/343 917/714/353 918/713/354 906/705/344
f 906/705/344 918/713/354 907/712/233 895/704/221
f 907/712/233 919/720/245 920/721/355 908/713/345
f 908/713/345 920/721/355 921/722/356 909/714/346
f 909/714/346 921/722/356 922/723/357 910/715/347
f 910/715/347 922/723/357 923/724/358 911/716/348
f 911/716/348 923/724/358 924/725/359 912/717/349
f 912/717/349 924/725/359 925/726/239 913/718/227
f 913/718/227 925/726/239 926/725/360 914/717/350
f 914/717/350 926/725/360 927/724/361 915/719/351
f 915/719/351 927/724/361 928/723/362 916/715/352
f 916/715/352 928/723/362 929/722/363 917/714/353
f 917/714/353 929/722/363 930/721/364 918/713/354
f 918/713/354 930/721/364 919/720/245 907/712/233
f 919/720/245 931/727/257 932/728/365 920/721/355
f 920/721/355 932/728/365 933/729/366 921/722/356
f 921/722/356 933/729/366 934/730/367 922/723/357
f 922/723/357 934/730/367 935/731/368 923/724/358
f 923/724/358 935/731/368 936/732/369 924/725/359
f 924/725/359 936/732/369 937/733/251 925/726/239
f 925/726/239 937/733/251 938/732/370 926/725/360
f 926/725/360 938/732/370 939/734/371 927/724/361
f 927/724/361 939/734/371 940/730/372 928/723/362
f 928/723/362 940/730/372 941/729/373 929/722/363
f 929/722/363 941/729/373 942/728/374 930/721/364
f 930/721/364 942/728/374 931/727/257 919/720/245
f 931/727/257 943/735/269 944/736/375 932/728/365
f 932/728/365 944/736/375 945/737/376 933/729/366
f 933/729/366 945/737/376 946/738/377 934/730/367
f 934/730/367 946/738/377 947/739/378 935/731/368
f 935/731/368 947/739/378 948/740/379 936/732/369
f 936/732/369 948/740/379 949/741/263 937/733/251
f 937/733/251 949/741/263 950/740/380 938/732/370
f 938/732/370 950/740/380 951/739/381 939/734/371
f 939/734/371 951/739/381 952/738/382 940/730/372
f 940/730/372 952/738/382 953/737/383 941/729/373
f 941/729/373 953/737/383 954/736/384 942/728/374
f 942/728/374 954/736/384 943/735/269 931/727/257
f 943/735/269 978/742/385 977/743/386 944/736/375
f 944/736/375 977/743/386 973/744/387 945/737/376
f 945/737/376 973/744/387 971/745/388 946/738/377
f 946/738/377 971/745/388 970/746/389 947/739/378
f 947/739/378 970/746/389 969/747/390 948/740/379
f 948/740/379 969/747/390 968/748/391 949/741/263
f 949/741/263 968/748/391 967/747/392 950/740/380
f 950/740/380 967/747/392 976/746/393 951/739/381
f 951/739/381 976/746/393 975/745/394 952/738/382
f 952/738/382 975/745/394 972/744/395 953/737/383
f 953/737/383 972/744/395 974/743/396 954/736/384
f 954/736/384 974/743/396 978/742/385 943/735/269
f 975/745/394 976/746/393 957/749/288 958/750/13
f 974/743/396 972/744/395 961/751/287 959/752/294
f 970/746/389 971/745/388 962/750/18 963/749/293
f 968/748/391 969/747/390 964/753/292 965/754/30
f 973/744/387 977/743/386 956/752/291 960/751/290
f 976/746/393 967/747/392 966/753/289 957/749/288
f 977/743/386 978/742/385 955/755/9 956/752/291
f 971/745/388 973/744/387 960/751/290 962/750/18
f 978/742/385 974/743/396 959/752/294 955/755/9
f 969/747/390 970/746/389 963/749/293 964/753/292
f 967/747/392 968/748/391 965/754/30 966/753/289
f 972/744/395 975/745/394 958/750/13 961/751/287
f 869/686/322 870/684/324 990/756/302 989/757/300
f 864/692/313 865/694/314 985/758/23 984/759/298
f 859/681/303 860/684/305 980/760/297 979/761/16
f 863/690/311 864/692/313 984/759/298 983/762/301
f 867/690/318 868/688/320 988/763/13 987/762/296
f 860/684/305 861/686/307 981/764/299 980/760/297
f 862/688/309 863/690/311 983/762/301 982/765/18
f 870/684/324 859/681/303 979/761/16 990/756/302
f 868/688/320 869/686/322 989/757/300 988/763/13
f 865/694/314 866/692/316 986/759/295 985/758/23
f 861/686/307 862/688/309 982/765/18 981/764/299
f 866/692/316 867/690/318 987/762/296 986/759/295
o biomass_logo
v -6.970660 -2.027138 1.111666
v -5.786833 -2.027138 0.934575
v -6.562855 -2.027138 2.121756
v -5.113512 -2.027138 2.541205
v -6.771319 -2.027138 0.814628
v -5.966972 -2.027138 2.398414
v -6.919833 -2.027138 1.616438
v -5.220605 -2.027138 1.741380
v -5.735849 -2.027138 1.839968
v -6.267793 -2.027138 2.288875
v -6.902855 -2.027138 0.921876
v -6.160508 -2.027138 1.607407
v -6.255960 -2.027138 0.747699
v -5.567857 -2.027138 2.489588
v -5.580029 -2.027138 1.745951
v -6.989957 -2.027138 1.324714
v -5.418653 -2.027138 1.277624
v -6.443195 -2.027138 1.253885
v -6.562206 -2.027138 1.294515
v -5.879228 -2.027138 1.285762
v -5.139335 -2.027138 2.159796
v -5.945453 -2.027138 2.085865
v -6.786653 -2.027138 1.869460
v -6.344046 -2.027138 1.980962
v -5.564814 -2.027138 2.119830
v -5.774997 -2.027138 2.442269
v -5.660899 -2.027138 1.794746
v -6.587990 -2.027138 0.632534
v -6.113006 -2.027138 1.265851
v -5.762364 -2.027138 2.102202
v -6.989957 -2.310424 1.324714
v -6.970660 -2.310424 1.111666
v -6.255960 -2.310424 0.747699
v -5.786833 -2.310424 0.934575
v -5.139335 -2.310424 2.159796
v -5.113512 -2.310424 2.541205
v -6.267793 -2.310424 2.288875
v -6.562855 -2.310424 2.121756
v -5.774997 -2.310424 2.442269
v -5.966972 -2.310424 2.398414
v -5.945453 -2.310424 2.085865
v -6.786653 -2.310424 1.869460
v -6.919833 -2.310424 1.616438
v -5.418653 -2.310424 1.277624
v -5.220605 -2.310424 1.741380
v -6.443195 -2.310424 1.253885
v -5.735849 -2.310424 1.839968
v -6.160508 -2.310424 1.607407
v -5.660899 -2.310424 1.794746
v -6.902855 -2.310424 0.921876
v -6.562206 -2.310424 1.294515
v -6.344046 -2.310424 1.980962
v -6.587990 -2.310424 0.632534
v -5.567857 -2.310424 2.489588
v -5.580029 -2.310424 1.745951
v -5.879227 -2.310424 1.285762
v -5.564814 -2.310424 2.119830
v -6.771319 -2.310424 0.814628
v -6.113005 -2.310424 1.265851
v -5.762364 -2.310424 2.102202
v -5.322489 -2.027138 1.502805
v -6.119199 -2.027138 1.541707
v -5.733949 -2.027138 1.509211
v -5.893481 -2.027138 1.522661
v -5.322489 -2.310424 1.502805
v -6.119198 -2.310424 1.541707
v -5.733949 -2.310424 1.509211
v -5.893481 -2.310424 1.522661
v -5.595737 -2.027138 1.112628
v -6.620475 -2.027138 1.049103
v -6.060424 -2.027138 1.026970
v -6.341459 -2.027138 0.961245
v -5.595736 -2.310424 1.112628
v -6.620474 -2.310424 1.049103
v -6.060424 -2.310424 1.026970
v -6.341459 -2.310424 0.961245
v -6.980083 -2.027138 1.215703
v -6.746239 -2.027138 1.113576
v -6.980083 -2.310424 1.215703
v -6.746239 -2.310424 1.113576
vn -0.0000 1.0000 -0.0000
vn -0.0000 -1.0000 -0.0000
vn 0.7011 -0.0000 -0.7131
vn 0.9977 -0.0000 -0.0675
vn -0.1129 -0.0000 0.9936
vn -0.7047 -0.0000 -0.7095
vn -0.4928 -0.0000 0.8701
vn -0.3422 -0.0000 0.9396
vn -0.2227 -0.0000 0.9749
vn -0.9417 -0.0000 -0.3364
vn 0.4803 -0.0000 -0.8771
vn -0.8849 -0.0000 0.4658
vn -0.9723 -0.0000 0.2337
vn 0.6145 -0.0000 -0.7889
vn 0.9817 -0.0000 -0.1907
vn 0.9197 -0.0000 -0.3927
vn 0.6817 -0.0000 -0.7316
vn -0.9959 -0.0000 -0.0902
vn -0.6641 -0.0000 0.7476
vn -0.8410 -0.0000 0.5410
vn 0.3701 -0.0000 -0.9290
vn 0.3277 -0.0000 -0.9448
vn -0.7481 -0.0000 0.6636
vn -0.6141 -0.0000 0.7893
vn -0.7561 -0.0000 0.6545
vn 0.7744 -0.0000 -0.6327
vt 0.220562 0.222039
vt 0.220225 0.262290
vt 0.270534 0.267909
vt 0.267674 0.226389
vt 0.134279 0.206922
vt 0.142722 0.240441
vt 0.176032 0.252365
vt 0.178414 0.218341
vt 0.201834 0.155567
vt 0.218877 0.181339
vt 0.258675 0.180841
vt 0.247394 0.154870
vt 0.062758 0.135483
vt 0.070523 0.167240
vt 0.154602 0.166257
vt 0.114073 0.129371
vt 0.085270 0.194784
vt 0.110050 0.222248
vt 0.184169 0.157031
vt 0.209922 0.186650
vt 0.198687 0.220120
vt 0.197289 0.257139
vt 0.134565 0.095916
vt 0.159861 0.129075
vt 0.185747 0.131243
vt 0.165684 0.103071
vt 0.063851 0.123616
vt 0.092751 0.110060
vt 0.236746 0.130357
vt 0.217138 0.112396
vt 0.201623 0.191573
vt 0.120814 0.100502
vt 0.135871 0.127067
vt 0.167797 0.158388
vt 0.247394 0.154870
vt 0.258675 0.180841
vt 0.114073 0.129371
vt 0.154602 0.166257
vt 0.070523 0.167240
vt 0.184169 0.157031
vt 0.134565 0.095916
vt 0.165684 0.103071
vt 0.159861 0.129075
vt 0.063851 0.123616
vt 0.092751 0.110060
vt 0.217138 0.112396
vt 0.120814 0.100502
vt 0.135871 0.127067
vt 0.167797 0.158388
vt 0.104566 0.071835
vt 0.107267 0.060133
vt 0.064895 0.112291
vt 0.072403 0.091631
vt 0.072403 0.091631
vt 0.144032 0.072670
vt 0.195978 0.093013
s 0
usemtl base_material
f 1015/766/397 1004/767/397 994/768/397 1011/769/397
f 1014/770/397 1000/771/397 996/772/397 1012/773/397
f 1053/774/397 1005/775/397 998/776/397 1051/777/397
f 1006/778/397 997/779/397 1002/780/397 1009/781/397
f 1013/782/397 993/783/397 1000/771/397 1014/770/397
f 1054/784/397 1017/785/397 1005/775/397 1053/774/397
f 1020/786/397 1016/787/397 1004/767/397 1015/766/397
f 1062/788/397 1019/789/397 1010/790/397 1061/791/397
f 1067/792/397 1006/778/397 1009/781/397 1068/793/397
f 1061/791/397 1010/790/397 1007/794/397 1059/795/397
f 1017/785/397 1020/786/397 1015/766/397 1005/775/397
f 997/779/397 1013/782/397 1014/770/397 1002/780/397
f 1002/780/397 1014/770/397 1012/773/397 999/796/397
f 1005/775/397 1015/766/397 1011/769/397 998/776/397
f 999/796/397 1012/773/397 1020/786/397 1017/785/397
f 1060/797/397 1008/798/397 1019/789/397 1062/788/397
f 1012/773/397 996/772/397 1016/787/397 1020/786/397
f 1052/799/397 999/796/397 1017/785/397 1054/784/397
f 1047/766/398 1025/769/398 1026/768/398 1044/767/398
f 1042/770/398 1031/773/398 1030/772/398 1027/771/398
f 1057/774/398 1055/800/398 1035/801/398 1045/775/398
f 1021/778/398 1041/802/398 1038/803/398 1033/804/398
f 1032/782/398 1042/770/398 1027/771/398 1028/783/398
f 1058/805/398 1057/774/398 1045/775/398 1039/785/398
f 1050/786/398 1047/766/398 1044/767/398 1029/787/398
f 1066/806/398 1065/807/398 1046/790/398 1049/808/398
f 1069/809/398 1070/810/398 1041/802/398 1021/778/398
f 1065/807/398 1063/811/398 1034/794/398 1046/790/398
f 1039/785/398 1045/775/398 1047/766/398 1050/786/398
f 1033/804/398 1038/803/398 1042/770/398 1032/782/398
f 1038/803/398 1037/796/398 1031/773/398 1042/770/398
f 1045/775/398 1035/801/398 1025/769/398 1047/766/398
f 1037/796/398 1039/785/398 1050/786/398 1031/773/398
f 1064/812/398 1066/806/398 1049/808/398 1036/813/398
f 1031/773/398 1050/786/398 1029/787/398 1030/772/398
f 1056/814/398 1058/805/398 1039/785/398 1037/796/398
f 1068/793/399 1009/781/399 1041/802/399 1070/810/399
f 1011/769/400 994/768/400 1026/768/400 1025/769/400
f 994/768/401 1004/767/401 1044/767/401 1026/768/401
f 995/815/402 1018/816/402 1043/816/402 1048/815/402
f 1000/771/403 993/783/403 1028/783/403 1027/771/403
f 996/772/404 1000/771/404 1027/771/404 1030/772/404
f 1016/787/405 996/772/405 1030/772/405 1029/787/405
f 991/817/406 1001/818/406 1040/819/406 1022/817/406
f 1002/780/407 999/796/407 1037/796/407 1038/803/407
f 1013/782/408 997/779/408 1033/804/408 1032/782/408
f 997/779/409 1006/778/409 1021/778/409 1033/804/409
f 1009/781/410 1002/780/410 1038/803/410 1041/802/410
f 998/776/411 1011/769/411 1025/769/411 1035/801/411
f 1051/777/412 998/776/412 1035/801/412 1055/800/412
f 1059/795/413 1007/794/413 1034/794/413 1063/811/413
f 1067/792/414 991/817/414 1022/817/414 1069/809/414
f 1052/799/415 1008/798/415 1036/813/415 1056/814/415
f 1060/797/416 995/815/416 1048/815/416 1064/812/416
f 1004/767/405 1016/787/405 1029/787/405 1044/767/405
f 1003/820/417 992/821/417 1024/821/417 1023/820/417
f 1018/816/418 1003/820/418 1023/820/418 1043/816/418
f 993/783/419 1013/782/419 1032/782/419 1028/783/419
f 999/796/420 1052/799/420 1056/814/420 1037/796/420
f 1007/794/412 1051/777/412 1055/800/412 1034/794/412
f 1036/813/398 1049/808/398 1058/805/398 1056/814/398
f 1049/808/398 1046/790/398 1057/774/398 1058/805/398
f 1046/790/398 1034/794/398 1055/800/398 1057/774/398
f 1008/798/397 1052/799/397 1054/784/397 1019/789/397
f 1019/789/397 1054/784/397 1053/774/397 1010/790/397
f 1010/790/397 1053/774/397 1051/777/397 1007/794/397
f 1008/798/421 1060/797/421 1064/812/421 1036/813/421
f 992/821/413 1059/795/413 1063/811/413 1024/821/413
f 1048/815/398 1043/816/398 1066/806/398 1064/812/398
f 1023/820/398 1024/821/398 1063/811/398 1065/807/398
f 1043/816/398 1023/820/398 1065/807/398 1066/806/398
f 995/815/397 1060/797/397 1062/788/397 1018/816/397
f 1003/820/397 1061/791/397 1059/795/397 992/821/397
f 1018/816/397 1062/788/397 1061/791/397 1003/820/397
f 1006/778/414 1067/792/414 1069/809/414 1021/778/414
f 1001/818/422 1068/793/422 1070/810/422 1040/819/422
f 1022/817/398 1040/819/398 1070/810/398 1069/809/398
f 991/817/397 1067/792/397 1068/793/397 1001/818/397
